Date,Store,StoreType,Sales,Customers,Promo,Holiday,DayOfWeek,CompetitionDistance
2023-09-15,S03,A,153.89,8,0,0,4,785.8
2023-06-06,S02,A,253.16,10,0,0,1,790.2
2023-10-08,S06,A,121.96,5,0,0,6,1088.5
2024-09-01,S09,C,125.07,6,0,0,6,979.2
2023-10-23,S08,A,99.0,5,0,0,0,1024.6
2023-08-30,S04,C,330.25,18,1,0,2,700.9
2023-09-23,S05,B,354.72,20,1,0,5,766.0
2023-06-01,S02,A,317.63,18,0,0,3,736.5
2024-01-26,S06,A,122.78,7,0,0,4,498.6
2023-07-09,S08,A,194.27,13,1,0,6,476.1
2023-06-28,S07,A,102.21,5,0,0,2,457.9
2024-05-24,S05,B,229.01,16,0,0,4,1202.2
2024-04-04,S06,A,73.35,4,0,0,3,1329.5
2023-12-21,S01,C,331.13,14,0,0,3,873.7
2024-03-13,S04,C,235.41,15,0,0,2,1144.9
2024-10-27,S01,C,325.64,17,0,0,6,614.7
2023-09-04,S06,A,131.26,6,0,0,0,449.3
2024-11-21,S08,A,189.0,11,0,0,3,458.6
2023-11-12,S01,C,374.8,22,0,0,6,947.9
2023-01-14,S03,A,188.93,9,0,0,5,486.1
2023-08-09,S07,A,112.34,13,0,0,2,568.4
2024-11-13,S10,A,294.19,14,1,0,2,788.4
2023-03-29,S08,A,132.81,6,0,0,2,1139.0
2023-06-06,S07,A,90.91,6,0,0,1,1037.9
2024-06-23,S05,B,195.39,8,0,0,6,1292.0
2023-01-31,S09,C,99.04,5,0,0,1,1358.5
2023-06-04,S04,C,191.82,11,0,0,6,1127.6
2024-03-01,S04,C,268.38,10,0,0,4,919.3
2023-05-12,S06,A,110.2,4,0,0,4,1274.0
2023-04-29,S09,C,177.5,8,1,0,5,1287.5
2024-07-07,S08,A,133.54,6,0,0,6,894.3
2023-05-21,S08,A,146.19,5,0,0,6,1253.4
2024-12-05,S09,C,131.23,6,0,0,3,1254.3
2023-09-23,S02,A,443.73,14,0,0,5,583.1
2024-11-17,S01,C,311.78,18,0,0,6,957.1
2023-06-15,S03,A,166.69,8,1,0,3,941.3
2024-12-31,S03,A,171.1,7,0,0,1,1341.0
2024-04-08,S01,C,262.09,13,0,0,0,1211.8
2024-09-08,S03,A,183.13,9,0,0,6,396.6
2023-06-29,S01,C,212.04,14,0,0,3,627.3
2024-08-06,S10,A,194.75,9,0,0,1,1209.0
2023-08-07,S04,C,213.99,8,0,0,0,1174.5
2023-03-15,S04,C,275.89,14,0,0,2,1146.4
2023-10-30,S04,C,236.4,13,0,0,0,1217.4
2023-01-26,S02,A,260.56,7,0,0,3,1316.1
2024-06-30,S06,A,92.95,3,0,0,6,903.5
2023-12-26,S04,C,236.33,19,0,0,1,1022.5
2023-01-07,S02,A,339.03,14,0,0,5,1144.7
2023-07-12,S07,A,131.13,9,1,0,2,1008.8
2024-03-07,S01,C,245.76,9,0,0,3,784.2
2023-05-22,S01,C,305.52,18,0,0,0,528.7
2024-05-13,S10,A,159.81,6,0,0,0,1809.4
2024-07-14,S06,A,106.5,3,0,0,6,864.4
2023-07-28,S09,C,121.49,5,0,0,4,819.9
2024-06-21,S08,A,110.49,11,0,0,4,652.4
2023-05-10,S06,A,77.75,4,0,0,2,1160.9
2024-06-17,S02,A,260.73,11,0,0,0,892.1
2024-07-13,S02,A,501.57,24,1,0,5,558.9
2024-08-30,S03,A,128.52,6,0,0,4,692.1
2024-01-14,S06,A,116.62,5,0,0,6,1426.7
2023-05-18,S06,A,102.33,3,0,0,3,671.3
2024-10-04,S10,A,196.95,8,0,0,4,1266.8
2024-12-03,S10,A,265.69,31,0,0,1,919.0
2023-03-09,S07,A,100.29,4,0,0,3,1062.9
2024-01-20,S02,A,336.6,15,0,0,5,725.3
2023-02-27,S07,A,122.6,6,0,0,0,1110.2
2024-09-23,S06,A,90.8,4,0,0,0,1209.2
2023-06-15,S07,A,115.52,4,0,0,3,911.7
2024-01-21,S03,A,111.13,5,0,0,6,1126.8
2023-10-30,S06,A,91.27,6,0,0,0,1462.8
2024-03-26,S08,A,159.88,8,0,0,1,737.6
2023-10-03,S10,A,161.44,6,0,0,1,1234.4
2024-05-25,S08,A,197.77,8,0,0,5,1104.2
2024-02-29,S02,A,336.9,13,0,0,3,984.5
2023-06-03,S04,C,219.01,8,0,0,5,1393.1
2023-02-24,S05,B,253.1,13,0,0,4,806.9
2023-10-15,S05,B,363.62,14,1,0,6,914.9
2024-06-20,S01,C,206.17,9,0,0,3,936.9
2024-10-03,S02,A,299.87,11,0,0,3,1308.5
2024-10-04,S06,A,141.91,9,0,0,4,371.9
2024-06-11,S06,A,90.9,4,0,0,1,532.4
2023-08-04,S06,A,93.48,5,0,0,4,1242.7
2024-08-03,S07,A,137.0,6,0,0,5,429.7
2024-06-04,S07,A,81.05,3,0,0,1,1758.1
2023-08-16,S07,A,102.96,4,0,0,2,948.1
2023-11-06,S02,A,309.36,29,0,1,0,1310.0
2024-05-06,S09,C,124.97,5,0,0,0,1305.0
2023-08-18,S09,C,124.83,7,0,0,4,787.7
2024-05-02,S01,C,231.58,9,0,0,3,1662.4
2024-04-22,S02,A,327.29,16,0,0,0,930.7
2023-05-03,S02,A,349.3,25,0,0,2,1093.7
2023-04-03,S08,A,111.46,7,0,0,0,805.1
2024-01-30,S08,A,190.16,10,1,0,1,707.3
2024-11-18,S05,B,236.18,12,0,0,0,642.5
2023-01-04,S08,A,133.95,4,0,0,2,992.0
2023-12-05,S09,C,184.28,6,0,0,1,257.0
2023-01-24,S01,C,297.41,20,0,0,1,891.7
2024-04-01,S03,A,133.5,8,0,0,0,1272.3
2023-05-31,S10,A,179.13,10,0,0,2,1229.2
2024-08-25,S10,A,271.36,12,1,0,6,967.2
2023-01-11,S02,A,300.19,14,0,0,2,1183.1
2024-10-24,S01,C,283.12,11,0,0,3,1334.5
2023-10-23,S03,A,124.33,10,0,0,0,1062.4
2023-04-28,S07,A,102.74,3,0,0,4,450.5
2024-04-20,S07,A,136.66,7,1,0,5,1113.9
2023-09-15,S10,A,187.17,8,0,0,4,1156.0
2024-05-11,S01,C,409.32,16,1,0,5,1049.8
2023-04-11,S06,A,84.1,14,0,0,1,1311.5
2023-02-03,S03,A,127.59,7,0,0,4,1539.3
2024-10-05,S01,C,337.28,17,0,0,5,242.2
2024-07-28,S02,A,364.07,15,0,0,6,1082.2
2024-09-28,S09,C,157.5,14,0,0,5,804.6
2024-09-05,S10,A,243.44,13,0,0,3,1191.8
2023-11-27,S08,A,118.81,4,0,0,0,1068.1
2023-08-14,S03,A,128.7,4,0,0,0,1103.8
2024-12-19,S08,A,120.0,6,0,0,3,1451.9
2023-06-11,S07,A,121.21,17,0,0,6,831.4
2023-01-27,S04,C,264.74,12,0,0,4,501.7
2023-05-23,S07,A,141.0,4,1,0,1,979.6
2024-03-23,S02,A,334.05,13,0,0,5,1298.3
2023-01-18,S08,A,142.71,10,0,0,2,501.5
2024-08-22,S06,A,115.91,5,0,0,3,1339.9
2023-01-08,S10,A,196.59,8,0,0,6,1055.9
2023-03-16,S03,A,112.22,10,0,0,3,1425.9
2023-03-18,S04,C,300.13,12,0,0,5,1426.7
2023-06-19,S10,A,153.67,7,0,0,0,663.5
2023-10-06,S10,A,219.73,10,0,0,4,1114.9
2024-01-14,S01,C,277.77,15,0,0,6,976.5
2024-05-22,S05,B,194.6,9,0,0,2,801.5
2023-06-29,S04,C,199.91,11,0,0,3,832.9
2024-09-08,S01,C,353.66,18,0,0,6,1085.9
2024-04-26,S08,A,130.34,5,0,0,4,1045.0
2023-09-22,S02,A,279.32,12,0,0,4,1386.8
2024-03-29,S05,B,230.5,9,0,0,4,1545.0
2024-06-25,S01,C,224.15,8,0,0,1,656.7
2023-08-12,S04,C,318.12,16,0,0,5,752.8
2023-04-06,S08,A,97.27,5,0,0,3,1137.5
2024-01-15,S01,C,248.05,11,1,0,0,770.5
2023-05-13,S03,A,113.96,3,0,0,5,1093.3
2024-01-05,S03,A,116.79,8,0,0,4,834.1
2023-09-24,S04,C,297.23,14,0,0,6,1174.2
2023-04-15,S08,A,166.97,9,0,0,5,361.8
2024-02-19,S09,C,157.74,9,0,0,0,743.8
2024-03-14,S03,A,141.72,8,0,0,3,1104.9
2023-04-21,S04,C,199.49,8,0,0,4,999.9
2024-02-10,S01,C,317.16,12,0,0,5,337.7
2023-08-29,S03,A,151.29,11,0,0,1,1084.4
2023-12-01,S10,A,234.79,10,0,0,4,1062.9
2023-04-14,S09,C,162.75,8,1,0,4,1116.7
2023-05-14,S01,C,301.75,29,0,0,6,493.2
2023-04-09,S03,A,95.56,5,0,0,6,1025.6
2024-06-30,S10,A,198.42,8,0,0,6,1046.7
2024-02-07,S03,A,153.43,6,1,0,2,1104.0
2023-12-17,S10,A,307.66,15,0,0,6,716.0
2024-05-26,S10,A,199.1,12,0,0,6,894.5
2024-04-21,S08,A,186.58,14,0,0,6,773.0
2024-09-14,S06,A,109.19,6,0,0,5,1021.1
2024-01-18,S02,A,465.57,24,0,0,3,547.0
2024-08-12,S07,A,102.19,4,0,0,0,375.9
2024-09-01,S06,A,147.98,8,0,0,6,900.7
2023-12-24,S05,B,303.35,13,0,0,6,1007.9
2023-10-17,S08,A,139.84,7,0,0,1,1060.5
2024-03-28,S07,A,124.71,6,1,0,3,448.1
2024-12-03,S03,A,135.43,6,0,0,1,1536.8
2023-08-07,S02,A,300.46,16,0,0,0,946.8
2023-02-10,S09,C,160.08,7,1,0,4,944.4
2024-01-30,S05,B,172.42,13,0,0,1,1130.0
2023-12-12,S09,C,205.21,8,1,0,1,1043.0
2023-07-23,S07,A,99.04,3,0,0,6,1160.3
2024-06-06,S04,C,182.06,8,0,0,3,1458.2
2023-03-06,S03,A,134.53,5,0,0,0,240.9
2023-03-16,S09,C,119.96,7,0,0,3,1485.2
2024-11-10,S08,A,178.25,7,0,0,6,528.2
2024-06-15,S07,A,142.71,6,0,0,5,720.2
2024-03-27,S06,A,89.07,3,0,0,2,1337.2
2023-12-16,S05,B,344.92,15,0,0,5,598.7
2024-09-24,S07,A,123.38,5,0,0,1,749.1
2023-09-06,S07,A,93.07,5,0,0,2,815.0
2024-09-29,S09,C,121.89,6,0,0,6,707.0
2024-04-29,S09,C,93.86,4,0,0,0,1354.9
2023-11-16,S07,A,195.28,8,1,0,3,382.3
2024-05-20,S06,A,92.57,5,0,0,0,769.8
2023-07-09,S04,C,218.45,11,0,0,6,850.4
2023-09-16,S06,A,137.18,4,1,0,5,1037.7
2024-02-06,S04,C,254.51,13,0,0,1,678.9
2023-04-10,S07,A,139.4,5,0,0,0,660.9
2024-06-16,S09,C,152.6,9,0,0,6,791.9
2024-11-18,S01,C,305.78,17,0,0,0,977.7
2024-06-10,S01,C,221.97,12,0,0,0,866.1
2023-08-05,S09,C,135.99,5,0,0,5,1319.6
2023-12-02,S01,C,414.72,24,0,0,5,468.4
2024-04-15,S10,A,245.95,24,1,0,0,591.1
2024-02-26,S08,A,159.21,7,0,0,0,590.1
2024-03-05,S10,A,201.05,8,1,0,1,944.2
2023-04-11,S03,A,129.29,5,1,0,1,1145.8
2023-01-19,S06,A,104.24,5,0,0,3,876.4
2023-09-05,S08,A,150.14,9,0,0,1,573.1
2023-05-31,S08,A,133.17,4,0,0,2,1322.3
2024-10-15,S10,A,191.09,12,0,0,1,679.2
2024-01-29,S04,C,237.29,11,0,0,0,552.7
2023-12-07,S05,B,249.72,23,0,0,3,1200.8
2024-03-26,S01,C,258.06,10,0,0,1,1129.3
2023-02-20,S04,C,176.5,9,0,0,0,1443.3
2024-11-12,S10,A,204.21,13,0,0,1,693.8
2023-10-27,S03,A,127.39,5,0,0,4,1092.1
2024-11-09,S02,A,460.49,21,0,0,5,1067.4
2023-07-22,S05,B,294.94,10,1,0,5,1055.5
2023-01-09,S08,A,77.33,5,0,0,0,982.1
2023-05-27,S08,A,129.3,5,0,0,5,1321.6
2024-06-14,S01,C,228.19,8,0,0,4,1167.9
2024-06-05,S04,C,226.68,10,0,0,2,649.9
2024-06-08,S04,C,162.52,12,0,0,5,847.1
2023-03-04,S06,A,108.22,5,0,0,5,1418.7
2023-09-19,S06,A,89.78,4,0,0,1,1439.6
2024-06-29,S06,A,120.09,7,0,0,5,1280.4
2024-10-18,S01,C,228.92,13,0,0,4,1299.1
2023-02-20,S10,A,154.69,10,0,0,0,1463.0
2024-11-23,S06,A,161.17,27,0,0,5,642.8
2024-05-21,S03,A,132.59,6,0,0,1,1359.2
2023-11-27,S04,C,252.72,10,0,0,0,1424.2
2024-04-03,S02,A,310.81,18,0,0,2,627.3
2024-05-11,S04,C,251.68,22,0,0,5,841.1
2023-08-24,S05,B,229.18,10,0,0,3,786.6
2024-11-14,S01,C,404.55,47,1,0,3,1241.9
2024-12-20,S07,A,109.49,5,0,0,4,1044.6
2024-10-08,S01,C,244.45,12,0,0,1,1315.0
2023-04-26,S04,C,296.15,10,0,0,2,648.5
2023-07-14,S02,A,243.84,20,0,0,4,1359.1
2023-07-24,S06,A,110.9,6,0,0,0,655.9
2023-06-03,S07,A,96.82,4,0,0,5,1205.9
2023-11-12,S02,A,462.97,28,0,0,6,1069.0
2024-09-09,S07,A,117.13,4,1,0,0,491.1
2024-12-27,S03,A,149.51,6,0,0,4,817.8
2024-10-06,S02,A,452.47,29,0,0,6,865.7
2023-01-17,S10,A,196.68,12,0,0,1,740.8
2024-01-26,S02,A,380.01,16,1,0,4,1464.9
2024-06-13,S03,A,117.12,6,0,0,3,915.6
2024-02-10,S02,A,408.72,26,0,0,5,662.8
2024-03-31,S03,A,152.84,7,0,0,6,1616.4
2023-05-13,S02,A,318.2,14,0,0,5,1230.7
2023-06-03,S06,A,108.99,4,0,0,5,923.9
2024-04-08,S05,B,187.87,14,0,0,0,986.0
2023-01-10,S06,A,116.9,5,0,0,1,414.4
2024-09-07,S02,A,318.32,14,0,0,5,1433.7
2024-03-26,S07,A,108.57,6,1,0,1,1807.1
2024-04-19,S07,A,103.17,5,0,0,4,1298.2
2023-09-28,S08,A,147.72,7,0,0,3,645.9
2024-01-03,S02,A,358.91,17,0,0,2,767.0
2024-04-06,S08,A,181.79,10,0,0,5,938.4
2024-09-09,S06,A,110.42,5,1,0,0,660.1
2024-08-10,S04,C,210.86,9,0,0,5,1822.9
2024-12-25,S10,A,274.28,10,0,0,2,664.3
2024-10-21,S09,C,134.65,7,0,0,0,951.1
2024-05-16,S08,A,112.06,5,0,0,3,1278.4
2024-12-09,S08,A,145.89,10,0,0,0,803.9
2023-01-07,S10,A,223.0,5,0,0,5,1154.1
2023-03-10,S04,C,253.49,16,0,0,4,1046.6
2023-06-09,S06,A,107.82,6,0,0,4,908.3
2024-03-01,S03,A,114.82,5,0,0,4,1126.6
2024-12-23,S08,A,208.13,15,1,0,0,759.4
2024-09-16,S10,A,188.81,7,0,0,0,1128.0
2023-12-16,S02,A,468.34,33,0,0,5,714.1
2024-09-04,S05,B,165.75,6,0,0,2,1227.5
2024-07-01,S01,C,202.1,6,0,0,0,1406.2
2023-12-07,S09,C,160.88,9,0,0,3,1382.4
2023-05-21,S01,C,253.22,16,0,0,6,1073.1
2023-02-12,S10,A,182.27,19,0,0,6,1152.4
2024-02-25,S10,A,224.96,17,0,0,6,899.1
2024-08-19,S01,C,244.52,11,0,0,0,1039.1
2023-12-28,S08,A,150.08,8,0,0,3,1207.8
2023-04-30,S08,A,189.07,15,0,0,6,1181.2
2023-01-02,S10,A,188.01,7,0,0,0,907.2
2024-02-04,S03,A,123.09,5,0,0,6,1061.0
2024-07-25,S06,A,104.34,5,0,0,3,1106.1
2024-02-02,S10,A,177.97,6,0,0,4,828.4
2023-11-13,S04,C,268.01,13,0,0,0,1080.7
2023-01-24,S10,A,177.91,9,0,0,1,1045.1
2024-01-17,S07,A,81.95,4,0,0,2,1288.3
2024-05-19,S05,B,260.38,11,0,0,6,799.9
2023-06-14,S10,A,171.62,7,0,0,2,599.6
2024-08-17,S03,A,167.31,6,0,0,5,833.8
2024-05-06,S08,A,127.58,10,0,0,0,955.9
2024-12-31,S07,A,122.17,5,0,0,1,1267.9
2023-03-28,S07,A,95.27,8,0,0,1,1360.0
2024-02-04,S05,B,272.44,11,0,0,6,243.0
2024-05-30,S07,A,99.18,4,0,0,3,823.2
2023-07-31,S05,B,184.21,9,0,0,0,956.9
2024-01-24,S08,A,162.14,9,0,0,2,822.6
2024-09-25,S10,A,180.62,6,0,0,2,649.8
2024-06-08,S02,A,418.3,26,1,0,5,866.0
2023-08-30,S09,C,151.39,7,0,0,2,1215.8
2023-06-22,S09,C,84.17,4,0,0,3,1312.1
2024-08-22,S05,B,200.13,7,0,0,3,1084.2
2023-05-29,S01,C,267.14,11,0,0,0,592.9
2024-12-06,S01,C,366.38,19,0,0,4,845.6
2023-09-09,S08,A,112.82,7,0,0,5,1575.2
2023-11-30,S03,A,157.28,6,0,0,3,400.5
2024-12-16,S01,C,356.19,15,0,0,0,612.9
2023-09-16,S07,A,111.93,4,0,0,5,577.8
2023-04-16,S06,A,129.33,6,0,0,6,474.5
2023-09-09,S07,A,143.33,6,0,0,5,1222.0
2024-12-02,S01,C,259.59,10,0,0,0,1044.4
2023-02-19,S07,A,153.52,8,0,0,6,542.3
2024-11-02,S06,A,119.69,8,0,0,5,1431.3
2023-05-26,S03,A,123.69,5,0,0,4,1068.1
2024-04-04,S04,C,294.25,18,0,0,3,1052.1
2023-07-07,S03,A,113.52,5,0,0,4,949.5
2023-10-24,S07,A,121.89,6,0,0,1,682.7
2024-12-07,S10,A,308.5,27,0,0,5,535.6
2023-02-25,S05,B,257.35,9,0,0,5,363.4
2024-09-13,S05,B,225.86,12,0,0,4,950.2
2023-12-06,S10,A,246.4,11,0,0,2,1309.1
2023-09-27,S03,A,148.54,6,0,0,2,975.2
2023-02-01,S10,A,195.68,8,0,0,2,1137.0
2023-06-17,S03,A,185.4,8,0,0,5,368.6
2023-02-09,S04,C,250.58,9,0,0,3,668.9
2024-07-06,S08,A,126.31,5,0,0,5,1165.2
2024-05-01,S05,B,206.43,19,0,0,2,1366.7
2024-02-06,S08,A,141.74,8,0,0,1,1333.1
2024-11-26,S02,A,335.61,20,0,0,1,1424.0
2023-03-28,S06,A,111.88,5,0,0,1,325.9
2023-06-11,S09,C,160.83,6,0,0,6,1354.5
2024-03-18,S05,B,244.46,11,1,0,0,1402.4
2024-09-05,S09,C,116.96,4,0,0,3,875.8
2024-06-30,S01,C,289.8,18,0,0,6,718.5
2024-09-07,S06,A,127.68,7,0,0,5,916.3
2023-05-07,S02,A,398.96,23,0,0,6,648.3
2024-11-09,S09,C,225.34,12,1,0,5,801.2
2024-08-30,S10,A,163.5,9,0,0,4,1529.0
2023-11-30,S08,A,128.5,7,0,0,3,1255.4
2023-02-15,S08,A,101.45,8,0,0,2,1513.5
2023-12-28,S05,B,292.11,16,0,0,3,751.2
2023-12-06,S04,C,218.5,10,0,0,2,1335.5
2023-08-29,S08,A,144.3,4,0,0,1,317.6
2024-02-03,S01,C,307.02,12,0,0,5,1295.4
2024-07-01,S03,A,118.96,9,0,0,0,427.8
2024-06-22,S03,A,143.9,8,0,0,5,1531.3
2024-12-11,S05,B,314.27,10,1,0,2,718.7
2023-04-25,S05,B,210.04,6,0,0,1,1156.7
2023-05-18,S04,C,226.71,11,0,0,3,688.1
2023-08-17,S08,A,148.52,6,0,0,3,1553.9
2023-07-06,S05,B,213.18,8,0,0,3,773.8
2024-10-25,S08,A,211.22,15,1,0,4,449.1
2023-09-28,S07,A,109.1,4,0,0,3,930.3
2023-02-16,S09,C,111.35,8,0,0,3,1298.8
2024-08-21,S04,C,325.65,14,1,0,2,1085.5
2024-12-08,S05,B,326.37,21,0,0,6,858.3
2023-01-06,S01,C,263.78,15,0,0,4,1075.1
2024-02-02,S02,A,278.96,13,0,0,4,784.7
2023-01-25,S06,A,136.46,5,1,0,2,1141.8
2023-11-04,S07,A,162.16,8,0,1,5,469.6
2023-12-19,S10,A,231.9,12,0,0,1,1096.5
2024-12-05,S03,A,139.32,7,0,0,3,1047.7
2023-03-15,S08,A,142.44,8,0,0,2,1181.4
2024-04-26,S01,C,252.24,9,0,0,4,504.4
2024-11-16,S02,A,412.65,20,0,0,5,1054.1
2024-08-20,S01,C,312.77,16,1,0,1,477.5
2024-07-22,S08,A,103.53,7,0,0,0,1169.9
2024-11-16,S10,A,294.58,17,0,0,5,1230.8
2024-11-02,S05,B,307.02,13,0,0,5,425.8
2024-04-13,S10,A,198.92,12,0,0,5,716.8
2024-04-16,S01,C,269.09,10,0,0,1,1208.1
2023-07-17,S10,A,248.44,7,1,0,0,525.8
2023-10-22,S05,B,286.19,12,0,0,6,854.0
2023-02-02,S02,A,296.19,10,0,0,3,1212.7
2024-07-22,S07,A,83.17,3,0,0,0,979.9
2024-03-19,S07,A,83.41,4,0,0,1,1448.4
2024-03-17,S02,A,381.4,15,0,0,6,1460.5
2023-08-06,S09,C,168.4,11,0,0,6,794.3
2024-05-13,S04,C,272.48,13,0,0,0,952.5
2024-06-07,S01,C,184.56,9,0,0,4,1235.1
2024-07-21,S05,B,299.24,17,1,0,6,1144.1
2024-09-27,S02,A,316.52,10,0,0,4,1154.4
2023-11-22,S01,C,320.64,21,0,0,2,854.6
2023-11-10,S06,A,101.4,5,0,0,4,1541.6
2024-12-13,S05,B,306.26,15,0,0,4,1101.1
2024-06-29,S03,A,160.83,7,1,0,5,751.6
2024-05-07,S09,C,138.72,6,0,0,1,1163.6
2023-02-17,S03,A,133.99,4,0,0,4,1017.1
2023-07-31,S01,C,171.44,9,0,0,0,1395.5
2023-01-24,S04,C,219.89,8,0,0,1,944.5
2023-01-07,S06,A,109.37,5,0,0,5,1115.6
2023-05-10,S08,A,116.57,11,0,0,2,1174.8
2023-04-15,S03,A,189.94,9,0,0,5,427.2
2024-05-29,S04,C,201.48,8,0,0,2,1356.5
2023-03-20,S10,A,167.37,6,0,0,0,487.8
2023-03-20,S07,A,116.88,7,0,0,0,467.1
2023-02-08,S02,A,302.06,15,0,0,2,1037.7
2024-11-13,S06,A,139.87,6,0,0,2,1008.9
2024-05-07,S03,A,159.84,19,0,0,1,1050.0
2023-12-21,S02,A,397.24,21,0,0,3,1405.8
2023-07-06,S01,C,234.53,8,0,0,3,1570.1
2023-01-22,S08,A,139.48,9,0,0,6,1338.0
2023-08-02,S02,A,285.98,11,0,0,2,800.6
2024-12-27,S01,C,319.48,20,1,0,4,1302.1
2024-04-18,S05,B,237.36,8,0,0,3,601.5
2024-08-18,S08,A,170.06,6,0,0,6,1087.2
2023-10-12,S08,A,130.22,6,0,0,3,591.4
2024-09-18,S01,C,246.72,9,0,0,2,928.7
2024-10-27,S08,A,139.21,9,0,0,6,884.6
2024-11-14,S03,A,141.9,6,0,0,3,1341.8
2023-06-23,S01,C,236.97,10,0,0,4,809.4
2023-10-20,S03,A,126.35,6,0,0,4,1304.7
2023-07-31,S06,A,109.51,4,1,0,0,1022.7
2023-02-16,S06,A,90.1,5,0,0,3,1055.4
2024-12-10,S05,B,245.35,9,0,0,1,544.3
2024-07-26,S03,A,105.76,3,0,0,4,691.0
2023-09-29,S09,C,146.54,7,1,0,4,1277.9
2023-07-03,S03,A,103.26,11,0,0,0,961.4
2023-07-28,S08,A,112.74,5,0,0,4,1232.0
2023-08-24,S08,A,116.14,4,0,0,3,719.0
2023-11-10,S10,A,223.46,11,0,0,4,1115.3
2023-04-25,S03,A,149.89,6,0,0,1,1075.8
2024-06-03,S07,A,79.95,5,0,0,0,672.4
2023-06-07,S06,A,115.11,6,0,0,2,100.0
2023-11-23,S03,A,185.83,15,0,0,3,1057.9
2023-06-17,S02,A,328.09,18,0,0,5,928.7
2024-10-04,S07,A,114.02,4,0,0,4,765.3
2024-12-31,S02,A,372.99,19,0,0,1,827.3
2024-09-20,S10,A,218.86,12,0,0,4,615.2
2024-07-28,S04,C,255.32,9,0,0,6,1333.9
2024-08-23,S10,A,185.53,12,0,0,4,891.3
2024-05-07,S02,A,386.54,17,0,0,1,853.7
2023-04-30,S04,C,353.37,13,0,0,6,680.1
2023-10-20,S07,A,99.39,6,0,0,4,1347.2
2024-12-04,S07,A,136.09,6,0,0,2,1054.3
2024-01-13,S01,C,258.57,16,0,0,5,962.3
2024-08-08,S09,C,111.27,6,0,0,3,1284.5
2023-08-22,S04,C,249.29,22,0,0,1,1119.6
2023-05-23,S01,C,235.28,9,0,0,1,1299.3
2024-04-15,S05,B,197.44,27,0,0,0,929.2
2024-02-03,S10,A,208.11,32,0,0,5,1463.2
2024-10-12,S04,C,249.9,17,0,0,5,877.3
2024-04-07,S09,C,115.72,4,0,0,6,1414.7
2024-05-22,S01,C,230.64,9,0,0,2,1280.9
2024-03-05,S07,A,123.56,4,1,0,1,1036.2
2024-10-13,S05,B,251.75,10,0,0,6,1254.7
2024-05-16,S01,C,215.11,9,0,0,3,712.1
2023-12-21,S03,A,133.54,5,0,0,3,1390.0
2023-04-10,S05,B,206.65,17,0,0,0,1219.7
2024-03-17,S01,C,325.07,14,0,0,6,518.6
2023-11-14,S07,A,125.78,5,0,0,1,1052.7
2024-06-16,S02,A,301.73,11,0,0,6,1045.6
2024-10-06,S01,C,273.8,9,0,0,6,1346.3
2023-01-05,S09,C,139.15,10,0,0,3,1078.0
2024-06-24,S04,C,242.99,11,0,0,0,738.8
2024-01-27,S01,C,401.14,16,0,0,5,691.0
2023-02-01,S09,C,146.78,6,0,0,2,975.4
2023-08-20,S01,C,337.84,15,0,0,6,765.3
2023-01-18,S07,A,94.78,4,0,0,2,1077.9
2024-12-03,S04,C,245.08,7,0,0,1,1024.6
2024-09-14,S03,A,164.67,6,0,0,5,907.6
2023-06-11,S06,A,80.73,4,0,0,6,1159.3
2024-09-17,S02,A,337.32,28,0,0,1,984.2
2023-12-13,S01,C,302.57,19,0,0,2,1704.7
2023-10-02,S03,A,159.48,8,0,0,0,870.2
2023-06-06,S10,A,192.59,9,0,0,1,854.8
2023-11-15,S08,A,177.15,6,0,0,2,759.0
2024-06-18,S10,A,194.34,15,0,0,1,605.0
2024-04-06,S09,C,153.95,10,0,0,5,954.6
2023-01-10,S02,A,273.71,12,0,0,1,1003.1
2024-05-16,S09,C,110.87,6,0,0,3,939.7
2024-07-30,S09,C,120.82,7,0,0,1,1333.6
2023-12-25,S04,C,277.56,10,0,0,0,952.0
2023-07-03,S06,A,77.64,10,0,0,0,1252.5
2024-08-14,S09,C,133.66,6,1,0,2,729.0
2023-02-13,S06,A,108.05,5,0,0,0,730.5
2024-08-28,S04,C,282.34,16,0,0,2,975.4
2024-05-24,S02,A,388.4,73,1,0,4,1274.9
2023-10-23,S05,B,169.64,7,0,0,0,872.3
2024-01-04,S07,A,152.04,10,1,0,3,828.4
2023-11-02,S01,C,305.91,12,0,0,3,1197.6
2023-06-23,S08,A,123.33,5,0,0,4,676.4
2023-09-27,S09,C,169.32,6,0,0,2,1012.6
2023-03-15,S07,A,109.39,7,0,0,2,906.1
2023-10-08,S03,A,106.84,6,0,0,6,1615.6
2023-01-11,S07,A,104.31,5,0,0,2,1097.2
2024-07-24,S05,B,234.9,11,1,0,2,914.5
2023-07-08,S01,C,237.88,40,0,0,5,1235.9
2024-03-01,S05,B,226.71,10,0,0,4,824.0
2024-06-08,S03,A,89.32,5,0,0,5,1411.3
2023-10-14,S06,A,119.39,4,0,0,5,940.6
2024-05-31,S03,A,188.59,8,0,0,4,536.6
2023-01-23,S03,A,147.85,21,0,0,0,923.5
2024-09-02,S05,B,199.84,8,0,0,0,1413.7
2023-10-31,S06,A,150.49,6,1,0,1,897.0
2023-08-19,S04,C,208.53,7,0,0,5,732.8
2024-01-29,S03,A,122.87,4,0,0,0,440.1
2024-11-01,S04,C,230.13,11,0,0,4,863.1
2023-08-07,S05,B,184.98,9,0,0,0,1119.2
2023-05-02,S06,A,118.08,5,0,0,1,665.8
2024-05-19,S06,A,106.32,4,0,0,6,1534.1
2024-09-30,S02,A,287.5,12,0,0,0,1812.0
2023-01-05,S02,A,355.57,11,0,0,3,579.4
2023-04-15,S02,A,357.29,15,0,0,5,892.6
2024-12-15,S05,B,256.24,23,0,0,6,741.7
2023-09-09,S04,C,291.35,14,0,0,5,906.7
2024-08-20,S10,A,205.08,9,0,0,1,1168.5
2024-06-12,S09,C,108.2,5,0,0,2,934.6
2024-04-23,S10,A,223.79,15,0,0,1,898.3
2023-08-29,S07,A,89.98,3,0,0,1,665.6
2023-12-24,S02,A,455.75,36,0,0,6,423.0
2024-10-04,S05,B,305.75,13,1,0,4,1260.3
2023-06-13,S03,A,109.97,4,0,0,1,493.4
2023-07-29,S05,B,241.84,14,0,0,5,1276.0
2024-05-02,S09,C,124.28,5,0,0,3,1178.9
2023-01-17,S08,A,99.97,4,0,0,1,1572.8
2023-12-08,S09,C,129.27,5,0,0,4,1014.7
2024-08-24,S09,C,165.09,9,0,0,5,1137.3
2024-01-31,S05,B,252.98,13,0,0,2,1187.0
2023-04-13,S06,A,107.79,4,0,0,3,1545.4
2024-01-23,S03,A,146.8,6,0,0,1,895.2
2023-12-05,S07,A,144.33,11,0,0,1,1150.8
2023-08-11,S10,A,154.8,9,0,0,4,722.4
2023-12-24,S09,C,114.23,4,0,0,6,704.7
2023-02-23,S09,C,224.86,10,1,0,3,945.9
2024-04-18,S09,C,118.42,5,0,0,3,1214.7
2024-11-09,S04,C,275.79,12,0,0,5,1319.6
2024-04-01,S02,A,305.71,11,0,0,0,1259.6
2023-08-08,S10,A,190.28,6,1,0,1,817.7
2024-11-22,S10,A,262.73,12,0,0,4,966.1
2024-01-04,S06,A,101.18,6,0,0,3,776.5
2024-02-28,S10,A,309.69,20,1,0,2,565.8
2023-11-20,S06,A,152.72,6,0,0,0,757.3
2023-04-11,S10,A,172.02,8,0,0,1,1134.8
2023-05-13,S01,C,375.07,18,0,0,5,780.5
2024-01-29,S05,B,201.33,9,0,0,0,846.1
2023-04-19,S05,B,238.1,10,0,0,2,1191.6
2024-07-06,S01,C,239.6,15,0,0,5,1256.7
2023-03-24,S09,C,146.1,8,0,0,4,835.1
2023-02-21,S02,A,295.22,24,0,0,1,955.7
2024-09-06,S01,C,326.5,12,1,0,4,782.6
2023-06-13,S05,B,197.26,8,0,0,1,691.8
2023-07-07,S02,A,261.02,36,0,0,4,1027.9
2024-06-11,S04,C,198.12,8,0,0,1,1222.9
2023-04-27,S09,C,110.37,5,0,0,3,849.5
2024-08-01,S08,A,133.52,6,0,0,3,1285.3
2024-01-16,S04,C,198.13,20,0,0,1,1459.1
2024-05-12,S10,A,196.23,9,0,0,6,999.4
2023-08-15,S04,C,222.08,12,0,0,1,1206.2
2024-11-21,S03,A,146.04,9,0,0,3,1107.9
2024-04-16,S07,A,106.17,5,0,0,1,1216.8
2024-10-05,S08,A,130.09,6,0,0,5,765.9
2023-03-13,S02,A,274.01,15,0,0,0,1177.5
2023-06-05,S01,C,238.69,11,0,0,0,925.4
2023-05-07,S04,C,267.49,14,0,0,6,1391.0
2023-07-11,S03,A,133.04,7,0,0,1,1173.8
2023-04-04,S03,A,99.35,5,0,0,1,1171.9
2023-04-10,S08,A,123.43,6,0,0,0,1180.6
2024-02-13,S08,A,151.21,8,0,0,1,973.2
2024-09-03,S01,C,282.38,17,0,0,1,991.6
2023-05-30,S10,A,131.17,9,0,0,1,1323.1
2024-03-22,S08,A,138.45,8,0,0,4,706.7
2023-06-24,S02,A,454.64,31,0,0,5,721.4
2024-11-30,S07,A,203.07,15,1,0,5,857.2
2023-07-11,S07,A,85.66,4,0,0,1,994.6
2024-01-30,S02,A,252.13,10,0,0,1,1371.3
2023-01-18,S10,A,214.11,12,0,0,2,884.6
2024-06-06,S01,C,203.43,9,0,0,3,1258.0
2024-08-15,S05,B,236.49,16,0,0,3,521.7
2023-05-29,S09,C,108.52,4,0,0,0,826.0
2023-04-15,S07,A,117.05,4,0,0,5,1142.0
2023-01-04,S02,A,300.66,23,0,0,2,901.7
2024-10-29,S08,A,105.27,4,0,0,1,1355.8
2024-06-26,S03,A,130.56,7,0,0,2,1096.8
2023-01-17,S09,C,125.31,7,0,0,1,804.8
2024-03-11,S03,A,136.96,7,1,0,0,888.1
2024-02-06,S06,A,115.54,5,0,0,1,1075.4
2024-08-17,S04,C,224.71,11,0,0,5,951.8
2024-10-21,S07,A,115.48,4,0,0,0,289.9
2024-09-02,S08,A,119.33,8,0,0,0,1262.7
2024-09-21,S02,A,403.82,15,0,0,5,823.0
2024-03-10,S04,C,278.98,16,0,0,6,1099.6
2024-06-09,S03,A,151.3,8,0,0,6,975.4
2024-04-19,S04,C,240.23,12,0,0,4,1183.7
2023-09-05,S02,A,387.76,34,0,0,1,1120.0
2023-11-28,S06,A,127.39,7,1,0,1,465.4
2024-05-05,S09,C,192.44,8,0,0,6,897.6
2023-07-17,S09,C,106.34,4,0,0,0,1502.0
2024-09-23,S08,A,150.21,6,1,0,0,778.1
2023-03-23,S02,A,321.59,17,0,0,3,947.7
2024-08-03,S06,A,137.97,6,0,0,5,854.1
2023-03-16,S04,C,202.61,8,0,0,3,1302.3
2024-12-16,S02,A,353.45,28,0,0,0,1005.4
2023-04-23,S09,C,163.19,10,1,0,6,1331.8
2023-12-20,S09,C,158.68,7,0,0,2,1054.5
2024-05-31,S05,B,170.17,11,0,0,4,950.7
2024-03-06,S07,A,97.59,6,0,0,2,750.4
2024-02-21,S02,A,256.53,13,0,0,2,1317.1
2023-08-11,S02,A,402.49,26,1,0,4,187.7
2024-04-28,S08,A,137.35,7,0,0,6,915.3
2024-03-31,S05,B,170.5,7,0,0,6,1467.6
2023-02-20,S01,C,218.67,13,0,0,0,1233.5
2023-02-13,S08,A,141.2,6,0,0,0,1245.3
2024-02-23,S01,C,244.22,13,0,0,4,742.3
2024-05-15,S09,C,106.85,5,0,0,2,1150.1
2023-09-20,S04,C,265.08,8,0,0,2,1217.5
2023-11-04,S02,A,386.07,14,0,1,5,1159.9
2023-01-09,S01,C,249.81,11,0,0,0,762.2
2024-11-26,S07,A,120.2,7,0,0,1,1238.9
2023-06-10,S09,C,137.7,6,0,0,5,981.2
2023-11-10,S03,A,142.61,8,0,0,4,1191.1
2024-07-25,S02,A,284.24,13,0,0,3,907.8
2023-06-10,S01,C,256.93,19,0,0,5,1152.1
2024-12-05,S07,A,119.24,8,0,0,3,1048.0
2023-10-22,S02,A,407.64,30,0,0,6,805.3
2024-09-06,S08,A,122.4,5,0,0,4,1147.5
2023-10-29,S03,A,173.61,7,0,0,6,1009.9
2024-08-29,S04,C,217.2,11,0,0,3,1202.4
2024-01-07,S01,C,333.25,15,0,0,6,527.1
2024-08-25,S03,A,153.58,7,0,0,6,1237.9
2023-12-20,S03,A,168.47,7,0,0,2,1149.9
2023-02-23,S05,B,203.68,11,0,0,3,806.2
2024-03-10,S08,A,189.07,12,0,0,6,854.3
2023-05-09,S08,A,137.94,7,0,0,1,763.2
2023-02-28,S06,A,99.36,4,0,0,1,1412.1
2023-07-11,S09,C,102.49,4,0,0,1,941.3
2023-05-13,S09,C,109.84,4,0,0,5,1072.9
2023-10-30,S05,B,263.92,8,0,0,0,520.7
2023-07-26,S10,A,166.33,9,0,0,2,1038.8
2024-10-23,S06,A,100.4,3,0,0,2,823.4
2023-10-16,S03,A,133.65,6,0,0,0,339.1
2024-02-01,S01,C,245.18,13,0,0,3,1025.0
2024-09-04,S06,A,94.59,5,0,0,2,396.4
2024-12-21,S04,C,237.81,8,0,0,5,1556.2
2023-06-05,S10,A,167.05,7,0,0,0,1331.7
2023-06-20,S04,C,196.35,6,0,0,1,1024.3
2023-09-07,S09,C,159.47,9,1,0,3,682.2
2024-11-15,S08,A,164.92,7,0,0,4,1043.7
2023-06-05,S05,B,181.02,7,0,0,0,830.3
2023-04-13,S05,B,258.34,15,0,0,3,1060.7
2023-07-10,S06,A,99.85,5,0,0,0,872.3
2023-07-06,S08,A,117.07,4,0,0,3,968.9
2023-09-20,S09,C,135.28,5,0,0,2,1042.5
2023-09-01,S10,A,183.28,16,0,0,4,1373.0
2024-06-17,S10,A,180.91,7,0,0,0,754.3
2024-10-26,S03,A,125.19,5,0,0,5,800.6
2023-05-24,S09,C,147.41,10,0,0,2,877.2
2024-02-16,S10,A,174.52,8,0,0,4,1014.1
2024-12-23,S09,C,155.48,8,0,0,0,960.5
2023-02-10,S02,A,303.75,15,0,0,4,1163.0
2023-05-23,S10,A,219.33,9,0,0,1,1055.7
2023-01-16,S08,A,115.12,4,0,0,0,309.4
2024-10-03,S09,C,101.32,5,0,0,3,1723.7
2023-05-21,S07,A,119.35,14,1,0,6,1097.3
2024-10-20,S05,B,356.59,21,1,0,6,1015.7
2024-02-11,S04,C,294.66,11,0,0,6,727.6
2024-05-25,S07,A,125.79,5,0,0,5,868.5
2024-03-06,S06,A,107.81,5,0,0,2,1105.9
2024-04-21,S04,C,208.68,12,0,0,6,1383.5
2024-02-09,S09,C,142.2,5,0,0,4,894.2
2024-06-13,S02,A,308.36,22,0,0,3,1060.0
2023-12-03,S07,A,141.01,5,0,0,6,880.0
2024-02-29,S08,A,140.41,7,0,0,3,1451.3
2023-02-27,S04,C,239.54,12,0,0,0,869.4
2024-06-20,S08,A,132.84,7,0,0,3,1212.1
2024-03-11,S04,C,229.83,7,0,0,0,1125.2
2023-08-01,S05,B,237.54,12,0,0,1,1335.7
2023-09-29,S07,A,99.16,4,0,0,4,1079.1
2023-02-23,S06,A,115.32,4,0,0,3,714.0
2024-05-19,S10,A,315.63,17,1,0,6,1048.3
2023-09-05,S01,C,245.81,13,0,0,1,1315.7
2023-08-16,S04,C,295.85,10,0,0,2,836.9
2024-05-17,S08,A,133.85,6,0,0,4,979.2
2023-09-13,S01,C,231.13,11,0,0,2,1331.1
2023-10-28,S03,A,169.0,7,0,0,5,939.2
2024-02-21,S01,C,255.32,16,0,0,2,928.9
2023-04-20,S08,A,172.22,7,0,0,3,253.7
2023-04-18,S05,B,275.3,12,1,0,1,1411.2
2023-08-30,S06,A,137.89,6,1,0,2,811.3
2024-03-24,S04,C,305.64,14,0,0,6,756.1
2023-02-17,S04,C,241.19,9,0,0,4,1152.4
2024-03-20,S02,A,413.97,15,1,0,2,1005.4
2024-10-11,S06,A,98.48,4,0,0,4,1134.2
2023-07-09,S05,B,238.61,13,0,0,6,697.9
2023-09-06,S09,C,103.38,5,0,0,2,1633.4
2023-06-05,S09,C,116.83,4,1,0,0,1246.8
2023-10-26,S05,B,213.5,11,0,0,3,718.5
2023-02-16,S10,A,166.66,8,0,0,3,1450.4
2023-06-22,S02,A,305.77,12,0,0,3,1004.8
2023-04-19,S08,A,118.13,4,0,0,2,1013.8
2024-07-18,S10,A,160.24,7,0,0,3,896.7
2023-09-22,S08,A,108.22,4,0,0,4,1086.4
2023-01-25,S08,A,130.72,6,0,0,2,616.1
2024-04-30,S06,A,125.37,5,1,0,1,925.8
2023-08-08,S02,A,323.76,12,0,0,1,859.1
2024-02-20,S08,A,145.09,6,0,0,1,686.0
2023-04-29,S02,A,438.35,20,0,0,5,676.8
2023-06-16,S10,A,150.08,7,0,0,4,1146.3
2023-04-16,S07,A,118.25,7,0,0,6,971.0
2023-10-15,S07,A,110.02,8,0,0,6,1194.1
2024-07-23,S09,C,80.17,3,0,0,1,1044.3
2024-09-02,S09,C,131.95,7,0,0,0,967.4
2023-01-23,S09,C,141.05,7,0,0,0,633.4
2023-05-05,S05,B,244.45,10,0,0,4,394.5
2023-10-16,S02,A,301.01,29,0,0,0,1055.5
2023-01-02,S08,A,118.16,5,0,0,0,884.5
2024-07-16,S09,C,141.16,13,0,0,1,1051.9
2024-09-03,S09,C,166.37,5,0,0,1,655.5
2024-03-16,S06,A,128.0,4,0,0,5,1155.2
2024-09-20,S05,B,243.13,14,0,0,4,638.7
2024-04-11,S09,C,106.17,5,0,0,3,1744.2
2023-05-09,S02,A,395.74,16,0,0,1,588.5
2023-09-27,S02,A,242.49,11,0,0,2,761.5
2024-01-31,S06,A,142.11,16,1,0,2,661.3
2023-05-23,S02,A,312.68,13,0,0,1,912.5
2023-11-15,S05,B,247.69,13,0,0,2,1166.7
2024-01-29,S08,A,129.5,4,0,0,0,624.6
2023-03-27,S07,A,95.18,4,0,0,0,1257.5
2024-06-11,S08,A,106.98,7,0,0,1,1429.6
2024-05-05,S02,A,280.8,9,0,0,6,1228.9
2023-11-07,S01,C,331.89,14,0,0,1,1126.4
2023-09-12,S04,C,257.21,16,0,0,1,1118.5
2023-02-24,S04,C,235.49,14,0,0,4,1255.8
2024-06-20,S10,A,150.59,7,0,0,3,1235.5
2024-01-17,S08,A,108.37,7,0,0,2,743.3
2023-03-27,S09,C,92.21,3,0,0,0,1786.2
2024-04-08,S09,C,116.04,21,0,0,0,1027.7
2023-06-04,S06,A,170.89,12,1,0,6,125.7
2023-09-06,S02,A,234.47,8,0,0,2,1236.5
2023-09-02,S07,A,141.74,8,0,0,5,1005.4
2024-01-18,S08,A,124.71,7,0,0,3,1100.9
2023-07-30,S08,A,131.12,4,0,0,6,997.7
2023-01-10,S07,A,98.26,5,0,0,1,1084.3
2023-06-01,S06,A,93.64,4,0,0,3,1175.3
2023-11-20,S02,A,347.99,21,0,0,0,931.6
2024-07-22,S05,B,153.58,6,0,0,0,1727.8
2024-06-23,S02,A,354.21,23,0,0,6,766.2
2023-07-03,S10,A,132.15,10,0,0,0,1188.0
2023-01-16,S07,A,97.78,5,0,0,0,840.8
2024-07-12,S05,B,234.3,9,1,0,4,814.8
2023-06-03,S10,A,221.08,11,0,0,5,148.7
2023-06-17,S01,C,265.72,13,0,0,5,1479.5
2024-01-20,S03,A,154.51,6,0,0,5,1087.0
2024-04-08,S02,A,390.73,17,1,0,0,975.7
2023-11-29,S01,C,293.71,12,0,0,2,678.8
2024-06-22,S02,A,378.1,20,0,0,5,918.8
2023-03-11,S07,A,148.76,6,0,0,5,864.0
2023-02-12,S06,A,158.34,7,0,0,6,1042.5
2024-04-30,S03,A,163.41,10,0,0,1,495.4
2023-03-13,S03,A,145.91,10,0,0,0,1030.6
2023-03-22,S01,C,271.36,15,0,0,2,783.5
2023-10-29,S02,A,376.7,17,0,0,6,646.1
2024-09-19,S03,A,126.89,6,0,0,3,1468.8
2023-04-16,S08,A,124.69,5,0,0,6,1182.5
2023-02-14,S08,A,139.76,5,0,0,1,1000.9
2024-01-05,S04,C,237.16,8,0,0,4,1468.7
2024-05-18,S08,A,145.46,8,0,0,5,1057.7
2023-05-14,S06,A,81.77,4,0,0,6,1177.8
2023-03-01,S03,A,133.56,7,0,0,2,816.5
2024-02-08,S10,A,166.26,10,0,0,3,1144.6
2023-11-08,S05,B,256.61,12,0,0,2,1419.0
2024-01-22,S02,A,307.25,12,0,0,0,1139.3
2023-01-14,S02,A,370.19,20,0,0,5,1549.4
2024-05-09,S10,A,212.74,10,0,0,3,1099.0
2024-03-28,S03,A,113.23,6,0,0,3,1179.9
2024-12-10,S01,C,282.98,13,0,0,1,1249.9
2023-09-30,S09,C,124.3,5,0,0,5,1016.2
2023-03-04,S05,B,278.68,10,0,0,5,907.6
2024-08-28,S03,A,186.9,7,1,0,2,1015.1
2023-04-07,S06,A,65.38,2,0,0,4,2177.9
2024-12-19,S03,A,158.19,6,0,0,3,1435.2
2023-11-13,S07,A,146.84,7,0,0,0,1019.8
2023-06-17,S08,A,140.15,6,0,0,5,1376.3
2024-06-30,S02,A,288.93,30,0,0,6,1081.3
2023-03-17,S07,A,109.35,5,0,0,4,848.7
2023-12-17,S06,A,123.18,4,0,0,6,1289.8
2024-01-25,S02,A,209.03,13,0,0,3,1631.5
2023-06-22,S10,A,148.51,5,0,0,3,1064.1
2023-09-02,S06,A,122.33,10,0,0,5,1090.4
2023-01-10,S04,C,240.16,10,0,0,1,884.4
2023-10-11,S04,C,357.82,20,1,0,2,1319.3
2024-01-07,S09,C,176.75,9,0,0,6,688.4
2023-12-02,S03,A,144.98,6,0,0,5,933.2
2024-07-20,S01,C,272.42,37,0,0,5,1016.6
2024-08-20,S04,C,172.75,8,0,0,1,1254.8
2023-12-24,S04,C,310.2,30,0,0,6,1060.4
2023-09-12,S01,C,250.6,15,0,0,1,759.3
2023-09-12,S03,A,130.27,10,0,0,1,1330.5
2024-06-03,S09,C,133.45,6,0,0,0,1053.9
2023-04-18,S06,A,102.27,3,0,0,1,703.6
2023-03-18,S05,B,282.08,17,1,0,5,1025.6
2024-01-22,S03,A,113.0,6,0,0,0,818.2
2023-02-17,S07,A,105.29,4,0,0,4,933.6
2023-08-19,S02,A,349.2,16,0,0,5,860.1
2024-12-21,S07,A,135.69,3,0,0,5,1141.9
2024-07-17,S10,A,196.75,9,1,0,2,1042.7
2023-08-15,S09,C,132.42,8,0,0,1,740.8
2023-07-05,S09,C,93.11,5,0,0,2,706.0
2024-12-17,S03,A,155.97,9,0,0,1,886.2
2023-06-20,S03,A,123.87,8,0,0,1,691.0
2023-10-28,S02,A,384.35,27,0,0,5,417.3
2024-01-11,S08,A,124.39,5,0,0,3,850.2
2023-05-23,S06,A,101.2,6,0,0,1,969.6
2024-05-20,S01,C,233.55,17,0,0,0,1177.1
2023-03-17,S03,A,118.12,16,0,0,4,1266.1
2023-09-19,S09,C,121.46,8,0,0,1,699.8
2023-10-09,S06,A,116.02,3,0,0,0,744.6
2024-08-01,S04,C,195.15,8,0,0,3,980.7
2023-02-05,S02,A,329.06,19,0,0,6,1078.2
2023-02-18,S08,A,158.02,10,0,0,5,632.7
2024-01-12,S09,C,157.97,8,1,0,4,702.1
2023-05-11,S03,A,101.03,4,0,0,3,1397.6
2023-05-08,S08,A,145.61,11,0,0,0,841.5
2024-08-24,S03,A,169.97,6,0,0,5,630.4
2023-06-25,S09,C,148.94,11,0,0,6,877.1
2024-12-26,S09,C,165.73,11,1,0,3,1526.5
2024-07-21,S09,C,134.21,6,0,0,6,1009.4
2024-01-02,S09,C,118.81,6,0,0,1,1325.3
2023-02-26,S02,A,301.5,11,0,0,6,1097.3
2023-09-25,S04,C,149.92,8,0,0,0,1293.4
2023-12-23,S04,C,308.74,12,0,0,5,848.4
2023-04-07,S01,C,265.74,15,1,0,4,328.5
2023-12-15,S03,A,131.23,7,0,0,4,1232.1
2023-02-03,S05,B,200.7,8,0,0,4,1017.9
2024-12-29,S09,C,224.75,8,0,0,6,1083.4
2023-07-22,S01,C,287.74,15,0,0,5,1014.8
2024-04-12,S02,A,313.39,15,0,0,4,684.0
2023-09-24,S05,B,255.52,15,0,0,6,1491.7
2024-10-17,S06,A,162.19,10,1,0,3,964.2
2023-07-31,S10,A,131.58,10,0,0,0,536.5
2023-01-03,S04,C,250.36,9,0,0,1,806.5
2023-05-29,S04,C,192.17,10,0,0,0,1449.0
2024-05-30,S02,A,327.79,11,0,0,3,1250.5
2024-04-05,S02,A,346.13,17,0,0,4,859.6
2024-11-05,S05,B,167.18,9,0,1,1,783.0
2024-08-12,S02,A,430.73,25,1,0,0,1170.2
2024-02-29,S01,C,266.91,17,0,0,3,592.0
2024-02-19,S02,A,339.12,19,1,0,0,1259.3
2024-07-22,S03,A,100.8,4,0,0,0,1142.1
2024-01-12,S02,A,291.36,17,0,0,4,896.0
2024-12-26,S05,B,231.84,14,0,0,3,572.5
2023-02-14,S06,A,102.19,5,0,0,1,898.9
2024-08-24,S05,B,309.04,16,0,0,5,603.8
2023-08-05,S05,B,257.98,17,0,0,5,1287.4
2024-08-31,S01,C,267.63,13,0,0,5,1058.5
2024-09-26,S03,A,132.64,6,0,0,3,1050.6
2023-10-21,S03,A,170.09,6,0,0,5,845.8
2024-12-05,S04,C,254.0,13,0,0,3,810.9
2024-09-26,S09,C,124.78,5,0,0,3,1029.5
2023-10-18,S08,A,135.92,6,0,0,2,1057.6
2023-04-08,S01,C,315.85,19,0,0,5,839.4
2024-05-25,S06,A,161.48,8,0,0,5,425.2
2024-09-24,S05,B,203.48,7,0,0,1,1036.8
2023-08-11,S04,C,230.77,13,0,0,4,1210.8
2023-12-15,S01,C,365.41,18,1,0,4,904.5
2024-08-22,S01,C,225.43,10,0,0,3,1034.7
2023-09-11,S05,B,181.68,8,0,0,0,1145.6
2023-11-29,S07,A,107.12,6,0,0,2,696.2
2023-03-26,S03,A,157.23,5,0,0,6,1126.0
2023-11-26,S07,A,127.03,4,0,0,6,1076.8
2024-10-17,S05,B,196.75,7,0,0,3,1068.3
2024-07-03,S02,A,232.65,12,0,0,2,1349.3
2023-06-08,S03,A,101.18,6,0,0,3,1041.6
2023-09-10,S07,A,131.89,5,1,0,6,831.4
2023-10-31,S04,C,228.52,9,0,0,1,850.0
2024-05-09,S03,A,188.8,7,1,0,3,1134.6
2024-04-03,S07,A,102.58,3,0,0,2,1215.5
2023-12-29,S06,A,192.88,7,1,0,4,415.1
2024-03-06,S08,A,122.01,17,0,0,2,1121.6
2023-07-31,S09,C,118.22,3,0,0,0,376.9
2023-12-22,S01,C,319.9,17,0,0,4,934.2
2023-04-28,S05,B,341.88,20,1,0,4,710.3
2023-12-20,S10,A,262.92,24,0,0,2,921.2
2023-02-07,S09,C,145.56,5,0,0,1,926.8
2023-04-25,S10,A,185.91,10,0,0,1,758.5
2024-05-07,S04,C,230.29,9,0,0,1,755.4
2024-09-05,S02,A,283.17,11,0,0,3,977.2
2023-01-20,S10,A,186.13,8,0,0,4,706.4
2024-01-17,S06,A,125.44,5,1,0,2,1177.9
2024-05-04,S09,C,109.73,5,0,0,5,1168.1
2023-04-13,S03,A,148.77,7,1,0,3,1526.5
2023-04-30,S10,A,212.96,11,0,0,6,1302.1
2024-02-03,S03,A,120.07,7,0,0,5,1173.2
2024-11-30,S09,C,174.81,6,0,0,5,774.0
2024-07-18,S03,A,115.97,6,0,0,3,768.3
2023-06-24,S08,A,156.16,6,0,0,5,747.3
2024-04-16,S04,C,224.25,13,0,0,1,1104.1
2024-08-05,S10,A,148.72,7,0,0,0,1283.7
2024-12-25,S09,C,149.02,8,0,0,2,703.7
2023-10-03,S02,A,330.83,12,0,0,1,692.4
2023-08-23,S09,C,115.51,5,0,0,2,1239.4
2024-06-29,S05,B,166.1,8,0,0,5,780.6
2023-08-03,S10,A,174.9,8,1,0,3,861.6
2024-02-08,S03,A,112.65,4,0,0,3,1403.5
2024-01-08,S03,A,146.73,7,0,0,0,618.9
2024-03-01,S09,C,134.85,9,0,0,4,953.9
2023-12-09,S09,C,183.46,9,0,0,5,1036.4
2024-08-31,S05,B,266.21,14,0,0,5,780.5
2023-07-04,S05,B,188.13,9,0,0,1,1394.7
2024-08-30,S05,B,215.69,9,0,0,4,1244.8
2024-03-26,S05,B,246.83,11,0,0,1,479.0
2024-04-18,S01,C,243.6,13,0,0,3,1426.1
2024-08-28,S09,C,124.73,4,0,0,2,913.7
2024-03-15,S03,A,162.86,9,0,0,4,939.9
2023-09-30,S07,A,115.57,30,0,0,5,1227.1
2024-08-21,S08,A,117.02,4,0,0,2,808.9
2024-03-16,S08,A,157.05,8,0,0,5,1430.8
2024-01-23,S08,A,174.32,7,0,0,1,900.8
2024-11-04,S10,A,212.1,8,0,1,0,1000.6
2023-12-07,S10,A,209.63,13,0,0,3,1026.0
2024-08-28,S08,A,115.89,4,0,0,2,1161.7
2024-03-29,S09,C,114.72,5,0,0,4,1745.6
2024-09-14,S07,A,120.62,5,0,0,5,909.6
2024-09-28,S02,A,326.42,12,0,0,5,968.5
2023-04-18,S09,C,140.26,5,0,0,1,615.9
2023-10-28,S08,A,123.0,5,0,0,5,1482.4
2024-03-17,S08,A,135.43,7,0,0,6,1029.1
2023-02-24,S08,A,122.26,5,0,0,4,1423.7
2024-04-19,S03,A,115.11,6,0,0,4,1541.3
2023-06-06,S06,A,104.64,3,0,0,1,940.5
2024-08-17,S07,A,116.78,5,0,0,5,1219.0
2023-11-05,S01,C,337.41,16,0,1,6,1234.6
2024-04-07,S03,A,149.36,6,0,0,6,1215.5
2023-06-25,S06,A,132.19,7,0,0,6,754.4
2024-10-11,S07,A,113.47,3,0,0,4,677.5
2023-06-08,S07,A,108.84,7,0,0,3,800.4
2024-05-21,S01,C,250.11,13,1,0,1,880.2
2024-11-22,S02,A,379.08,19,0,0,4,1608.7
2024-07-09,S07,A,94.34,8,0,0,1,1025.6
2023-12-16,S08,A,158.68,9,0,0,5,1025.5
2024-07-30,S08,A,121.84,9,0,0,1,697.4
2024-06-07,S06,A,78.43,4,0,0,4,1417.3
2023-10-12,S06,A,112.65,3,0,0,3,1213.0
2023-04-28,S06,A,112.12,3,0,0,4,647.8
2023-10-21,S08,A,151.74,6,0,0,5,1099.2
2024-09-23,S03,A,130.14,4,0,0,0,1263.5
2024-12-14,S09,C,167.14,8,0,0,5,674.6
2024-03-01,S02,A,242.87,13,0,0,4,1066.0
2024-07-08,S08,A,114.75,7,0,0,0,1098.1
2023-02-21,S09,C,136.1,5,0,0,1,932.1
2023-03-03,S02,A,283.47,12,0,0,4,1086.1
2024-03-31,S07,A,146.45,5,0,0,6,1009.9
2024-02-02,S09,C,135.43,5,0,0,4,887.2
2024-03-21,S05,B,203.62,10,0,0,3,752.1
2024-05-29,S09,C,140.55,7,0,0,2,807.2
2024-01-13,S04,C,290.68,12,0,0,5,760.8
2023-02-19,S02,A,323.12,13,0,0,6,1004.4
2023-11-01,S05,B,267.19,21,0,0,2,1073.2
2023-09-18,S04,C,258.83,13,0,0,0,423.2
2023-02-02,S04,C,252.92,15,0,0,3,570.8
2023-10-27,S07,A,94.19,3,0,0,4,1457.4
2024-02-14,S05,B,230.56,11,0,0,2,1196.8
2023-07-16,S07,A,125.85,6,0,0,6,1011.3
2024-05-13,S09,C,118.92,5,0,0,0,1029.6
2024-10-24,S10,A,193.33,10,0,0,3,645.5
2023-11-10,S02,A,380.69,16,0,0,4,990.6
2023-11-23,S04,C,315.7,14,0,0,3,819.7
2024-12-31,S01,C,314.01,11,0,0,1,1072.5
2023-06-26,S01,C,244.2,9,0,0,0,807.7
2024-10-03,S01,C,257.84,16,0,0,3,550.6
2023-02-02,S05,B,192.69,10,0,0,3,1252.2
2024-01-11,S04,C,228.56,13,0,0,3,681.0
2024-06-26,S05,B,174.82,7,0,0,2,639.5
2024-09-18,S07,A,135.48,7,0,0,2,500.6
2023-02-28,S07,A,114.65,4,0,0,1,1483.7
2024-03-12,S09,C,94.25,8,0,0,1,1107.5
2023-06-30,S04,C,185.03,10,0,0,4,1335.6
2024-08-08,S03,A,127.25,5,0,0,3,1117.9
2023-03-12,S07,A,136.54,4,0,0,6,231.3
2024-03-12,S07,A,107.68,5,0,0,1,1029.7
2024-09-12,S08,A,89.29,4,0,0,3,988.9
2024-08-10,S03,A,165.0,7,0,0,5,1056.6
2023-04-28,S03,A,142.25,5,0,0,4,761.3
2023-06-04,S05,B,243.78,14,0,0,6,1115.9
2024-12-12,S07,A,98.08,4,0,0,3,1609.3
2024-10-21,S08,A,145.33,7,0,0,0,844.0
2024-09-06,S03,A,119.75,6,0,0,4,1011.8
2024-12-12,S04,C,247.51,9,0,0,3,1508.7
2024-02-15,S02,A,273.52,16,0,0,3,1121.5
2023-01-21,S09,C,128.05,8,0,0,5,1478.0
2024-01-06,S04,C,256.08,10,0,0,5,598.1
2023-03-16,S08,A,159.51,13,0,0,3,1175.3
2023-07-20,S03,A,96.39,3,0,0,3,903.7
2023-08-02,S03,A,109.45,4,0,0,2,1035.0
2023-03-21,S09,C,106.92,6,0,0,1,975.0
2023-01-09,S09,C,105.43,3,0,0,0,924.2
2023-03-15,S05,B,177.74,11,0,0,2,1215.9
2024-11-28,S09,C,158.54,8,0,0,3,952.9
2023-08-24,S02,A,310.62,27,0,0,3,1097.4
2023-08-11,S08,A,177.85,9,1,0,4,1080.4
2023-11-09,S04,C,280.4,14,1,0,3,1110.8
2023-10-16,S08,A,147.91,5,0,0,0,580.2
2023-03-27,S03,A,140.02,6,0,0,0,209.3
2023-02-18,S07,A,125.24,6,0,0,5,1386.9
2024-11-25,S04,C,372.83,28,1,0,0,739.1
2024-08-09,S08,A,114.01,5,0,0,4,935.6
2024-01-12,S06,A,104.04,5,0,0,4,631.0
2023-05-18,S05,B,212.97,9,0,0,3,1287.3
2023-11-05,S10,A,344.39,19,0,1,6,422.2
2024-10-14,S06,A,115.28,4,0,0,0,1127.9
2024-11-27,S10,A,217.38,9,0,0,2,1020.7
2024-06-03,S10,A,202.35,16,0,0,0,276.2
2023-01-20,S09,C,114.73,6,0,0,4,1311.3
2024-07-03,S03,A,101.97,3,0,0,2,1727.6
2023-10-17,S10,A,198.06,14,0,0,1,580.0
2024-09-12,S07,A,117.56,4,0,0,3,528.3
2023-01-08,S04,C,340.18,31,0,0,6,1024.6
2023-02-24,S09,C,142.72,7,0,0,4,681.3
2024-07-09,S10,A,166.49,8,0,0,1,852.1
2023-11-12,S05,B,312.02,13,0,0,6,971.1
2024-03-09,S05,B,241.26,12,0,0,5,516.7
2024-10-11,S03,A,115.63,6,0,0,4,1361.2
2024-01-29,S07,A,106.94,6,0,0,0,1322.0
2023-12-08,S04,C,321.29,19,0,0,4,1252.0
2023-11-07,S06,A,135.39,9,0,0,1,539.0
2023-10-02,S02,A,320.13,18,0,0,0,1134.8
2023-06-22,S01,C,170.99,8,0,0,3,1081.9
2023-05-20,S04,C,280.99,16,0,0,5,897.1
2024-06-19,S10,A,170.79,9,0,0,2,873.7
2023-12-04,S10,A,261.76,19,0,0,0,450.0
2024-02-13,S01,C,273.73,11,0,0,1,674.0
2023-10-26,S02,A,268.86,13,0,0,3,1104.2
2024-04-21,S03,A,187.28,9,1,0,6,1178.0
2023-04-14,S05,B,225.97,13,0,0,4,1494.8
2023-08-14,S02,A,222.05,27,0,0,0,1109.7
2024-05-06,S04,C,245.02,9,0,0,0,749.8
2023-05-26,S02,A,352.7,14,0,0,4,498.1
2024-12-13,S04,C,317.42,15,0,0,4,1593.8
2024-04-27,S05,B,264.16,16,0,0,5,557.6
2024-07-05,S08,A,102.3,4,0,0,4,715.0
2024-08-19,S05,B,226.6,45,0,0,0,932.0
2024-03-01,S08,A,139.34,5,0,0,4,1193.8
2023-04-04,S08,A,165.63,9,0,0,1,809.3
2024-02-25,S02,A,400.58,18,0,0,6,895.9
2024-03-24,S07,A,148.08,8,1,0,6,1225.1
2024-08-17,S09,C,180.56,10,0,0,5,386.9
2023-05-16,S03,A,127.15,5,0,0,1,1438.7
2023-06-06,S04,C,212.14,9,0,0,1,855.1
2024-07-23,S07,A,61.2,6,0,0,1,1338.6
2023-08-11,S07,A,103.89,5,0,0,4,804.1
2023-11-11,S03,A,174.58,17,0,0,5,706.6
2024-10-27,S04,C,256.26,15,0,0,6,1166.7
2023-03-04,S01,C,325.8,13,0,0,5,959.7
2024-11-18,S08,A,138.13,5,0,0,0,863.8
2024-01-10,S03,A,132.78,7,0,0,2,1814.4
2024-10-03,S10,A,204.01,11,0,0,3,838.7
2023-02-17,S09,C,134.38,7,0,0,4,949.9
2024-06-10,S06,A,112.78,5,1,0,0,934.7
2024-11-13,S03,A,152.91,6,0,0,2,1023.9
2024-08-28,S06,A,120.16,5,1,0,2,1245.0
2024-12-07,S08,A,165.19,9,0,0,5,675.3
2024-07-20,S04,C,300.74,11,0,0,5,609.8
2024-04-05,S10,A,195.56,14,0,0,4,908.0
2023-04-14,S04,C,206.57,8,0,0,4,1174.0
2024-02-05,S05,B,235.78,11,0,0,0,806.0
2023-01-29,S07,A,171.2,8,1,0,6,834.3
2023-02-25,S01,C,297.58,14,0,0,5,1173.9
2024-07-22,S01,C,226.84,12,0,0,0,917.9
2023-12-25,S01,C,282.95,17,0,0,0,1291.6
2024-05-17,S06,A,89.7,3,0,0,4,770.1
2023-07-17,S02,A,252.69,16,0,0,0,1121.8
2023-04-17,S02,A,271.71,10,0,0,0,900.8
2024-05-14,S08,A,129.98,6,0,0,1,1274.0
2024-04-15,S02,A,274.5,8,0,0,0,873.0
2024-03-20,S08,A,128.38,6,0,0,2,782.5
2024-08-15,S06,A,110.33,5,0,0,3,1259.1
2024-10-09,S10,A,173.19,14,0,0,2,1076.0
2024-12-30,S02,A,389.2,13,1,0,0,1047.7
2024-08-15,S09,C,134.01,6,0,0,3,884.4
2023-10-27,S02,A,318.22,20,0,0,4,1398.6
2024-01-21,S09,C,198.29,11,1,0,6,822.7
2023-12-13,S08,A,183.01,9,0,0,2,976.4
2024-01-06,S08,A,164.34,7,0,0,5,1016.4
2023-04-27,S04,C,301.47,15,1,0,3,520.7
2023-11-09,S06,A,102.94,3,0,0,3,692.3
2024-09-07,S07,A,121.73,8,0,0,5,1211.7
2024-04-29,S06,A,114.1,7,0,0,0,547.4
2024-12-22,S07,A,177.06,11,1,0,6,1312.8
2024-03-16,S10,A,213.53,9,0,0,5,606.5
2023-09-10,S03,A,129.98,5,0,0,6,892.5
2023-10-03,S04,C,215.06,7,0,0,1,1080.6
2024-05-22,S10,A,173.64,5,0,0,2,1048.2
2023-03-25,S04,C,280.78,11,0,0,5,1102.0
2024-02-20,S10,A,203.49,18,0,0,1,878.3
2023-02-24,S10,A,203.59,6,0,0,4,1295.7
2023-04-13,S01,C,242.31,12,0,0,3,1095.2
2023-01-25,S09,C,114.62,5,0,0,2,1155.3
2024-02-24,S07,A,141.93,10,0,0,5,518.0
2023-01-30,S07,A,112.52,4,0,0,0,1177.2
2024-02-07,S05,B,176.24,11,0,0,2,1088.2
2024-08-28,S07,A,85.8,3,0,0,2,1493.9
2024-06-02,S08,A,138.16,18,0,0,6,964.5
2024-09-30,S04,C,220.97,14,0,0,0,1047.1
2023-01-11,S01,C,249.14,10,0,0,2,751.3
2024-04-11,S07,A,135.07,7,1,0,3,1057.3
2024-03-17,S03,A,184.23,7,0,0,6,351.2
2023-08-31,S04,C,192.24,9,0,0,3,749.7
2023-12-27,S02,A,413.19,24,0,0,2,1013.2
2024-12-08,S07,A,149.37,6,0,0,6,646.6
2024-10-28,S05,B,219.57,8,0,0,0,1266.7
2023-08-17,S05,B,172.77,8,0,0,3,1009.6
2024-05-28,S03,A,117.7,7,0,0,1,1495.5
2023-02-04,S07,A,137.87,4,0,0,5,1067.3
2024-10-27,S02,A,368.78,24,0,0,6,825.7
2023-09-09,S10,A,193.25,10,0,0,5,995.4
2023-03-10,S02,A,277.65,10,0,0,4,1045.7
2023-05-22,S05,B,231.34,11,0,0,0,823.0
2023-10-10,S06,A,142.07,11,1,0,1,826.8
2023-05-27,S06,A,118.82,7,0,0,5,592.7
2024-10-21,S04,C,232.32,11,0,0,0,1026.3
2024-01-28,S10,A,242.76,10,0,0,6,1333.5
2024-03-28,S10,A,167.93,7,0,0,3,1128.3
2024-09-19,S07,A,123.42,7,0,0,3,354.1
2024-01-23,S09,C,125.24,6,0,0,1,1293.2
2023-12-03,S03,A,196.39,8,1,0,6,709.5
2024-04-03,S03,A,157.89,5,0,0,2,286.7
2024-08-03,S10,A,233.18,9,0,0,5,1452.5
2023-05-31,S02,A,296.2,13,0,0,2,1123.9
2023-10-24,S04,C,226.98,10,0,0,1,921.0
2023-12-28,S03,A,148.31,8,0,0,3,793.2
2024-05-31,S09,C,134.68,6,0,0,4,680.1
2024-08-27,S01,C,242.89,15,0,0,1,1206.8
2023-01-09,S05,B,208.29,16,0,0,0,1636.6
2024-06-17,S08,A,116.19,6,1,0,0,1229.3
2023-08-26,S06,A,137.2,5,0,0,5,419.8
2024-05-11,S06,A,131.57,7,0,0,5,1176.5
2024-11-29,S10,A,247.41,10,0,0,4,1042.1
2023-06-09,S04,C,248.65,11,0,0,4,100.0
2024-09-15,S01,C,274.02,11,0,0,6,765.0
2024-03-09,S07,A,114.92,4,0,0,5,1194.9
2024-01-29,S10,A,176.84,7,0,0,0,1126.2
2024-07-11,S05,B,226.98,9,0,0,3,889.9
2024-11-26,S05,B,249.02,15,0,0,1,749.6
2024-03-27,S07,A,105.21,4,0,0,2,1631.8
2024-11-15,S09,C,152.58,7,0,0,4,1264.4
2024-06-17,S01,C,250.71,11,0,0,0,626.9
2024-08-24,S01,C,279.28,11,1,0,5,1253.8
2024-11-16,S04,C,356.07,21,0,0,5,1054.2
2024-11-19,S09,C,183.83,10,0,0,1,920.4
2024-07-05,S07,A,100.67,3,0,0,4,1443.2
2023-08-09,S09,C,100.37,4,0,0,2,803.6
2024-10-11,S01,C,265.14,22,0,0,4,691.8
2024-08-09,S03,A,138.89,6,0,0,4,756.4
2024-07-18,S07,A,94.96,4,0,0,3,883.7
2024-05-04,S08,A,132.08,5,0,0,5,1046.7
2023-08-07,S10,A,184.5,6,0,0,0,942.0
2024-03-23,S10,A,229.73,12,0,0,5,1250.2
2023-07-10,S03,A,109.68,6,0,0,0,1292.1
2024-07-14,S07,A,164.76,12,1,0,6,423.7
2024-04-14,S02,A,447.78,25,0,0,6,1080.9
2024-10-18,S10,A,182.03,8,0,0,4,1300.8
2023-12-10,S09,C,203.87,7,0,0,6,803.9
2024-01-22,S07,A,103.82,9,0,0,0,822.9
2023-02-07,S04,C,249.46,9,0,0,1,1315.2
2024-02-15,S09,C,126.82,9,0,0,3,1284.9
2024-06-11,S01,C,380.37,21,1,0,1,460.9
2024-07-31,S02,A,320.92,14,0,0,2,1076.9
2024-06-20,S04,C,232.06,9,0,0,3,457.8
2023-12-10,S08,A,175.28,7,0,0,6,843.3
2024-12-18,S02,A,311.72,12,0,0,2,1235.8
2024-05-19,S07,A,140.94,6,0,0,6,1091.8
2024-10-13,S07,A,138.95,5,0,0,6,500.6
2023-05-30,S09,C,148.21,9,0,0,1,1257.0
2023-08-16,S06,A,91.67,4,0,0,2,820.8
2024-03-15,S04,C,236.5,16,0,0,4,1070.3
2023-03-23,S03,A,144.02,8,0,0,3,960.6
2023-05-19,S06,A,116.59,6,0,0,4,934.9
2024-09-13,S01,C,237.06,11,0,0,4,989.3
2024-11-08,S08,A,151.46,5,0,0,4,608.6
2024-11-07,S02,A,483.6,24,0,0,3,902.1
2023-09-01,S07,A,100.14,5,0,0,4,684.9
2024-07-22,S10,A,142.88,11,0,0,0,1064.5
2023-05-22,S03,A,110.01,4,0,0,0,1430.5
2024-07-23,S01,C,220.81,8,0,0,1,1288.8
2024-02-24,S06,A,145.57,6,0,0,5,1018.0
2023-04-03,S02,A,313.45,13,0,0,0,810.5
2023-02-02,S03,A,163.66,8,0,0,3,797.1
2023-09-05,S07,A,86.7,4,0,0,1,1060.7
2024-10-25,S10,A,196.3,17,0,0,4,762.3
2023-10-20,S02,A,373.88,21,1,0,4,1173.7
2024-07-25,S01,C,286.55,14,0,0,3,868.0
2023-07-16,S06,A,86.52,3,0,0,6,1302.0
2024-05-30,S08,A,157.59,5,0,0,3,700.0
2023-06-12,S04,C,279.24,10,0,0,0,843.4
2023-01-24,S02,A,322.27,17,0,0,1,1184.8
2023-05-22,S10,A,163.57,10,0,0,0,1427.3
2023-05-24,S01,C,237.03,18,0,0,2,1152.6
2023-04-18,S10,A,203.62,8,0,0,1,623.5
2024-02-28,S01,C,265.72,14,0,0,2,878.5
2023-04-22,S06,A,110.68,3,0,0,5,1488.5
2024-09-05,S05,B,231.23,9,0,0,3,617.2
2023-07-15,S05,B,180.22,10,0,0,5,899.6
2024-08-09,S04,C,249.95,12,0,0,4,1302.6
2023-07-01,S08,A,164.67,11,0,0,5,1033.3
2023-05-05,S03,A,143.24,10,0,0,4,1149.1
2024-10-19,S03,A,142.02,4,0,0,5,909.1
2024-05-16,S03,A,109.07,7,0,0,3,1013.0
2023-11-13,S05,B,266.15,17,0,0,0,870.2
2024-11-08,S05,B,230.12,13,0,0,4,888.1
2024-09-04,S10,A,170.45,8,0,0,2,961.0
2024-02-16,S04,C,216.53,11,0,0,4,1141.6
2024-05-17,S09,C,144.71,16,0,0,4,275.4
2023-01-27,S06,A,102.28,4,0,0,4,1315.9
2023-01-01,S01,C,282.83,12,0,0,6,1149.0
2024-02-17,S08,A,123.57,6,0,0,5,1712.3
2024-01-18,S05,B,226.45,12,0,0,3,651.2
2023-03-25,S09,C,155.03,7,0,0,5,962.4
2023-01-02,S05,B,200.99,15,0,0,0,965.3
2024-08-20,S03,A,119.91,5,0,0,1,1594.0
2024-11-17,S08,A,198.54,9,0,0,6,875.7
2023-12-01,S08,A,156.09,7,0,0,4,935.0
2023-01-01,S09,C,192.86,13,1,0,6,836.7
2023-04-14,S10,A,219.0,7,0,0,4,773.3
2023-09-18,S06,A,95.17,6,0,0,0,1045.4
2024-05-15,S03,A,115.35,8,0,0,2,1371.0
2024-09-30,S10,A,194.21,9,0,0,0,665.1
2024-04-09,S02,A,357.59,20,0,0,1,1504.8
2024-02-08,S02,A,340.29,16,0,0,3,906.5
2023-02-03,S10,A,184.6,8,0,0,4,854.8
2023-08-27,S09,C,151.59,5,0,0,6,777.3
2024-08-18,S07,A,168.58,10,1,0,6,625.4
2024-01-07,S08,A,132.98,17,0,0,6,877.2
2023-04-20,S01,C,232.07,9,0,0,3,935.3
2024-09-19,S06,A,157.34,8,1,0,3,711.8
2024-05-22,S07,A,108.56,5,0,0,2,898.0
2023-03-04,S03,A,161.17,11,0,0,5,1309.8
2024-12-24,S05,B,313.44,10,0,0,1,1061.8
2023-07-31,S03,A,101.72,4,0,0,0,1207.3
2023-06-19,S05,B,161.97,6,0,0,0,1025.3
2023-09-15,S02,A,352.83,15,0,0,4,1100.0
2023-07-28,S04,C,185.1,10,0,0,4,1302.0
2024-06-01,S02,A,357.95,12,0,0,5,590.8
2023-08-28,S03,A,102.86,5,0,0,0,1356.1
2023-03-30,S10,A,212.18,9,0,0,3,630.2
2023-10-28,S01,C,320.18,14,0,0,5,1229.6
2024-10-16,S03,A,139.33,8,0,0,2,520.8
2023-01-20,S07,A,115.79,5,1,0,4,1249.1
2024-11-01,S07,A,106.18,6,0,0,4,1146.0
2023-07-06,S03,A,81.18,3,0,0,3,806.7
2023-05-18,S03,A,101.87,5,0,0,3,927.2
2024-10-24,S02,A,381.19,16,0,0,3,599.4
2024-02-29,S07,A,106.24,8,0,0,3,1682.2
2023-02-13,S03,A,113.87,5,0,0,0,1275.7
2023-08-29,S05,B,220.98,11,0,0,1,612.7
2023-08-17,S09,C,144.92,5,0,0,3,996.5
2024-12-18,S03,A,145.64,7,0,0,2,1406.1
2023-06-14,S04,C,238.44,26,0,0,2,957.0
2023-04-21,S09,C,128.72,6,0,0,4,1331.2
2024-05-27,S06,A,115.26,4,0,0,0,1107.6
2023-06-29,S06,A,113.33,9,0,0,3,1007.0
2024-02-10,S05,B,249.7,8,0,0,5,1070.6
2024-10-09,S02,A,274.06,12,0,0,2,1088.3
2023-05-12,S08,A,174.62,7,0,0,4,749.7
2023-04-30,S06,A,121.73,7,0,0,6,611.9
2024-11-29,S05,B,298.18,15,0,0,4,774.2
2023-03-02,S05,B,222.24,11,0,0,3,1483.7
2024-04-11,S10,A,180.5,6,0,0,3,600.4
2023-11-21,S06,A,172.12,9,1,0,1,956.9
2023-05-02,S10,A,210.98,6,0,0,1,374.1
2024-07-09,S04,C,163.19,8,0,0,1,1316.6
2024-04-03,S09,C,111.0,6,0,0,2,1012.0
2023-06-16,S03,A,119.44,5,0,0,4,933.7
2024-04-11,S08,A,170.22,7,0,0,3,936.7
2024-12-17,S08,A,156.11,9,0,0,1,1320.7
2024-11-11,S05,B,221.66,14,0,0,0,657.9
2024-12-31,S06,A,120.59,6,0,0,1,1299.2
2023-04-26,S09,C,112.93,4,0,0,2,784.9
2024-03-13,S02,A,413.64,24,0,0,2,950.1
2023-11-24,S05,B,257.44,13,0,0,4,758.0
2024-07-27,S09,C,133.55,6,0,0,5,1745.2
2024-04-11,S01,C,223.22,10,0,0,3,1394.5
2024-08-07,S06,A,119.39,4,0,0,2,998.4
2024-05-09,S02,A,352.26,15,0,0,3,1144.6
2023-05-18,S01,C,219.21,7,0,0,3,1343.8
2023-10-14,S09,C,163.3,12,0,0,5,1184.0
2023-06-28,S10,A,161.21,5,0,0,2,908.9
2023-07-12,S02,A,378.56,20,1,0,2,578.6
2023-04-01,S05,B,203.61,9,0,0,5,1150.0
2024-11-16,S05,B,293.35,9,0,0,5,1179.0
2023-10-13,S06,A,124.38,5,0,0,4,1005.5
2023-08-19,S05,B,295.83,11,0,0,5,794.0
2024-07-18,S01,C,235.66,9,0,0,3,1334.3
2023-11-26,S09,C,162.36,9,0,0,6,959.1
2024-08-08,S07,A,92.88,3,0,0,3,585.5
2023-09-24,S10,A,191.92,7,0,0,6,1449.4
2024-09-05,S06,A,144.4,6,0,0,3,107.2
2023-10-04,S01,C,303.49,12,0,0,2,905.0
2023-09-05,S04,C,223.24,11,0,0,1,925.6
2024-10-11,S10,A,213.23,7,0,0,4,842.5
2023-08-10,S06,A,105.28,6,0,0,3,1539.5
2023-07-22,S03,A,158.84,6,0,0,5,749.3
2024-03-05,S02,A,262.04,19,0,0,1,1021.7
2023-08-15,S01,C,241.3,11,0,0,1,1360.6
2024-10-09,S01,C,231.52,13,0,0,2,1303.8
2023-12-26,S10,A,231.57,8,0,0,1,855.1
2023-01-26,S05,B,188.11,7,0,0,3,1768.0
2023-11-23,S10,A,160.75,8,0,0,3,1293.0
2024-05-21,S02,A,314.44,16,0,0,1,710.0
2023-01-23,S02,A,277.0,13,0,0,0,837.0
2023-01-27,S08,A,137.81,7,0,0,4,845.2
2023-01-11,S08,A,116.21,3,0,0,2,1178.5
2024-01-13,S05,B,297.14,13,0,0,5,1042.8
2023-05-03,S07,A,100.28,6,0,0,2,1357.5
2023-11-25,S03,A,182.57,11,0,0,5,1080.5
2023-06-06,S03,A,107.93,8,0,0,1,761.2
2024-06-23,S08,A,123.74,6,0,0,6,547.5
2023-06-26,S09,C,126.12,6,0,0,0,922.8
2024-05-11,S03,A,130.64,4,0,0,5,955.0
2023-11-15,S02,A,447.85,23,0,0,2,829.3
2024-02-07,S09,C,159.15,6,0,0,2,758.6
2023-05-02,S01,C,229.88,12,0,0,1,1178.9
2024-12-12,S02,A,452.76,34,1,0,3,362.7
2024-03-01,S01,C,347.12,24,0,0,4,570.1
2024-11-06,S05,B,182.26,12,0,1,2,1238.4
2024-10-23,S03,A,154.21,6,0,0,2,972.7
2023-02-07,S07,A,112.32,5,0,0,1,980.8
2024-01-25,S04,C,268.29,14,1,0,3,712.6
2023-03-17,S06,A,80.24,3,0,0,4,1357.8
2023-01-30,S02,A,304.46,10,0,0,0,780.7
2023-09-07,S10,A,111.77,5,0,0,3,1637.4
2023-06-01,S03,A,111.67,5,0,0,3,1065.0
2023-01-19,S09,C,115.22,11,0,0,3,1360.4
2023-07-08,S03,A,164.95,6,0,0,5,817.7
2023-05-01,S02,A,322.56,20,0,0,0,1000.2
2024-11-18,S02,A,342.77,19,0,0,0,856.2
2023-09-26,S10,A,179.5,9,0,0,1,1277.7
2023-12-01,S02,A,405.4,14,0,0,4,1019.4
2024-10-17,S03,A,118.78,14,0,0,3,809.4
2023-02-20,S02,A,288.92,16,0,0,0,999.0
2023-11-23,S01,C,444.09,30,1,0,3,862.7
2023-09-20,S01,C,234.2,18,0,0,2,1616.3
2024-12-24,S10,A,212.62,9,0,0,1,552.0
2024-10-11,S04,C,180.93,9,0,0,4,1006.6
2024-06-25,S03,A,132.89,5,0,0,1,1014.6
2024-03-04,S09,C,159.92,7,1,0,0,942.8
2024-11-07,S07,A,142.85,6,0,0,3,1040.5
2023-03-09,S03,A,125.23,5,1,0,3,920.6
2024-04-22,S07,A,87.32,4,0,0,0,1400.2
2023-11-07,S08,A,164.5,13,0,0,1,878.2
2024-09-29,S06,A,135.32,8,0,0,6,598.5
2023-05-19,S04,C,227.96,8,0,0,4,1073.1
2024-08-01,S06,A,85.84,5,0,0,3,530.8
2023-09-18,S10,A,184.16,12,0,0,0,933.7
2024-07-26,S09,C,94.77,4,0,0,4,1539.5
2023-04-30,S03,A,143.99,9,0,0,6,750.4
2023-07-29,S06,A,101.29,4,0,0,5,815.2
2024-10-28,S08,A,110.41,4,0,0,0,1085.0
2023-01-22,S07,A,135.77,4,0,0,6,930.7
2024-02-24,S03,A,137.22,9,0,0,5,1467.8
2023-02-12,S02,A,381.0,29,0,0,6,723.8
2023-02-20,S06,A,122.51,5,0,0,0,963.5
2024-10-20,S10,A,213.38,10,0,0,6,1673.5
2023-11-09,S09,C,167.32,10,0,0,3,783.0
2024-02-08,S09,C,142.32,6,0,0,3,901.3
2024-09-11,S09,C,134.57,8,0,0,2,1010.1
2023-02-20,S07,A,164.37,6,1,0,0,692.7
2024-02-24,S01,C,320.67,14,0,0,5,679.0
2024-01-10,S10,A,216.31,11,0,0,2,971.1
2023-09-03,S08,A,145.1,13,0,0,6,1017.5
2024-03-08,S03,A,114.04,5,0,0,4,1143.7
2023-12-04,S09,C,145.84,10,0,0,0,684.3
2024-04-16,S05,B,208.77,15,0,0,1,1229.2
2023-05-24,S07,A,102.71,5,0,0,2,940.9
2023-07-09,S02,A,232.24,11,0,0,6,1847.3
2023-10-31,S05,B,245.01,16,0,0,1,1220.0
2024-08-01,S03,A,145.44,5,0,0,3,814.8
2024-04-12,S05,B,256.04,23,0,0,4,733.6
2024-10-13,S02,A,316.36,17,0,0,6,911.9
2023-02-04,S08,A,176.47,8,0,0,5,862.3
2024-11-04,S05,B,294.53,12,0,1,0,948.0
2023-02-03,S04,C,263.72,10,0,0,4,1171.8
2024-06-02,S01,C,199.2,9,0,0,6,771.4
2023-06-20,S07,A,114.86,8,0,0,1,525.3
2023-05-29,S08,A,126.09,4,0,0,0,1554.8
2024-10-01,S03,A,180.19,6,1,0,1,1194.6
2024-07-16,S10,A,162.59,6,0,0,1,989.6
2024-11-15,S05,B,288.3,18,0,0,4,617.7
2024-06-15,S04,C,302.68,11,1,0,5,633.9
2024-09-29,S08,A,179.41,17,0,0,6,477.5
2023-03-16,S07,A,118.96,5,0,0,3,877.9
2023-10-31,S10,A,178.8,6,0,0,1,1218.8
2024-01-01,S07,A,104.86,4,0,0,0,1183.1
2024-03-20,S07,A,131.7,13,1,0,2,765.8
2024-05-08,S09,C,131.05,12,0,0,2,1530.4
2023-12-27,S09,C,157.84,8,0,0,2,665.4
2024-04-04,S07,A,99.66,6,0,0,3,1245.5
2024-07-25,S10,A,170.15,8,0,0,3,847.9
2023-10-13,S09,C,136.15,6,0,0,4,956.5
2024-09-01,S02,A,366.97,19,0,0,6,729.7
2023-01-26,S10,A,188.06,8,0,0,3,925.7
2023-06-30,S08,A,140.72,7,0,0,4,642.9
2023-12-20,S06,A,150.13,7,0,0,2,443.9
2023-08-23,S05,B,187.69,6,0,0,2,1150.3
2024-09-17,S01,C,262.02,15,0,0,1,784.8
2023-10-10,S10,A,210.15,12,0,0,1,704.6
2023-06-24,S01,C,242.14,12,0,0,5,1535.4
2023-03-01,S10,A,220.07,10,0,0,2,761.2
2023-01-05,S06,A,90.67,4,0,0,3,1465.0
2024-04-11,S02,A,327.47,19,0,0,3,978.9
2024-05-23,S01,C,281.0,12,0,0,3,1124.1
2023-07-16,S05,B,197.59,8,0,0,6,580.3
2024-01-30,S06,A,108.09,4,0,0,1,1005.8
2024-01-26,S05,B,213.03,9,0,0,4,1342.2
2024-11-30,S03,A,195.24,7,0,0,5,676.4
2024-12-03,S02,A,389.81,14,0,0,1,781.1
2023-11-18,S04,C,258.38,11,0,0,5,927.8
2023-08-20,S08,A,118.52,7,0,0,6,1351.4
2023-09-23,S01,C,441.08,23,1,0,5,575.3
2024-05-26,S08,A,149.64,7,0,0,6,733.3
2024-01-27,S06,A,127.03,26,0,0,5,1182.7
2023-10-10,S08,A,163.57,12,0,0,1,990.3
2023-08-30,S08,A,155.17,6,0,0,2,778.9
2024-03-18,S09,C,126.05,4,0,0,0,880.4
2023-05-10,S09,C,147.22,5,0,0,2,882.1
2023-02-12,S07,A,118.13,5,0,0,6,1057.6
2024-12-31,S05,B,326.09,19,1,0,1,1353.6
2023-03-22,S06,A,114.09,5,0,0,2,1081.4
2023-02-11,S01,C,253.32,12,0,0,5,832.8
2024-09-02,S10,A,196.79,9,0,0,0,1182.2
2024-01-24,S02,A,378.27,16,0,0,2,110.0
2023-02-13,S09,C,103.12,7,0,0,0,1003.1
2023-08-28,S09,C,122.09,5,0,0,0,1224.2
2023-11-23,S06,A,121.32,5,0,0,3,1373.5
2023-02-13,S05,B,190.17,8,0,0,0,947.5
2023-03-17,S02,A,263.92,12,0,0,4,996.4
2024-12-25,S04,C,307.79,10,0,0,2,576.1
2024-01-06,S05,B,239.05,12,0,0,5,1009.9
2024-12-26,S08,A,145.43,7,0,0,3,954.6
2024-05-10,S06,A,122.6,4,0,0,4,961.1
2023-11-02,S09,C,139.51,5,0,0,3,1331.5
2024-05-09,S08,A,153.13,6,0,0,3,1067.4
2023-10-03,S06,A,150.67,10,1,0,1,941.4
2023-04-15,S10,A,220.27,14,0,0,5,786.3
2023-03-04,S07,A,151.64,6,1,0,5,495.0
2024-10-10,S03,A,118.17,4,0,0,3,818.8
2023-05-03,S04,C,256.75,10,0,0,2,1101.6
2023-01-22,S01,C,378.6,19,0,0,6,492.3
2023-09-02,S01,C,281.53,15,0,0,5,1190.6
2024-09-14,S09,C,164.75,8,0,0,5,1004.4
2023-01-12,S01,C,228.99,11,0,0,3,996.3
2023-01-06,S02,A,317.6,19,0,0,4,1069.7
2023-04-21,S10,A,167.67,6,0,0,4,823.2
2023-05-25,S07,A,114.3,4,0,0,3,381.0
2023-08-18,S02,A,266.15,17,0,0,4,863.4
2024-08-13,S02,A,339.19,14,0,0,1,1281.0
2024-06-06,S09,C,112.67,6,0,0,3,1337.7
2024-05-24,S10,A,135.07,6,0,0,4,1028.9
2024-03-10,S09,C,233.96,9,1,0,6,597.7
2024-09-12,S09,C,101.6,8,0,0,3,940.5
2024-10-31,S07,A,121.71,6,0,0,3,943.7
2023-11-16,S06,A,147.29,6,0,0,3,527.7
2024-07-25,S03,A,110.19,4,0,0,3,1197.6
2024-01-16,S10,A,191.08,8,0,0,1,822.9
2023-10-05,S09,C,159.93,10,1,0,3,1309.4
2024-11-11,S04,C,292.7,15,0,0,0,1064.9
2024-08-27,S06,A,106.52,5,0,0,1,561.9
2024-07-21,S02,A,336.17,13,0,0,6,894.7
2024-07-19,S04,C,162.2,7,0,0,4,1249.8
2024-04-28,S07,A,106.43,6,0,0,6,1003.8
2024-06-27,S04,C,197.68,9,0,0,3,1212.0
2023-07-31,S08,A,100.05,4,0,0,0,688.6
2023-11-15,S03,A,164.48,9,0,0,2,1201.4
2023-11-09,S08,A,142.52,9,0,0,3,679.8
2023-03-12,S06,A,155.55,10,1,0,6,846.0
2024-01-21,S07,A,138.22,5,1,0,6,1171.0
2023-08-13,S06,A,133.41,6,0,0,6,1152.9
2023-01-06,S08,A,136.95,6,0,0,4,755.3
2023-09-26,S01,C,253.36,19,0,0,1,939.3
2024-12-28,S03,A,192.53,9,0,0,5,872.6
2023-02-22,S08,A,109.93,5,0,0,2,1344.6
2024-12-01,S06,A,138.71,6,0,0,6,1262.4
2024-07-07,S02,A,412.84,24,1,0,6,529.1
2023-02-26,S06,A,99.13,5,0,0,6,1581.7
2023-07-08,S04,C,224.46,10,0,0,5,1281.6
2023-09-03,S09,C,179.0,8,0,0,6,1141.1
2023-03-06,S01,C,364.73,24,1,0,0,406.2
2023-12-06,S06,A,117.71,8,1,0,2,1874.2
2024-09-22,S02,A,334.59,19,0,0,6,807.0
2023-03-15,S01,C,292.32,9,0,0,2,520.6
2024-09-26,S06,A,151.44,7,1,0,3,1055.9
2024-03-26,S03,A,122.03,8,0,0,1,1265.1
2023-10-18,S04,C,239.36,13,0,0,2,737.7
2023-02-02,S06,A,112.28,14,0,0,3,433.1
2023-08-11,S06,A,104.65,6,0,0,4,1233.1
2023-01-30,S01,C,222.25,16,0,0,0,946.9
2024-05-06,S03,A,109.34,7,0,0,0,1129.0
2023-08-21,S09,C,121.46,9,0,0,0,623.8
2023-07-15,S07,A,109.78,6,0,0,5,804.0
2024-03-07,S10,A,202.25,14,0,0,3,1236.6
2024-04-27,S04,C,300.78,16,0,0,5,946.2
2024-06-05,S05,B,220.63,9,0,0,2,836.3
2024-09-13,S04,C,228.36,9,0,0,4,1581.2
2023-07-19,S03,A,115.51,5,0,0,2,1496.0
2023-10-10,S07,A,100.37,5,1,0,1,1664.3
2024-07-10,S03,A,127.65,5,0,0,2,844.4
2024-07-13,S05,B,225.73,13,0,0,5,1419.7
2023-03-28,S05,B,220.23,9,0,0,1,987.2
2024-06-24,S08,A,116.52,5,0,0,0,949.9
2024-09-10,S07,A,95.67,5,0,0,1,1755.9
2023-09-19,S10,A,128.8,5,0,0,1,734.2
2024-07-01,S05,B,222.54,10,0,0,0,547.7
2023-09-17,S03,A,124.57,6,0,0,6,1312.0
2024-03-05,S06,A,114.54,5,0,0,1,933.2
2023-02-07,S02,A,308.19,14,0,0,1,1148.7
2023-08-13,S10,A,197.22,10,0,0,6,1155.5
2024-07-21,S01,C,266.66,13,0,0,6,873.5
2024-04-27,S08,A,172.79,7,1,0,5,675.4
2024-03-08,S06,A,114.02,7,0,0,4,1237.2
2024-07-30,S07,A,121.37,10,0,0,1,664.7
2024-10-31,S09,C,140.94,9,0,0,3,1179.9
2023-07-07,S01,C,270.52,10,0,0,4,1197.9
2024-11-06,S08,A,177.7,9,0,1,2,913.3
2024-07-16,S02,A,272.32,11,0,0,1,688.0
2024-05-17,S07,A,112.59,5,0,0,4,461.1
2024-09-17,S08,A,124.57,7,0,0,1,999.2
2023-04-02,S02,A,461.55,26,0,0,6,736.1
2024-10-24,S03,A,99.12,4,0,0,3,964.8
2024-12-07,S07,A,140.74,4,0,0,5,1264.1
2024-06-09,S10,A,172.4,7,0,0,6,961.4
2024-02-17,S10,A,215.59,11,0,0,5,578.0
2024-02-17,S07,A,132.27,6,0,0,5,1136.5
2023-11-17,S08,A,167.02,6,0,0,4,847.0
2023-06-20,S02,A,291.65,13,0,0,1,1023.4
2023-08-16,S03,A,117.55,5,0,0,2,410.6
2023-05-23,S04,C,218.14,12,0,0,1,1278.8
2023-01-13,S03,A,128.91,6,0,0,4,1067.2
2023-02-17,S10,A,182.53,7,0,0,4,1482.2
2024-03-12,S10,A,167.97,11,0,0,1,1245.6
2023-06-10,S07,A,104.36,5,0,0,5,1188.3
2023-01-30,S04,C,270.7,15,0,0,0,1356.5
2024-05-03,S02,A,322.19,11,0,0,4,843.9
2024-04-20,S02,A,418.38,22,0,0,5,1254.4
2023-04-05,S01,C,286.41,14,0,0,2,916.3
2024-05-27,S09,C,129.31,10,0,0,0,1266.4
2024-09-12,S03,A,100.09,3,0,0,3,1695.2
2023-02-13,S10,A,167.56,8,0,0,0,908.4
2023-05-18,S10,A,203.98,10,0,0,3,1101.4
2023-03-26,S08,A,197.65,10,1,0,6,622.4
2023-07-01,S02,A,353.81,20,0,0,5,896.5
2024-02-21,S07,A,93.6,4,0,0,2,944.6
2023-11-11,S09,C,130.65,8,0,0,5,1430.3
2023-05-25,S04,C,256.52,18,0,0,3,879.5
2023-11-07,S04,C,325.61,21,0,0,1,1309.7
2023-05-28,S08,A,174.39,10,0,0,6,330.9
2023-04-28,S04,C,342.25,45,1,0,4,335.0
2024-06-09,S02,A,310.81,19,0,0,6,1109.6
2024-07-20,S02,A,304.13,14,0,0,5,679.3
2023-07-15,S03,A,140.4,7,0,0,5,332.9
2023-07-26,S04,C,221.29,15,0,0,2,1383.6
2024-04-25,S09,C,163.29,9,0,0,3,871.6
2024-03-08,S09,C,95.41,6,0,0,4,1244.4
2024-05-20,S09,C,117.23,5,0,0,0,1661.0
2023-01-28,S10,A,316.31,16,1,0,5,700.5
2023-11-26,S06,A,155.24,8,0,0,6,671.7
2024-11-03,S09,C,192.74,8,0,0,6,1046.5
2023-09-24,S03,A,141.8,6,0,0,6,1066.2
2024-02-13,S05,B,212.16,18,0,0,1,1710.5
2024-04-27,S09,C,133.96,6,0,0,5,1092.7
2024-10-20,S01,C,311.4,20,0,0,6,949.4
2024-02-26,S01,C,217.42,11,0,0,0,1578.8
2024-09-27,S06,A,95.59,3,0,0,4,1044.2
2023-07-13,S05,B,244.2,9,0,0,3,876.8
2023-04-21,S02,A,369.45,14,0,0,4,692.3
2023-10-27,S06,A,91.35,5,0,0,4,1500.0
2023-06-11,S08,A,127.59,6,0,0,6,1764.7
2024-10-05,S02,A,321.94,24,0,0,5,1050.4
2024-02-15,S03,A,141.46,6,0,0,3,1204.6
2024-07-27,S08,A,155.12,6,0,0,5,981.2
2024-08-03,S03,A,152.23,20,0,0,5,960.3
2023-02-27,S08,A,128.08,6,0,0,0,895.2
2023-01-06,S10,A,168.3,5,0,0,4,1436.1
2023-11-28,S10,A,255.03,11,0,0,1,689.6
2023-03-20,S08,A,110.1,4,0,0,0,594.2
2023-09-24,S07,A,141.96,7,0,0,6,1495.9
2024-04-10,S03,A,191.6,6,1,0,2,571.2
2023-11-25,S07,A,180.13,7,0,0,5,1166.7
2024-03-08,S07,A,93.83,6,0,0,4,1157.4
2023-10-12,S03,A,135.65,5,0,0,3,902.8
2024-01-02,S02,A,336.31,16,0,0,1,1161.2
2024-06-22,S06,A,107.16,4,0,0,5,767.8
2023-05-15,S06,A,104.21,5,0,0,0,1287.0
2023-06-30,S06,A,90.15,8,0,0,4,1193.4
2023-04-29,S04,C,250.73,20,0,0,5,989.3
2023-12-22,S09,C,194.91,7,1,0,4,556.9
2024-11-01,S09,C,171.23,4,0,0,4,1323.2
2024-11-14,S08,A,224.83,10,1,0,3,917.2
2023-08-15,S05,B,193.33,10,0,0,1,1267.0
2024-02-06,S03,A,94.91,3,0,0,1,921.4
2024-09-12,S01,C,245.04,13,0,0,3,986.6
2023-01-19,S05,B,211.77,9,0,0,3,1350.3
2024-10-31,S08,A,116.23,4,0,0,3,762.2
2024-06-12,S02,A,243.31,10,0,0,2,2343.7
2023-08-01,S07,A,103.72,3,0,0,1,1272.0
2023-02-12,S01,C,289.31,12,0,0,6,1167.5
2024-05-25,S03,A,163.39,36,0,0,5,1021.7
2023-02-25,S04,C,291.93,15,0,0,5,1342.0
2023-05-20,S08,A,217.44,27,1,0,5,1079.1
2024-10-15,S07,A,98.62,5,0,0,1,888.9
2023-12-07,S08,A,121.14,5,0,0,3,940.4
2024-05-18,S07,A,115.34,3,0,0,5,1183.1
2023-12-06,S07,A,160.19,10,0,0,2,1070.1
2024-01-14,S02,A,361.23,20,0,0,6,1009.0
2023-02-14,S04,C,266.9,10,0,0,1,1180.0
2024-03-12,S08,A,144.37,11,0,0,1,563.6
2023-06-22,S07,A,97.73,4,0,0,3,962.5
2023-07-06,S10,A,190.43,9,0,0,3,886.4
2023-12-22,S05,B,198.11,8,0,0,4,1284.9
2023-03-11,S04,C,273.36,11,0,0,5,864.9
2024-09-15,S05,B,289.02,19,0,0,6,658.9
2023-06-27,S06,A,91.61,4,0,0,1,997.2
2023-07-12,S03,A,112.4,5,0,0,2,1187.9
2023-01-19,S02,A,202.61,12,0,0,3,1432.5
2024-01-19,S07,A,114.24,4,0,0,4,1355.5
2023-03-21,S05,B,213.24,10,0,0,1,1103.1
2024-10-02,S09,C,138.37,7,0,0,2,782.2
2023-06-26,S06,A,94.43,3,0,0,0,949.3
2023-11-27,S06,A,141.12,8,0,0,0,1087.0
2023-10-10,S01,C,197.05,8,0,0,1,774.9
2024-10-06,S05,B,220.39,7,0,0,6,1281.2
2023-06-28,S04,C,224.24,10,0,0,2,1010.2
2024-10-11,S09,C,122.2,5,0,0,4,706.1
2024-01-01,S04,C,141.09,10,0,0,0,1040.0
2024-04-12,S08,A,146.37,12,0,0,4,1150.6
2024-06-12,S05,B,182.34,11,0,0,2,667.0
2023-02-23,S01,C,175.48,7,0,0,3,678.4
2024-07-24,S06,A,91.52,3,0,0,2,818.5
2024-11-17,S07,A,152.3,12,0,0,6,932.0
2023-03-13,S01,C,238.86,10,0,0,0,1131.5
2023-06-16,S06,A,106.23,2,0,0,4,985.3
2023-06-15,S01,C,262.34,10,0,0,3,1072.1
2023-02-25,S09,C,130.99,5,0,0,5,1484.6
2024-09-07,S03,A,122.63,6,0,0,5,1629.8
2024-01-12,S05,B,250.6,22,0,0,4,1353.2
2023-05-18,S02,A,399.52,22,0,0,3,540.9
2024-09-01,S04,C,189.41,9,0,0,6,1107.2
2024-11-19,S03,A,163.27,8,0,0,1,1089.5
2023-04-01,S08,A,136.7,4,0,0,5,848.3
2023-11-12,S10,A,301.92,11,1,0,6,1477.2
2023-05-24,S04,C,229.38,17,0,0,2,762.2
2023-10-04,S05,B,264.51,10,0,0,2,1241.5
2024-11-27,S09,C,139.47,6,0,0,2,1129.0
2024-05-25,S02,A,386.39,25,0,0,5,916.4
2024-10-01,S04,C,211.62,17,0,0,1,1316.7
2024-06-27,S03,A,107.75,8,0,0,3,948.4
2023-08-01,S08,A,133.57,6,0,0,1,568.5
2023-11-08,S04,C,247.4,12,0,0,2,1006.4
2024-02-14,S10,A,219.17,9,1,0,2,809.1
2023-04-03,S07,A,108.55,4,0,0,0,981.5
2024-12-19,S07,A,140.57,5,0,0,3,519.8
2023-09-08,S10,A,157.14,16,0,0,4,879.0
2024-01-26,S09,C,109.66,4,0,0,4,1430.2
2023-01-02,S06,A,126.08,4,1,0,0,784.0
2024-10-23,S02,A,309.64,11,0,0,2,925.8
2023-02-01,S06,A,93.36,5,0,0,2,679.0
2023-09-22,S07,A,96.25,9,0,0,4,1448.6
2024-06-03,S05,B,152.66,11,0,0,0,1033.2
2023-04-27,S02,A,273.65,15,0,0,3,980.7
2023-07-21,S09,C,134.55,6,0,0,4,1102.4
2023-07-08,S09,C,113.1,4,0,0,5,853.7
2024-02-20,S05,B,224.33,10,0,0,1,710.3
2024-11-07,S10,A,232.98,9,0,0,3,390.0
2023-05-17,S03,A,157.22,6,1,0,2,1257.9
2024-09-29,S01,C,327.58,16,0,0,6,972.6
2023-05-02,S03,A,138.26,7,0,0,1,898.3
2024-01-10,S06,A,113.19,5,1,0,2,1054.4
2023-07-22,S10,A,215.64,10,0,0,5,535.7
2024-11-13,S05,B,239.7,10,0,0,2,705.1
2024-12-22,S09,C,169.77,9,0,0,6,469.4
2024-08-30,S04,C,245.2,10,0,0,4,1122.2
2024-10-14,S07,A,99.57,6,0,0,0,1279.7
2023-04-28,S01,C,215.47,7,0,0,4,1366.2
2024-06-19,S05,B,136.27,5,0,0,2,1505.5
2024-02-26,S06,A,108.36,6,0,0,0,1483.7
2024-09-22,S06,A,136.4,6,0,0,6,874.7
2023-06-21,S09,C,120.89,5,0,0,2,739.2
2023-10-11,S06,A,123.99,7,0,0,2,908.3
2024-07-02,S09,C,109.04,5,0,0,1,757.1
2023-05-13,S04,C,238.16,16,0,0,5,1387.2
2024-06-24,S05,B,214.38,14,0,0,0,1387.3
2023-07-25,S08,A,141.63,10,1,0,1,1039.7
2023-10-18,S01,C,219.4,17,0,0,2,1477.6
2024-11-17,S02,A,377.94,14,0,0,6,721.9
2023-08-03,S03,A,199.85,7,1,0,3,755.7
2023-11-28,S03,A,169.61,12,0,0,1,1093.6
2024-05-12,S08,A,161.26,5,0,0,6,599.5
2023-02-08,S08,A,97.99,8,0,0,2,1687.3
2024-04-10,S06,A,122.5,5,0,0,2,947.9
2023-04-14,S03,A,132.04,6,0,0,4,1312.5
2024-04-15,S01,C,256.32,10,0,0,0,351.7
2024-11-13,S07,A,122.84,8,0,0,2,394.0
2024-08-04,S10,A,243.23,10,0,0,6,408.8
2023-09-20,S10,A,271.49,14,1,0,2,503.4
2024-11-18,S09,C,141.88,5,0,0,0,1482.3
2024-10-23,S01,C,253.47,8,0,0,2,1267.0
2023-08-06,S04,C,251.81,12,0,0,6,1101.8
2023-04-12,S01,C,265.59,11,0,0,2,253.5
2023-12-10,S05,B,241.16,11,0,0,6,1566.3
2023-04-04,S02,A,323.57,20,0,0,1,722.0
2024-09-07,S08,A,121.73,7,0,0,5,709.4
2023-03-11,S02,A,327.26,17,0,0,5,1059.2
2023-02-23,S04,C,235.63,8,0,0,3,781.6
2024-05-12,S06,A,134.53,5,0,0,6,914.8
2024-02-03,S06,A,149.06,6,0,0,5,852.7
2024-02-09,S08,A,146.36,5,0,0,4,667.4
2023-03-07,S03,A,198.33,7,0,0,1,359.3
2023-01-04,S04,C,244.05,13,1,0,2,929.6
2024-09-03,S04,C,239.17,12,0,0,1,893.9
2023-01-05,S05,B,242.89,15,0,0,3,681.3
2024-10-25,S06,A,99.7,4,0,0,4,527.5
2023-09-09,S06,A,121.99,8,0,0,5,1141.2
2023-04-07,S05,B,215.28,9,0,0,4,1230.5
2023-07-08,S07,A,95.43,4,0,0,5,1413.5
2023-06-28,S03,A,87.4,8,0,0,2,917.6
2024-10-06,S04,C,354.09,21,1,0,6,856.5
2023-09-03,S04,C,219.35,9,0,0,6,1583.1
2024-03-11,S10,A,181.32,7,0,0,0,1556.5
2024-03-28,S04,C,247.66,17,0,0,3,373.9
2023-09-12,S09,C,114.66,10,0,0,1,1283.6
2024-04-14,S05,B,228.3,13,0,0,6,1103.4
2023-06-18,S04,C,264.09,12,0,0,6,944.0
2024-07-06,S03,A,153.14,6,0,0,5,768.2
2024-10-08,S06,A,127.9,6,0,0,1,442.7
2024-12-05,S08,A,144.94,6,0,0,3,1111.2
2023-01-03,S07,A,81.65,4,0,0,1,1027.5
2024-11-29,S04,C,319.15,15,0,0,4,1416.4
2023-01-07,S04,C,272.17,11,0,0,5,545.5
2023-04-15,S05,B,402.03,19,1,0,5,480.6
2023-10-20,S10,A,205.75,12,0,0,4,910.3
2023-12-09,S06,A,147.49,6,0,0,5,1171.3
2024-04-14,S09,C,137.74,5,0,0,6,970.1
2023-05-26,S05,B,246.1,14,0,0,4,1083.0
2023-01-23,S08,A,124.91,5,0,0,0,661.3
2023-10-09,S09,C,140.54,5,0,0,0,669.6
2024-12-29,S05,B,301.34,15,0,0,6,974.8
2024-12-22,S10,A,248.78,12,0,0,6,1218.2
2024-04-01,S05,B,176.23,11,0,0,0,1539.9
2023-12-12,S05,B,220.11,14,0,0,1,1073.6
2023-05-01,S04,C,226.34,11,0,0,0,875.4
2023-12-15,S02,A,405.75,19,0,0,4,825.1
2023-04-07,S10,A,234.17,8,1,0,4,661.0
2024-10-05,S06,A,125.81,4,0,0,5,1117.8
2023-11-21,S07,A,129.3,8,0,0,1,1276.9
2024-04-25,S02,A,274.65,11,0,0,3,1223.1
2024-09-21,S03,A,132.79,5,0,0,5,840.1
2024-11-10,S05,B,367.31,21,0,0,6,301.7
2024-06-03,S04,C,203.65,9,0,0,0,817.4
2024-09-22,S01,C,312.28,13,0,0,6,917.6
2023-12-19,S01,C,337.58,16,0,0,1,868.5
2024-10-08,S10,A,215.86,17,0,0,1,596.7
2023-10-01,S03,A,181.0,5,0,0,6,1193.1
2023-09-15,S07,A,134.77,4,1,0,4,1111.8
2023-11-29,S09,C,156.17,8,0,0,2,642.1
2024-03-07,S09,C,107.69,6,0,0,3,1307.5
2023-07-07,S07,A,105.31,6,0,0,4,756.7
2024-03-10,S03,A,143.05,8,0,0,6,1241.6
2023-01-26,S03,A,129.78,8,0,0,3,1148.0
2023-08-07,S03,A,150.42,6,1,0,0,526.2
2024-04-18,S02,A,316.65,16,1,0,3,1335.5
2023-06-07,S09,C,127.46,7,0,0,2,1087.3
2024-02-17,S09,C,149.77,8,0,0,5,881.5
2024-05-18,S09,C,143.46,7,0,0,5,720.1
2024-09-27,S04,C,243.43,15,0,0,4,824.4
2023-11-02,S04,C,245.29,12,0,0,3,1357.4
2024-12-11,S07,A,123.05,5,0,0,2,969.7
2024-04-05,S03,A,120.42,4,0,0,4,759.1
2024-05-14,S07,A,99.2,3,0,0,1,1255.4
2023-10-05,S02,A,357.17,14,0,0,3,744.7
2024-06-21,S10,A,180.28,9,0,0,4,946.0
2024-03-13,S01,C,249.61,10,0,0,2,1381.3
2024-06-14,S04,C,232.88,12,1,0,4,955.1
2023-11-05,S03,A,155.24,5,0,1,6,1115.0
2023-03-06,S02,A,363.89,23,0,0,0,1071.8
2024-01-27,S09,C,175.3,8,0,0,5,820.2
2024-02-21,S03,A,149.1,7,0,0,2,1087.9
2023-07-28,S01,C,207.02,7,0,0,4,935.0
2024-02-25,S05,B,320.64,15,0,0,6,541.4
2023-01-30,S08,A,138.72,5,0,0,0,1152.2
2023-01-31,S04,C,199.66,9,0,0,1,1649.0
2024-09-04,S09,C,109.57,5,0,0,2,1041.8
2023-12-27,S06,A,133.91,6,0,0,2,898.3
2024-10-02,S05,B,246.04,10,0,0,2,562.8
2023-12-18,S10,A,213.86,7,0,0,0,920.2
2023-08-10,S01,C,364.68,20,1,0,3,529.6
2023-12-10,S02,A,437.45,23,0,0,6,947.7
2023-03-07,S06,A,105.44,5,0,0,1,1026.9
2023-07-14,S06,A,76.9,2,0,0,4,874.0
2024-05-01,S09,C,178.58,10,0,0,2,360.0
2024-05-11,S02,A,375.9,14,0,0,5,1106.0
2024-09-20,S01,C,257.29,9,0,0,4,901.4
2024-06-28,S08,A,105.26,4,0,0,4,1417.6
2023-01-25,S01,C,200.69,15,0,0,2,1092.3
2023-03-20,S04,C,253.8,10,0,0,0,882.4
2023-05-16,S05,B,237.35,15,0,0,1,714.7
2023-04-12,S09,C,105.61,6,0,0,2,1520.5
2023-09-16,S03,A,143.98,6,0,0,5,1425.7
2023-04-08,S08,A,139.55,5,0,0,5,863.3
2023-03-22,S10,A,213.39,11,0,0,2,981.3
2023-10-08,S08,A,135.08,8,0,0,6,1283.1
2024-08-04,S08,A,168.6,10,0,0,6,1230.4
2023-01-26,S08,A,146.91,5,0,0,3,831.3
2023-06-09,S10,A,139.59,5,0,0,4,415.2
2023-03-31,S04,C,254.71,13,0,0,4,921.0
2023-09-30,S03,A,148.48,9,0,0,5,1523.8
2023-06-24,S05,B,230.47,10,0,0,5,683.2
2024-12-15,S09,C,176.16,6,0,0,6,1469.7
2024-03-26,S06,A,123.05,7,0,0,1,545.5
2023-09-21,S09,C,131.11,7,0,0,3,898.6
2024-08-04,S01,C,344.0,11,0,0,6,1161.0
2023-07-29,S02,A,402.84,19,1,0,5,675.4
2023-06-12,S01,C,202.24,12,0,0,0,857.3
2023-08-27,S10,A,245.01,12,0,0,6,965.9
2023-12-23,S08,A,168.68,6,0,0,5,1183.8
2024-11-26,S04,C,278.12,13,0,0,1,997.6
2023-06-30,S02,A,249.68,12,0,0,4,1027.3
2024-09-15,S03,A,167.49,9,0,0,6,894.2
2023-08-20,S03,A,164.01,9,1,0,6,1434.0
2024-12-03,S07,A,105.92,3,0,0,1,1453.6
2024-09-23,S05,B,189.09,9,0,0,0,883.7
2023-05-16,S08,A,112.13,5,0,0,1,788.6
2023-07-02,S01,C,286.97,11,0,0,6,989.0
2024-09-20,S06,A,81.55,3,0,0,4,1614.3
2023-09-02,S02,A,372.69,15,0,0,5,1073.5
2024-11-26,S01,C,396.19,16,1,0,1,597.6
2023-09-26,S05,B,209.78,12,0,0,1,872.9
2024-11-27,S06,A,121.07,5,0,0,2,212.7
2024-01-27,S03,A,187.93,13,0,0,5,898.0
2023-06-01,S04,C,176.08,5,0,0,3,1229.9
2024-05-15,S10,A,219.82,9,1,0,2,1222.1
2024-07-12,S07,A,91.52,5,0,0,4,1155.3
2024-04-26,S09,C,98.09,4,0,0,4,799.7
2023-10-02,S09,C,106.24,5,0,0,0,788.5
2023-02-06,S08,A,180.65,9,0,0,0,131.1
2024-09-03,S06,A,89.29,3,0,0,1,1142.8
2023-10-17,S01,C,287.69,14,0,0,1,1336.3
2024-04-25,S01,C,217.14,8,0,0,3,983.7
2024-03-02,S08,A,156.1,7,0,0,5,695.3
2023-01-03,S10,A,172.64,7,0,0,1,1098.6
2024-03-02,S05,B,220.42,6,0,0,5,1504.8
2023-09-19,S05,B,201.05,7,0,0,1,1197.4
2024-09-07,S10,A,206.4,8,0,0,5,1166.4
2023-11-18,S01,C,314.73,17,0,0,5,1601.3
2023-04-20,S03,A,124.53,6,0,0,3,1351.1
2024-05-25,S09,C,141.46,7,0,0,5,860.4
2023-01-13,S05,B,225.7,7,0,0,4,1435.3
2024-04-17,S07,A,109.55,5,0,0,2,518.1
2024-06-16,S08,A,160.66,8,0,0,6,875.0
2023-09-12,S10,A,148.14,10,0,0,1,1613.3
2024-03-21,S08,A,140.56,6,0,0,3,811.8
2024-01-02,S08,A,147.26,6,0,0,1,1129.9
2023-09-25,S07,A,139.68,7,1,0,0,512.5
2023-10-31,S03,A,147.47,7,1,0,1,621.1
2023-06-05,S04,C,243.49,13,0,0,0,759.3
2024-03-22,S04,C,250.51,12,0,0,4,810.9
2024-03-09,S09,C,129.02,11,0,0,5,802.6
2023-03-01,S09,C,116.01,6,0,0,2,1064.0
2023-01-08,S06,A,118.87,8,0,0,6,1326.7
2023-05-14,S10,A,195.13,9,0,0,6,1208.9
2023-05-22,S07,A,99.12,3,0,0,0,1147.9
2024-12-31,S04,C,267.33,13,0,0,1,1369.9
2023-07-11,S06,A,91.43,4,0,0,1,1110.0
2024-12-07,S04,C,322.65,15,0,0,5,849.9
2023-12-14,S10,A,273.25,16,0,0,3,895.2
2024-02-27,S10,A,215.31,11,0,0,1,957.9
2023-11-03,S07,A,137.34,4,0,0,4,253.8
2023-01-15,S10,A,264.71,18,1,0,6,718.0
2023-11-22,S03,A,141.24,7,0,0,2,1232.1
2023-06-05,S08,A,129.9,8,0,0,0,510.6
2024-09-22,S05,B,220.45,10,0,0,6,926.5
2023-02-15,S04,C,229.9,10,0,0,2,1055.0
2023-07-11,S10,A,160.82,6,0,0,1,900.6
2023-10-29,S07,A,138.53,6,0,0,6,942.0
2023-02-11,S06,A,132.93,8,0,0,5,632.8
2023-08-19,S03,A,151.61,9,0,0,5,650.8
2023-03-22,S09,C,147.32,6,0,0,2,540.7
2023-07-23,S05,B,248.7,16,0,0,6,660.0
2024-12-29,S04,C,328.27,12,0,0,6,923.5
2023-04-06,S09,C,115.0,7,0,0,3,990.7
2023-07-14,S01,C,237.85,16,0,0,4,1010.1
2023-04-22,S10,A,251.61,16,0,0,5,361.4
2024-11-05,S07,A,133.53,11,0,1,1,1172.5
2023-03-23,S01,C,218.73,11,0,0,3,1169.4
2024-03-06,S10,A,151.3,17,0,0,2,1111.9
2023-04-23,S10,A,236.91,11,0,0,6,1023.4
2023-03-25,S05,B,236.39,16,0,0,5,900.6
2023-08-20,S07,A,136.78,10,0,0,6,889.7
2024-07-16,S01,C,244.04,11,0,0,1,1273.8
2024-11-29,S09,C,157.45,8,0,0,4,1275.5
2024-09-20,S09,C,132.99,5,0,0,4,1005.6
2023-05-04,S06,A,125.11,4,1,0,3,1092.3
2023-05-03,S06,A,136.29,7,1,0,2,1021.9
2024-04-21,S06,A,116.99,7,0,0,6,1129.0
2023-12-14,S06,A,126.26,7,0,0,3,1152.1
2024-11-01,S08,A,243.79,10,1,0,4,927.1
2024-08-05,S09,C,105.65,5,0,0,0,1365.8
2023-07-12,S09,C,156.36,8,1,0,2,958.6
2024-08-15,S03,A,128.74,9,0,0,3,1110.7
2024-07-29,S06,A,99.34,4,0,0,0,1335.3
2023-09-04,S05,B,211.74,10,0,0,0,607.7
2024-06-01,S07,A,125.63,4,0,0,5,732.7
2024-05-27,S04,C,196.35,7,0,0,0,635.2
2024-01-17,S04,C,231.7,14,0,0,2,1005.5
2023-04-13,S08,A,100.75,6,0,0,3,1042.1
2023-12-01,S01,C,304.57,11,0,0,4,1463.5
2024-10-01,S06,A,99.36,3,0,0,1,1276.4
2023-06-15,S08,A,105.49,11,0,0,3,975.7
2023-02-04,S10,A,273.75,10,0,0,5,527.1
2023-02-15,S03,A,140.02,11,0,0,2,836.1
2023-03-08,S03,A,133.23,7,0,0,2,1217.5
2023-01-18,S03,A,140.03,6,1,0,2,1150.3
2023-05-21,S06,A,148.29,8,0,0,6,1167.5
2024-06-10,S08,A,119.59,7,0,0,0,1133.5
2024-03-18,S02,A,333.03,12,0,0,0,1050.0
2024-04-17,S08,A,119.52,7,0,0,2,1477.7
2023-02-12,S03,A,134.21,8,0,0,6,966.6
2024-05-23,S03,A,107.47,5,0,0,3,1110.3
2023-05-03,S01,C,238.27,10,0,0,2,892.0
2023-03-30,S02,A,278.62,17,0,0,3,804.4
2023-09-22,S05,B,256.08,13,0,0,4,947.6
2023-05-06,S04,C,277.97,13,0,0,5,993.3
2024-10-15,S09,C,142.38,6,0,0,1,1269.5
2024-10-07,S02,A,446.92,21,1,0,0,375.6
2023-10-23,S06,A,99.72,6,0,0,0,1381.6
2024-03-05,S01,C,257.4,12,0,0,1,1059.2
2024-11-12,S04,C,287.88,9,0,0,1,702.9
2024-02-19,S01,C,208.07,14,0,0,0,713.5
2023-01-11,S03,A,113.21,4,0,0,2,1383.3
2024-12-20,S01,C,339.86,24,0,0,4,1017.5
2024-06-21,S03,A,105.25,6,0,0,4,1254.1
2024-11-24,S04,C,284.53,15,0,0,6,732.8
2023-10-11,S07,A,118.85,5,0,0,2,819.9
2024-04-16,S06,A,102.84,3,0,0,1,420.6
2023-09-23,S07,A,143.55,5,0,0,5,878.6
2023-06-08,S01,C,238.2,11,0,0,3,1155.7
2024-04-01,S09,C,135.74,10,0,0,0,1156.5
2024-11-25,S07,A,125.05,5,0,0,0,742.9
2023-12-08,S02,A,322.77,15,0,0,4,668.8
2024-12-30,S07,A,131.94,6,0,0,0,1155.1
2024-10-17,S04,C,277.33,11,0,0,3,945.7
2024-06-22,S10,A,241.97,14,0,0,5,777.5
2023-01-14,S06,A,105.38,5,0,0,5,1186.9
2024-12-16,S03,A,202.42,11,1,0,0,706.8
2024-02-16,S09,C,131.3,7,0,0,4,1277.3
2023-05-12,S01,C,293.3,12,0,0,4,1201.5
2024-10-19,S07,A,130.16,7,0,0,5,1032.4
2024-05-03,S01,C,236.46,23,0,0,4,1613.5
2024-06-29,S07,A,118.77,4,0,0,5,624.5
2024-01-27,S07,A,97.77,4,0,0,5,1089.9
2024-08-15,S04,C,278.59,13,0,0,3,1119.5
2023-07-23,S02,A,338.18,14,0,0,6,738.6
2023-10-13,S02,A,345.41,16,0,0,4,1002.3
2024-08-08,S10,A,161.06,8,0,0,3,1089.9
2023-07-13,S06,A,70.15,3,0,0,3,1041.0
2023-10-07,S10,A,288.86,14,1,0,5,1050.6
2023-08-20,S09,C,122.86,6,0,0,6,700.6
2024-06-05,S07,A,111.79,5,0,0,2,271.1
2023-03-22,S08,A,121.61,6,0,0,2,1350.9
2023-07-05,S10,A,140.04,6,0,0,2,1058.0
2023-08-28,S10,A,217.13,17,0,0,0,968.7
2023-02-16,S03,A,144.51,7,0,0,3,1390.5
2023-03-29,S10,A,156.49,7,0,0,2,1282.4
2023-12-19,S05,B,291.45,20,0,0,1,637.5
2024-08-12,S05,B,158.63,6,0,0,0,1392.7
2024-07-04,S01,C,335.33,20,1,0,3,728.6
2024-04-02,S06,A,111.5,5,0,0,1,1222.7
2024-03-23,S09,C,179.69,30,0,0,5,620.0
2023-03-21,S10,A,201.75,9,0,0,1,698.8
2023-02-05,S05,B,187.17,10,0,0,6,1344.6
2023-10-21,S10,A,227.16,10,0,0,5,1024.4
2023-04-18,S04,C,195.84,8,0,0,1,1216.4
2024-05-18,S04,C,334.81,25,0,0,5,614.1
2024-08-01,S02,A,292.39,15,0,0,3,1132.3
2023-01-15,S05,B,276.26,10,0,0,6,919.2
2023-02-08,S01,C,303.25,15,0,0,2,910.7
2023-05-15,S01,C,180.1,16,0,0,0,1651.0
2023-08-23,S06,A,82.64,5,0,0,2,1367.2
2024-05-13,S05,B,181.95,8,0,0,0,1210.1
2024-03-03,S06,A,124.13,9,0,0,6,1144.5
2024-03-28,S09,C,165.03,9,1,0,3,1216.1
2023-01-13,S02,A,329.37,18,0,0,4,1120.5
2024-04-30,S07,A,85.69,4,0,0,1,805.6
2024-11-23,S09,C,158.71,8,0,0,5,1280.6
2024-02-12,S02,A,317.29,17,0,0,0,1369.2
2024-03-09,S10,A,244.52,13,1,0,5,1322.5
2024-12-29,S10,A,185.85,9,0,0,6,925.6
2023-08-02,S09,C,145.27,10,1,0,2,1109.4
2023-05-17,S01,C,227.53,8,0,0,2,1190.1
2023-02-11,S09,C,118.93,4,0,0,5,1368.3
2024-01-30,S10,A,181.25,9,1,0,1,607.0
2024-07-29,S09,C,100.78,4,0,0,0,961.6
2023-06-01,S05,B,198.93,9,0,0,3,453.7
2024-03-11,S05,B,230.46,11,0,0,0,1139.3
2023-09-06,S05,B,258.02,17,0,0,2,681.0
2024-11-19,S08,A,166.69,10,0,0,1,1120.4
2023-10-07,S06,A,160.03,7,0,0,5,562.5
2023-02-25,S06,A,109.92,6,0,0,5,993.1
2024-03-31,S01,C,350.24,13,0,0,6,1113.3
2024-01-20,S07,A,139.72,8,0,0,5,1187.8
2023-08-18,S10,A,197.01,15,0,0,4,662.3
2023-05-29,S06,A,109.33,8,1,0,0,1086.6
2024-06-04,S10,A,125.82,5,0,0,1,1176.1
2023-05-08,S03,A,124.16,6,0,0,0,885.2
2024-11-16,S01,C,365.27,16,0,0,5,981.7
2023-05-22,S02,A,233.54,16,0,0,0,1151.3
2024-05-11,S07,A,111.64,6,0,0,5,959.8
2024-10-29,S09,C,122.08,4,0,0,1,1218.5
2023-05-28,S02,A,514.03,22,1,0,6,250.6
2023-12-18,S04,C,200.06,9,0,0,0,1560.6
2024-10-07,S09,C,112.31,7,0,0,0,1505.3
2023-08-08,S08,A,165.44,9,0,0,1,646.7
2024-08-07,S10,A,287.65,19,1,0,2,1041.9
2024-10-25,S02,A,367.5,25,0,0,4,782.3
2024-12-13,S01,C,314.19,16,0,0,4,444.5
2023-11-13,S10,A,195.94,8,0,0,0,1218.2
2024-05-31,S10,A,198.71,8,0,0,4,922.1
2024-08-30,S07,A,112.17,6,0,0,4,1251.2
2023-09-11,S04,C,214.65,12,0,0,0,1076.4
2024-11-28,S10,A,182.6,6,0,0,3,1418.7
2023-07-04,S01,C,220.42,9,0,0,1,776.2
2024-11-17,S05,B,332.64,16,0,0,6,835.5
2023-04-09,S02,A,374.39,26,0,0,6,942.8
2023-06-23,S03,A,106.64,6,0,0,4,1308.8
2024-09-12,S02,A,238.71,12,0,0,3,1096.2
2024-06-04,S03,A,127.72,6,0,0,1,1073.4
2024-01-08,S09,C,137.06,5,1,0,0,860.1
2024-11-11,S10,A,207.24,10,0,0,0,951.1
2023-05-07,S09,C,164.39,8,0,0,6,732.2
2023-02-11,S05,B,226.82,13,0,0,5,825.5
2024-01-16,S06,A,111.5,6,0,0,1,807.3
2023-01-27,S09,C,126.81,6,0,0,4,869.7
2023-10-18,S09,C,123.91,3,0,0,2,958.5
2023-09-29,S06,A,116.8,4,0,0,4,992.4
2023-10-28,S04,C,262.31,19,0,0,5,1344.4
2023-03-07,S05,B,229.01,10,0,0,1,1156.3
2024-03-08,S04,C,224.5,9,0,0,4,1072.3
2024-03-17,S05,B,251.74,12,1,0,6,650.0
2023-08-30,S03,A,136.24,8,0,0,2,922.9
2023-10-28,S07,A,135.07,6,0,0,5,941.7
2023-09-11,S02,A,347.86,20,0,0,0,969.4
2024-01-20,S05,B,210.1,8,0,0,5,810.9
2023-03-19,S04,C,296.91,12,0,0,6,670.0
2024-10-27,S03,A,108.55,3,0,0,6,659.4
2023-02-28,S10,A,239.85,10,1,0,1,947.2
2024-07-25,S08,A,114.19,3,1,0,3,1500.8
2023-08-19,S07,A,112.6,5,0,0,5,1525.3
2024-10-03,S07,A,141.87,6,0,0,3,708.3
2024-01-27,S05,B,248.82,10,0,0,5,967.4
2024-07-07,S09,C,97.3,4,0,0,6,1519.0
2023-03-02,S02,A,261.66,21,0,0,3,545.9
2024-02-06,S02,A,360.46,21,0,0,1,976.4
2023-09-25,S09,C,154.1,12,0,0,0,902.0
2024-06-26,S07,A,103.13,7,0,0,2,1456.2
2023-08-02,S04,C,258.99,16,0,0,2,569.9
2023-03-12,S02,A,288.81,10,0,0,6,1337.6
2024-08-26,S06,A,88.09,5,0,0,0,1376.6
2023-09-07,S03,A,148.19,5,0,0,3,326.3
2023-10-20,S06,A,111.17,4,0,0,4,586.8
2024-12-18,S07,A,130.93,8,0,0,2,1440.8
2023-03-09,S08,A,147.24,6,0,0,3,707.9
2023-10-24,S09,C,119.53,5,0,0,1,872.8
2024-05-05,S06,A,138.7,7,0,0,6,154.5
2023-10-10,S02,A,366.42,20,0,0,1,668.6
2024-03-20,S03,A,167.86,8,0,0,2,292.5
2024-04-27,S06,A,166.22,11,1,0,5,1147.5
2024-09-25,S09,C,146.66,6,0,0,2,554.2
2023-11-27,S09,C,137.43,8,0,0,0,1014.0
2024-04-28,S09,C,156.66,6,0,0,6,950.8
2023-12-10,S10,A,318.35,10,0,0,6,499.4
2024-08-23,S01,C,228.68,9,0,0,4,1096.6
2023-08-04,S08,A,171.25,21,1,0,4,905.6
2023-06-11,S02,A,239.92,11,0,0,6,1185.9
2024-05-25,S01,C,373.97,16,0,0,5,270.7
2023-08-05,S07,A,118.94,4,0,0,5,980.1
2024-12-06,S05,B,212.88,12,0,0,4,1535.2
2024-04-08,S10,A,208.69,6,0,0,0,566.6
2024-09-18,S05,B,225.41,9,0,0,2,1459.8
2024-08-04,S05,B,193.29,8,0,0,6,967.4
2023-03-02,S06,A,84.05,5,0,0,3,732.6
2023-11-28,S09,C,206.85,9,1,0,1,1076.2
2023-11-25,S09,C,176.21,8,0,0,5,1034.7
2023-05-27,S09,C,164.31,8,0,0,5,962.4
2024-06-21,S06,A,113.16,4,0,0,4,1005.2
2024-12-26,S10,A,234.12,9,0,0,3,849.7
2024-06-14,S05,B,191.95,9,0,0,4,709.6
2023-11-01,S08,A,165.59,9,0,0,2,946.8
2023-12-12,S01,C,312.08,16,1,0,1,1042.3
2024-01-01,S09,C,132.2,5,0,0,0,709.5
2024-10-30,S01,C,258.69,38,0,0,2,895.4
2024-12-01,S01,C,308.74,16,0,0,6,1753.3
2023-07-27,S08,A,119.02,15,0,0,3,890.9
2024-01-11,S09,C,135.9,4,0,0,3,1212.5
2023-12-31,S10,A,225.89,7,0,0,6,1238.0
2024-03-12,S03,A,115.34,7,0,0,1,1362.5
2024-11-22,S06,A,148.91,9,1,0,4,620.1
2023-02-28,S05,B,175.87,7,0,0,1,803.8
2023-10-13,S01,C,249.14,11,0,0,4,601.3
2023-08-17,S04,C,211.2,13,0,0,3,701.9
2024-04-28,S05,B,261.74,11,0,0,6,1239.0
2024-07-19,S06,A,121.43,4,1,0,4,769.0
2024-04-10,S08,A,130.2,7,0,0,2,1221.1
2023-10-06,S02,A,252.01,11,0,0,4,600.9
2023-12-07,S06,A,151.14,23,0,0,3,710.5
2023-07-29,S09,C,152.86,9,0,0,5,642.7
2024-04-02,S09,C,134.38,5,0,0,1,1306.4
2024-12-05,S01,C,307.98,17,1,0,3,1333.1
2024-05-28,S08,A,121.07,5,0,0,1,1230.1
2023-02-04,S05,B,265.07,15,0,0,5,1119.8
2024-02-27,S03,A,124.26,5,0,0,1,1041.0
2024-09-01,S05,B,290.04,10,0,0,6,819.9
2024-11-16,S07,A,149.03,6,0,0,5,583.5
2024-04-13,S01,C,285.98,10,0,0,5,741.3
2024-07-19,S05,B,201.3,11,0,0,4,485.9
2023-11-21,S01,C,321.67,15,0,0,1,902.6
2023-11-25,S10,A,268.88,14,0,0,5,1035.0
2023-01-10,S01,C,196.98,7,0,0,1,1432.4
2023-11-13,S09,C,149.22,7,0,0,0,1554.4
2024-06-05,S09,C,117.33,9,0,0,2,966.9
2024-04-22,S04,C,177.91,10,0,0,0,1416.4
2024-10-02,S10,A,214.7,12,0,0,2,671.9
2023-12-31,S08,A,208.81,11,0,0,6,685.7
2024-07-19,S09,C,130.91,5,0,0,4,606.5
2024-09-28,S08,A,163.3,6,0,0,5,929.9
2023-09-15,S01,C,211.85,11,0,0,4,1099.8
2023-04-05,S08,A,168.21,11,0,0,2,545.0
2023-11-20,S09,C,142.46,6,0,0,0,1136.4
2023-11-16,S04,C,416.99,32,1,0,3,898.4
2024-02-27,S01,C,259.86,16,0,0,1,880.0
2024-02-27,S02,A,301.7,17,0,0,1,900.1
2024-09-03,S03,A,165.15,5,0,0,1,759.0
2024-07-22,S04,C,180.96,12,0,0,0,1123.1
2024-06-02,S05,B,249.17,10,0,0,6,143.1
2024-11-01,S02,A,333.61,19,0,0,4,1249.4
2024-11-30,S02,A,410.72,17,0,0,5,1200.8
2024-05-02,S03,A,158.96,6,0,0,3,813.4
2024-04-07,S06,A,91.21,4,0,0,6,927.2
2024-05-01,S01,C,154.49,7,0,0,2,980.7
2024-11-10,S07,A,182.79,9,1,0,6,1164.0
2024-05-26,S05,B,285.0,16,0,0,6,1232.5
2024-12-05,S05,B,269.33,13,0,0,3,1172.4
2023-10-03,S09,C,142.31,4,0,0,1,662.8
2024-04-06,S05,B,249.71,8,0,0,5,1043.2
2024-08-01,S10,A,150.83,16,0,0,3,1242.9
2023-09-14,S10,A,171.5,10,0,0,3,985.7
2024-05-08,S08,A,116.96,7,0,0,2,1205.1
2024-12-04,S10,A,173.32,8,0,0,2,1735.1
2024-07-04,S06,A,91.89,4,0,0,3,1202.8
2023-04-29,S07,A,105.15,4,0,0,5,966.1
2023-11-17,S09,C,150.77,7,0,0,4,631.9
2024-06-08,S06,A,108.99,5,0,0,5,1463.6
2024-09-10,S04,C,251.24,12,0,0,1,1064.7
2024-12-15,S10,A,270.34,14,0,0,6,946.5
2023-01-16,S02,A,269.17,16,0,0,0,1151.2
2023-04-02,S06,A,130.27,9,0,0,6,911.0
2023-05-11,S06,A,134.79,5,1,0,3,972.4
2023-08-29,S06,A,97.94,3,0,0,1,1169.1
2024-06-07,S05,B,259.42,16,1,0,4,715.4
2024-03-05,S03,A,158.77,6,0,0,1,335.7
2024-04-26,S05,B,235.95,13,0,0,4,1337.3
2023-05-20,S09,C,156.05,6,0,0,5,283.9
2023-01-19,S04,C,241.97,12,0,0,3,818.8
2023-10-18,S03,A,135.17,4,0,0,2,1061.4
2024-11-14,S05,B,251.14,18,0,0,3,1264.5
2024-02-10,S04,C,251.85,10,0,0,5,1051.1
2023-02-17,S02,A,255.44,10,0,0,4,1649.5
2023-04-07,S08,A,126.36,5,0,0,4,872.7
2023-01-21,S10,A,218.36,8,0,0,5,962.3
2023-07-16,S02,A,284.09,10,0,0,6,549.9
2023-03-31,S07,A,111.25,7,0,0,4,1227.0
2024-07-07,S04,C,328.73,17,1,0,6,794.2
2023-08-06,S08,A,176.81,6,0,0,6,1138.0
2024-03-21,S07,A,106.69,5,0,0,3,943.2
2023-06-27,S04,C,209.01,14,0,0,1,1162.1
2024-07-20,S05,B,249.67,14,0,0,5,622.5
2023-05-01,S10,A,139.56,8,0,0,0,1229.2
2024-01-11,S02,A,288.91,12,0,0,3,1203.8
2024-02-21,S04,C,240.21,11,0,0,2,1280.8
2024-07-02,S10,A,219.68,10,1,0,1,540.3
2024-01-23,S02,A,310.35,15,0,0,1,724.8
2023-11-10,S04,C,293.2,16,0,0,4,1192.0
2023-08-15,S07,A,125.36,8,0,0,1,915.4
2023-09-26,S09,C,136.03,5,0,0,1,735.6
2024-03-15,S05,B,225.65,12,0,0,4,914.2
2023-01-30,S03,A,130.27,6,0,0,0,844.7
2023-09-10,S02,A,356.27,31,0,0,6,1261.8
2023-12-22,S02,A,362.33,13,0,0,4,500.4
2024-01-30,S03,A,149.01,9,1,0,1,1504.2
2023-01-28,S03,A,163.47,8,0,0,5,1080.1
2023-07-24,S03,A,123.62,7,0,0,0,1351.5
2024-06-10,S04,C,240.3,17,0,0,0,654.0
2024-04-18,S04,C,195.24,9,0,0,3,943.7
2024-03-31,S08,A,197.31,9,0,0,6,1022.3
2024-03-28,S06,A,131.19,5,0,0,3,956.6
2023-04-19,S07,A,118.78,6,0,0,2,1356.0
2023-10-29,S05,B,192.04,10,0,0,6,1121.0
2023-09-26,S04,C,201.47,14,0,0,1,1025.2
2024-06-06,S05,B,157.2,9,0,0,3,732.8
2024-08-24,S04,C,296.81,34,0,0,5,868.6
2024-09-18,S02,A,305.66,11,0,0,2,889.3
2024-04-08,S04,C,231.21,12,0,0,0,679.6
2024-05-06,S06,A,111.11,14,0,0,0,1030.4
2023-10-09,S03,A,125.56,6,0,0,0,1047.3
2024-05-01,S07,A,122.71,4,0,0,2,514.7
2024-01-19,S09,C,152.91,8,0,0,4,988.0
2024-01-24,S01,C,250.8,9,0,0,2,1110.2
2023-03-03,S04,C,231.25,21,0,0,4,937.6
2023-09-28,S06,A,96.04,4,0,0,3,952.1
2024-06-02,S10,A,141.05,10,0,0,6,1439.6
2023-10-12,S01,C,265.75,15,0,0,3,929.9
2024-02-10,S10,A,183.9,8,0,0,5,738.5
2024-03-02,S07,A,164.43,5,0,0,5,323.0
2023-06-24,S09,C,126.72,7,0,0,5,1291.6
2024-10-21,S02,A,331.19,16,0,0,0,935.5
2024-10-21,S10,A,195.15,9,0,0,0,914.0
2023-09-23,S04,C,251.8,8,0,0,5,885.9
2024-10-19,S05,B,289.14,15,0,0,5,1081.0
2023-08-04,S05,B,235.9,16,0,0,4,949.5
2023-05-15,S05,B,144.56,9,0,0,0,654.7
2024-12-07,S09,C,195.75,10,0,0,5,789.3
2024-07-02,S02,A,256.02,22,0,0,1,1215.0
2023-08-17,S01,C,246.68,8,0,0,3,809.1
2023-04-06,S03,A,131.12,5,0,0,3,784.6
2023-09-09,S01,C,296.79,14,0,0,5,1378.3
2023-05-31,S05,B,199.44,10,0,0,2,823.3
2023-12-24,S06,A,146.91,11,0,0,6,787.5
2024-12-27,S10,A,173.28,7,0,0,4,1172.2
2024-09-12,S05,B,254.51,14,0,0,3,1041.9
2023-04-23,S02,A,348.74,11,0,0,6,593.4
2024-02-17,S03,A,162.21,6,0,0,5,924.3
2024-08-24,S07,A,119.34,5,0,0,5,950.2
2023-11-17,S05,B,208.09,11,0,0,4,850.2
2024-08-14,S03,A,124.6,6,0,0,2,1475.1
2023-09-15,S09,C,102.43,3,0,0,4,1035.3
2023-02-11,S07,A,124.45,5,1,0,5,1070.1
2024-03-07,S07,A,99.73,4,0,0,3,1595.0
2023-02-26,S05,B,201.27,9,0,0,6,1261.4
2023-05-03,S05,B,253.42,12,0,0,2,657.1
2023-01-15,S03,A,169.84,6,0,0,6,710.5
2023-05-30,S01,C,291.19,10,0,0,1,1097.0
2023-09-04,S03,A,130.36,5,0,0,0,905.2
2024-12-28,S02,A,438.04,22,0,0,5,1176.0
2023-07-20,S05,B,219.99,9,0,0,3,1059.9
2023-04-30,S05,B,193.58,9,0,0,6,1576.1
2023-09-01,S03,A,118.32,7,0,0,4,752.6
2023-06-25,S07,A,129.26,4,0,0,6,599.2
2023-02-19,S08,A,155.23,7,1,0,6,1767.5
2023-09-01,S02,A,330.38,18,0,0,4,706.5
2024-12-15,S06,A,132.19,6,0,0,6,1393.8
2024-01-24,S07,A,99.25,6,0,0,2,1156.7
2023-03-14,S02,A,348.24,23,0,0,1,1342.0
2024-09-18,S04,C,271.61,9,0,0,2,733.9
2024-01-21,S10,A,241.22,14,0,0,6,1140.6
2023-05-30,S07,A,102.98,4,0,0,1,1264.3
2023-10-22,S03,A,164.16,7,0,0,6,675.6
2023-06-02,S01,C,293.33,18,0,0,4,678.9
2024-12-27,S05,B,228.0,16,0,0,4,908.3
2023-10-16,S07,A,103.52,3,0,0,0,1020.5
2023-11-22,S08,A,130.25,6,0,0,2,1085.1
2023-10-12,S07,A,142.67,7,1,0,3,1099.6
2024-08-11,S09,C,185.23,7,0,0,6,716.4
2023-01-11,S09,C,115.65,4,0,0,2,698.2
2023-06-25,S05,B,233.96,9,0,0,6,1081.7
2024-12-14,S05,B,334.75,19,0,0,5,1043.9
2023-05-16,S02,A,269.78,12,0,0,1,1058.5
2024-02-17,S02,A,398.69,34,0,0,5,852.1
2024-02-05,S03,A,119.38,6,0,0,0,1183.1
2023-10-22,S09,C,132.1,7,0,0,6,1130.6
2023-07-17,S04,C,301.48,14,1,0,0,670.3
2023-02-03,S07,A,95.5,3,0,0,4,1314.9
2024-05-28,S04,C,244.44,10,0,0,1,785.3
2024-02-19,S05,B,291.03,18,1,0,0,517.0
2024-11-22,S04,C,232.86,9,0,0,4,718.6
2023-10-07,S05,B,287.07,13,0,0,5,1027.8
2023-03-14,S05,B,225.77,14,0,0,1,904.0
2023-03-18,S06,A,127.59,4,0,0,5,1156.8
2024-07-05,S06,A,103.5,6,1,0,4,1501.9
2024-02-15,S04,C,251.69,11,0,0,3,1569.1
2023-01-31,S08,A,141.86,8,0,0,1,692.0
2023-05-08,S09,C,122.26,4,0,0,0,709.0
2024-08-14,S01,C,201.37,9,0,0,2,536.5
2024-03-21,S01,C,283.97,11,0,0,3,708.3
2024-07-22,S09,C,164.24,7,1,0,0,603.6
2023-10-05,S01,C,354.83,16,0,0,3,729.2
2024-10-24,S06,A,92.03,3,0,0,3,1473.6
2023-06-29,S02,A,368.55,15,1,0,3,979.6
2024-07-19,S07,A,106.97,7,0,0,4,785.8
2024-01-05,S09,C,142.56,10,0,0,4,820.8
2024-07-26,S10,A,177.86,7,1,0,4,790.1
2023-07-25,S04,C,229.46,9,0,0,1,530.6
2024-07-01,S08,A,98.04,4,0,0,0,1443.1
2024-11-23,S08,A,222.72,9,1,0,5,847.3
2023-01-08,S02,A,332.29,13,0,0,6,1195.4
2023-09-02,S08,A,164.88,10,0,0,5,1123.6
2023-12-15,S04,C,297.52,18,0,0,4,932.3
2023-05-07,S01,C,285.5,19,0,0,6,954.9
2023-06-16,S07,A,83.56,4,0,0,4,1242.4
2024-07-01,S02,A,303.28,18,0,0,0,472.2
2023-12-05,S02,A,398.4,15,0,0,1,752.5
2024-08-31,S08,A,191.37,9,0,0,5,951.7
2024-08-09,S06,A,108.6,6,0,0,4,523.3
2023-08-05,S08,A,170.51,12,0,0,5,637.0
2024-11-27,S01,C,328.31,11,0,0,2,968.4
2023-06-19,S06,A,81.8,3,0,0,0,1697.4
2023-04-20,S06,A,96.35,5,0,0,3,1451.0
2024-07-03,S04,C,163.81,7,0,0,2,1289.1
2024-11-24,S05,B,260.59,17,0,0,6,1473.2
2024-02-12,S08,A,110.07,5,0,0,0,1163.0
2023-06-13,S01,C,205.14,11,0,0,1,753.4
2024-03-22,S07,A,126.48,8,0,0,4,824.5
2023-07-08,S02,A,326.77,28,0,0,5,1407.8
2024-01-13,S10,A,313.9,13,0,0,5,782.7
2024-05-04,S05,B,274.23,16,0,0,5,1281.5
2023-06-11,S03,A,125.33,4,0,0,6,859.5
2023-04-08,S09,C,166.78,9,0,0,5,1262.8
2024-06-25,S10,A,213.84,10,0,0,1,229.0
2024-06-02,S06,A,128.39,4,0,0,6,682.2
2023-11-19,S02,A,393.43,14,0,0,6,1068.1
2023-03-26,S09,C,137.01,10,0,0,6,1728.0
2023-12-02,S08,A,216.46,9,0,0,5,665.1
2023-08-16,S02,A,284.49,13,0,0,2,367.9
2023-11-28,S08,A,140.74,9,0,0,1,1068.2
2023-07-03,S01,C,251.22,13,0,0,0,876.7
2023-08-22,S09,C,137.24,6,0,0,1,907.3
2023-01-05,S08,A,100.19,4,0,0,3,1392.1
2024-12-04,S01,C,298.37,20,0,0,2,628.3
2023-05-16,S01,C,271.71,12,0,0,1,778.6
2023-09-17,S09,C,168.83,12,0,0,6,1022.2
2023-02-14,S07,A,112.05,5,0,0,1,883.5
2024-10-24,S07,A,95.69,4,0,0,3,940.4
2023-06-24,S04,C,278.76,12,0,0,5,1287.4
2023-03-26,S05,B,217.11,12,0,0,6,1166.7
2024-11-30,S06,A,156.96,5,0,0,5,1025.1
2023-09-20,S03,A,136.69,9,0,0,2,1258.1
2024-11-25,S01,C,300.65,19,0,0,0,879.1
2023-10-14,S03,A,100.87,6,0,0,5,1559.2
2024-02-15,S06,A,127.28,5,0,0,3,1226.0
2023-05-10,S05,B,212.89,10,0,0,2,446.9
2023-08-22,S08,A,146.49,6,0,0,1,1009.7
2024-10-22,S05,B,211.63,13,0,0,1,1229.0
2024-10-26,S04,C,229.57,14,0,0,5,1402.7
2024-11-13,S09,C,140.29,7,0,0,2,1359.5
2024-06-05,S10,A,174.67,10,0,0,2,824.9
2024-10-01,S05,B,236.28,14,0,0,1,1421.5
2023-04-22,S03,A,157.07,6,0,0,5,590.3
2023-03-19,S07,A,131.74,7,0,0,6,1208.7
2024-11-21,S10,A,265.47,10,0,0,3,1310.4
2024-01-09,S05,B,222.22,8,0,0,1,800.6
2023-08-11,S09,C,131.0,7,0,0,4,1004.8
2023-08-04,S04,C,220.46,16,0,0,4,1037.3
2024-06-24,S03,A,97.62,3,0,0,0,1423.6
2023-11-15,S06,A,96.41,4,0,0,2,1602.5
2023-12-02,S06,A,145.12,6,0,0,5,984.3
2023-05-17,S07,A,109.36,8,0,0,2,960.3
2024-08-14,S05,B,196.42,7,0,0,2,716.9
2023-07-05,S02,A,335.49,26,1,0,2,1191.6
2023-07-16,S04,C,238.12,10,0,0,6,894.8
2024-11-10,S10,A,294.99,12,0,0,6,1196.9
2024-03-13,S07,A,127.86,6,0,0,2,600.5
2024-02-26,S04,C,185.68,9,0,0,0,892.4
2023-11-22,S09,C,186.92,8,0,0,2,909.4
2023-02-18,S06,A,148.01,6,0,0,5,471.8
2023-08-12,S10,A,261.74,10,0,0,5,975.7
2023-09-19,S08,A,140.69,6,0,0,1,907.7
2024-10-26,S07,A,128.76,7,0,0,5,946.8
2024-11-21,S06,A,87.46,5,0,0,3,1191.7
2023-01-04,S01,C,356.1,21,1,0,2,1029.1
2023-07-07,S10,A,169.97,8,0,0,4,697.6
2024-03-29,S07,A,115.32,5,1,0,4,863.0
2024-06-29,S10,A,166.12,9,0,0,5,941.0
2023-10-14,S01,C,270.68,22,0,0,5,1052.2
2024-09-02,S04,C,200.71,9,0,0,0,1044.5
2024-05-14,S02,A,354.81,19,0,0,1,912.7
2024-08-07,S03,A,146.17,6,0,0,2,986.4
2023-03-05,S07,A,133.51,4,0,0,6,641.8
2024-04-08,S06,A,140.07,7,1,0,0,371.7
2023-09-15,S05,B,216.76,7,0,0,4,1049.6
2023-04-19,S04,C,340.55,15,1,0,2,442.6
2023-03-28,S02,A,329.77,19,0,0,1,1367.1
2023-12-04,S08,A,142.91,7,0,0,0,689.1
2023-04-01,S04,C,222.23,8,0,0,5,1469.0
2024-09-24,S02,A,366.62,15,0,0,1,496.1
2023-01-11,S10,A,193.5,8,0,0,2,1237.5
2024-12-04,S02,A,495.44,21,1,0,2,1453.0
2024-02-12,S09,C,115.24,3,0,0,0,953.0
2023-10-02,S07,A,83.17,3,0,0,0,1484.8
2024-08-05,S07,A,92.81,3,0,0,0,1123.7
2024-09-05,S08,A,145.83,11,0,0,3,1179.8
2024-09-14,S08,A,176.08,8,1,0,5,1210.9
2024-06-19,S08,A,134.51,5,1,0,2,583.5
2023-07-03,S02,A,250.06,18,0,0,0,1624.8
2023-10-15,S10,A,241.72,14,0,0,6,659.3
2023-03-20,S03,A,113.52,4,0,0,0,856.3
2024-12-14,S06,A,152.35,10,0,0,5,1056.0
2023-12-28,S07,A,121.15,7,0,0,3,915.4
2023-10-29,S09,C,147.81,7,0,0,6,476.6
2024-07-06,S06,A,92.18,2,0,0,5,1060.0
2023-11-07,S03,A,156.43,7,0,0,1,1249.0
2023-07-02,S06,A,126.03,6,1,0,6,1491.0
2023-04-20,S05,B,267.15,21,0,0,3,354.3
2024-05-27,S01,C,265.48,15,0,0,0,516.1
2024-08-23,S02,A,348.32,18,0,0,4,822.9
2024-09-01,S10,A,205.76,8,0,0,6,1187.0
2024-03-19,S05,B,246.39,23,0,0,1,836.8
2024-10-11,S08,A,121.32,5,0,0,4,1553.7
2024-11-24,S06,A,147.83,15,0,0,6,1195.6
2023-06-15,S05,B,204.96,12,0,0,3,963.0
2024-08-21,S03,A,121.9,7,0,0,2,1074.9
2023-08-21,S04,C,184.63,9,0,0,0,1247.9
2024-07-13,S06,A,105.02,4,0,0,5,850.9
2024-08-28,S05,B,176.54,12,0,0,2,424.7
2024-10-16,S09,C,123.75,7,0,0,2,1470.5
2024-04-20,S01,C,264.91,17,0,0,5,1702.9
2024-07-09,S02,A,364.77,16,0,0,1,544.6
2024-03-31,S10,A,250.94,12,0,0,6,1025.6
2023-10-17,S03,A,135.72,6,0,0,1,1062.2
2023-01-18,S09,C,133.85,8,0,0,2,804.4
2023-10-07,S07,A,135.42,6,1,0,5,823.2
2023-11-13,S06,A,150.7,6,0,0,0,637.2
2024-10-12,S10,A,171.77,7,0,0,5,1511.0
2023-05-01,S05,B,219.12,9,0,0,0,946.3
2023-08-09,S03,A,138.5,8,0,0,2,757.1
2024-12-16,S05,B,210.37,10,0,0,0,709.6
2024-06-27,S09,C,132.4,6,0,0,3,1052.3
2024-07-17,S03,A,160.94,7,1,0,2,1274.7
2023-09-15,S08,A,124.84,6,0,0,4,1073.0
2024-12-31,S10,A,262.97,10,0,0,1,751.2
2023-06-27,S01,C,268.6,16,0,0,1,918.3
2023-03-24,S10,A,188.44,18,0,0,4,986.4
2024-11-19,S06,A,168.73,6,1,0,1,516.5
2023-12-14,S08,A,156.91,7,0,0,3,1308.3
2023-03-04,S08,A,119.6,7,0,0,5,1484.7
2024-12-18,S04,C,270.79,15,0,0,2,769.7
2024-03-05,S05,B,234.14,11,0,0,1,692.0
2023-04-03,S06,A,101.31,5,0,0,0,914.5
2023-01-30,S06,A,100.09,5,0,0,0,1554.0
2023-04-16,S03,A,161.05,6,0,0,6,628.8
2024-12-23,S02,A,287.61,20,0,0,0,1046.7
2024-01-22,S10,A,148.98,9,0,0,0,1067.7
2024-10-20,S04,C,285.91,15,0,0,6,1143.4
2023-04-05,S05,B,194.57,10,0,0,2,1468.9
2024-08-04,S04,C,290.49,20,0,0,6,576.2
2024-08-29,S01,C,304.52,17,0,0,3,804.9
2023-01-02,S03,A,93.6,7,0,0,0,1062.7
2023-04-22,S08,A,163.33,8,0,0,5,897.7
2024-06-15,S08,A,123.24,4,0,0,5,1005.6
2024-08-02,S01,C,291.29,13,0,0,4,870.0
2023-10-25,S01,C,241.39,12,0,0,2,736.1
2024-02-12,S03,A,124.87,6,0,0,0,888.8
2023-05-12,S10,A,215.11,10,0,0,4,928.1
2023-03-19,S10,A,215.2,12,0,0,6,1014.9
2024-12-15,S03,A,162.13,7,0,0,6,1022.1
2024-10-30,S07,A,75.22,3,0,0,2,1372.3
2023-10-31,S09,C,142.88,5,0,0,1,1004.3
2024-12-28,S10,A,274.67,10,0,0,5,1110.8
2023-12-11,S04,C,227.56,13,0,0,0,1319.6
2023-03-07,S04,C,228.35,10,0,0,1,1067.0
2024-01-04,S03,A,112.19,5,0,0,3,1436.6
2024-09-26,S05,B,162.56,7,0,0,3,808.2
2024-02-25,S08,A,139.82,7,0,0,6,991.5
2023-09-16,S01,C,279.67,16,0,0,5,1212.8
2024-12-13,S08,A,213.3,8,0,0,4,527.7
2024-12-12,S09,C,161.36,7,0,0,3,1153.8
2024-12-10,S06,A,123.93,6,0,0,1,981.7
2023-09-20,S08,A,193.92,9,1,0,2,928.4
2024-10-08,S09,C,99.15,5,0,0,1,994.2
2023-09-10,S04,C,239.28,11,0,0,6,824.9
2024-05-22,S03,A,127.98,6,0,0,2,734.7
2023-02-27,S01,C,226.83,24,0,0,0,1332.1
2023-05-25,S09,C,133.54,6,0,0,3,803.8
2024-07-27,S07,A,115.61,7,0,0,5,723.1
2023-12-06,S03,A,167.16,6,0,0,2,976.6
2024-04-29,S08,A,118.14,5,0,0,0,1408.3
2023-06-24,S06,A,83.78,3,0,0,5,1620.5
2024-11-29,S02,A,441.18,20,0,0,4,607.5
2024-06-28,S05,B,221.18,9,0,0,4,511.2
2023-01-29,S08,A,243.53,8,1,0,6,545.3
2023-06-23,S09,C,120.81,5,0,0,4,1108.1
2024-06-05,S03,A,125.72,7,1,0,2,1603.3
2024-10-07,S05,B,174.98,9,0,0,0,1240.5
2024-05-18,S06,A,110.25,5,0,0,5,1558.6
2024-08-03,S05,B,234.24,13,0,0,5,599.4
2024-05-09,S04,C,260.64,15,0,0,3,747.5
2024-01-02,S07,A,99.92,7,0,0,1,1237.3
2024-02-27,S09,C,160.29,20,0,0,1,731.9
2023-06-18,S05,B,268.49,19,1,0,6,1102.5
2024-04-20,S09,C,145.46,6,0,0,5,1452.4
2023-05-14,S09,C,138.47,7,0,0,6,976.3
2024-03-12,S06,A,124.66,7,0,0,1,1191.1
2024-08-22,S04,C,242.57,9,0,0,3,1321.3
2024-06-09,S08,A,125.56,5,0,0,6,934.7
2024-07-14,S08,A,109.33,6,0,0,6,711.6
2023-08-14,S09,C,141.91,5,0,0,0,670.9
2024-02-27,S05,B,217.04,17,0,0,1,906.8
2024-11-04,S09,C,119.11,4,0,1,0,1603.5
2023-11-27,S10,A,292.55,12,1,0,0,929.6
2024-09-04,S04,C,241.38,14,1,0,2,1132.5
2024-01-31,S01,C,255.03,9,0,0,2,1140.6
2023-06-06,S05,B,198.9,10,0,0,1,1285.4
2024-07-11,S08,A,101.23,6,0,0,3,935.3
2024-02-02,S04,C,258.67,12,0,0,4,850.8
2024-02-14,S09,C,141.28,7,0,0,2,1293.4
2023-08-07,S06,A,108.85,4,0,0,0,579.1
2023-11-21,S05,B,208.62,7,0,0,1,1380.9
2023-05-04,S02,A,324.78,17,0,0,3,1317.2
2024-12-23,S01,C,307.65,11,0,0,0,703.9
2023-05-06,S09,C,170.48,15,0,0,5,468.7
2023-08-14,S05,B,245.11,26,0,0,0,1089.2
2023-07-15,S02,A,351.41,31,1,0,5,706.4
2024-11-10,S03,A,144.61,5,0,0,6,971.6
2023-01-12,S04,C,269.28,12,1,0,3,830.9
2024-09-12,S04,C,215.05,16,0,0,3,1016.4
2024-06-18,S05,B,292.01,16,1,0,1,798.3
2024-06-27,S08,A,98.94,4,0,0,3,468.4
2023-02-20,S08,A,148.97,9,1,0,0,1174.6
2024-01-20,S10,A,271.89,17,0,0,5,554.8
2024-01-17,S10,A,163.68,9,0,0,2,1248.7
2024-12-21,S02,A,576.37,25,1,0,5,862.3
2024-08-24,S08,A,178.28,8,0,0,5,979.2
2023-12-11,S03,A,156.18,6,0,0,0,1041.6
2024-01-04,S09,C,115.97,6,0,0,3,1381.3
2024-04-20,S04,C,243.38,12,0,0,5,1037.7
2024-11-18,S07,A,105.6,3,0,0,0,1177.4
2023-02-05,S01,C,318.6,14,0,0,6,812.3
2024-03-07,S08,A,179.29,12,0,0,3,541.9
2024-09-23,S09,C,116.72,5,0,0,0,971.0
2024-02-13,S07,A,124.37,12,0,0,1,618.3
2023-09-08,S06,A,160.76,8,1,0,4,1140.6
2023-04-22,S05,B,378.5,24,1,0,5,692.1
2024-07-03,S09,C,106.08,4,0,0,2,1063.0
2023-01-30,S09,C,122.86,6,0,0,0,1414.6
2024-06-23,S06,A,112.51,5,0,0,6,848.0
2024-08-02,S10,A,170.31,7,0,0,4,781.1
2023-10-13,S10,A,143.45,6,0,0,4,703.9
2024-08-30,S09,C,156.96,12,0,0,4,921.7
2024-08-19,S04,C,149.87,10,0,0,0,1463.3
2023-12-14,S01,C,314.28,21,0,0,3,1000.9
2023-11-04,S09,C,141.04,6,0,1,5,1353.1
2023-01-23,S10,A,196.88,8,0,0,0,887.6
2024-04-02,S01,C,231.08,9,0,0,1,813.2
2024-09-27,S01,C,262.66,13,0,0,4,744.3
2024-06-11,S09,C,137.9,6,0,0,1,874.8
2023-12-16,S10,A,296.09,14,0,0,5,1026.2
2024-04-14,S07,A,119.38,5,0,0,6,799.6
2023-07-30,S04,C,234.91,9,0,0,6,1008.6
2024-07-28,S09,C,124.59,7,0,0,6,1107.6
2023-10-18,S07,A,94.82,5,0,0,2,1157.0
2023-12-13,S10,A,265.71,12,0,0,2,775.0
2024-05-02,S08,A,137.21,7,0,0,3,642.5
2023-06-11,S05,B,268.03,10,1,0,6,1205.7
2023-03-02,S08,A,128.74,7,0,0,3,1023.1
2024-08-27,S09,C,114.15,4,0,0,1,1776.8
2023-04-20,S04,C,202.65,10,0,0,3,1166.2
2024-10-25,S05,B,245.52,10,0,0,4,444.3
2024-12-19,S02,A,410.55,20,0,0,3,898.4
2024-11-24,S10,A,298.57,11,0,0,6,1249.2
2023-01-21,S04,C,266.75,13,0,0,5,1448.8
2023-08-27,S08,A,163.25,12,0,0,6,982.8
2023-11-06,S06,A,146.42,6,0,1,0,243.5
2024-06-18,S01,C,299.11,12,0,0,1,1005.4
2023-03-25,S08,A,158.34,8,0,0,5,1164.2
2024-03-14,S06,A,88.4,3,0,0,3,1235.3
2024-12-26,S02,A,430.87,25,0,0,3,1208.8
2023-05-04,S01,C,274.77,10,0,0,3,1160.0
2024-07-08,S05,B,163.34,6,0,0,0,1332.8
2023-06-10,S10,A,206.9,14,0,0,5,1239.4
2024-04-03,S05,B,225.24,11,0,0,2,873.7
2024-03-06,S02,A,243.41,21,0,0,2,1152.6
2024-01-11,S06,A,130.6,5,1,0,3,1409.9
2024-12-14,S07,A,131.71,5,0,0,5,1383.1
2024-07-14,S09,C,127.25,9,0,0,6,1453.2
2024-12-01,S02,A,459.41,20,0,0,6,843.3
2023-09-27,S10,A,185.77,8,0,0,2,1348.8
2024-04-26,S03,A,117.65,6,0,0,4,1073.9
2024-07-11,S03,A,121.15,7,0,0,3,1240.5
2023-09-22,S09,C,111.98,4,0,0,4,1123.5
2024-01-02,S01,C,296.8,16,0,0,1,297.3
2023-03-07,S08,A,164.33,7,0,0,1,117.9
2023-03-21,S01,C,241.46,11,0,0,1,953.2
2023-09-16,S10,A,253.63,9,0,0,5,482.8
2024-10-12,S09,C,179.38,6,0,0,5,1127.8
2024-08-25,S06,A,114.05,4,0,0,6,929.2
2023-09-14,S02,A,320.66,13,0,0,3,1462.7
2023-05-16,S10,A,196.64,10,0,0,1,397.8
2024-06-19,S07,A,112.91,7,0,0,2,469.5
2023-08-23,S08,A,143.06,11,0,0,2,875.8
2024-05-10,S01,C,222.68,9,0,0,4,455.1
2023-12-29,S07,A,123.25,7,0,0,4,598.4
2024-10-06,S03,A,168.23,6,1,0,6,1155.2
2024-07-08,S07,A,102.5,5,0,0,0,735.3
2024-09-30,S08,A,128.16,7,0,0,0,1094.6
2023-10-22,S04,C,270.92,15,0,0,6,626.5
2023-12-13,S04,C,189.9,7,0,0,2,1173.7
2023-09-15,S06,A,98.31,8,0,0,4,570.6
2024-07-12,S04,C,264.18,10,0,0,4,1012.5
2024-02-08,S05,B,249.22,11,0,0,3,955.0
2024-05-15,S04,C,228.67,8,0,0,2,854.5
2024-12-13,S10,A,196.33,8,0,0,4,1415.3
2023-06-28,S01,C,255.45,22,0,0,2,683.8
2023-10-12,S04,C,212.49,16,0,0,3,866.3
2023-03-22,S04,C,269.96,9,0,0,2,655.5
2023-03-27,S08,A,130.45,6,0,0,0,565.4
2024-02-21,S09,C,148.01,7,0,0,2,958.4
2024-01-02,S05,B,213.33,15,0,0,1,821.6
2023-12-29,S05,B,271.37,10,0,0,4,1206.6
2024-05-30,S04,C,184.18,7,0,0,3,1161.2
2023-01-22,S10,A,276.18,14,1,0,6,992.8
2023-05-09,S09,C,119.81,5,0,0,1,888.4
2023-02-28,S03,A,131.27,6,0,0,1,1292.6
2023-01-05,S04,C,193.97,9,0,0,3,849.0
2023-05-04,S05,B,205.32,10,0,0,3,725.1
2024-06-27,S01,C,209.35,10,0,0,3,793.9
2023-10-16,S06,A,130.56,4,1,0,0,647.7
2024-12-08,S03,A,172.47,11,0,0,6,1432.5
2023-07-09,S03,A,193.84,8,1,0,6,1053.9
2024-03-19,S10,A,180.54,11,0,0,1,1121.2
2024-10-02,S01,C,279.55,15,0,0,2,858.8
2024-02-22,S07,A,103.92,5,0,0,3,1225.6
2024-08-27,S02,A,448.9,18,1,0,1,1240.3
2023-04-18,S02,A,312.09,10,0,0,1,1457.0
2023-03-13,S09,C,120.54,6,0,0,0,622.0
2023-08-25,S05,B,334.57,14,1,0,4,561.8
2023-05-31,S06,A,107.75,4,0,0,2,726.2
2023-03-09,S01,C,251.72,15,0,0,3,517.7
2024-09-21,S10,A,218.76,11,0,0,5,945.5
2024-03-16,S05,B,204.34,11,0,0,5,1039.0
2024-08-07,S07,A,100.26,4,0,0,2,1138.2
2024-02-28,S04,C,233.28,10,0,0,2,842.8
2023-03-31,S08,A,167.25,8,1,0,4,926.8
2024-08-11,S03,A,149.38,5,0,0,6,1058.2
2023-12-22,S03,A,129.58,5,0,0,4,1430.2
2023-06-03,S01,C,280.02,12,0,0,5,815.9
2024-11-28,S04,C,313.78,13,0,0,3,822.3
2024-08-06,S06,A,104.68,5,0,0,1,1387.9
2023-11-17,S04,C,276.16,11,0,0,4,1149.7
2024-11-10,S09,C,210.55,6,0,0,6,795.4
2023-11-12,S04,C,338.85,17,0,0,6,939.6
2023-11-26,S08,A,167.27,8,0,0,6,1274.7
2024-07-11,S02,A,259.85,13,0,0,3,761.2
2023-07-07,S05,B,217.41,7,0,0,4,718.0
2023-08-26,S01,C,315.44,11,0,0,5,706.2
2023-06-26,S10,A,151.87,10,0,0,0,744.5
2024-06-14,S08,A,143.2,5,0,0,4,834.9
2023-11-18,S09,C,201.4,8,0,0,5,1126.1
2023-07-18,S04,C,228.53,11,0,0,1,551.6
2023-02-23,S02,A,212.35,14,0,0,3,1271.2
2024-06-07,S02,A,262.24,13,0,0,4,1166.8
2024-07-04,S10,A,184.46,10,0,0,3,736.1
2023-12-04,S01,C,370.23,22,0,0,0,791.1
2024-07-23,S05,B,233.92,13,0,0,1,846.0
2024-11-25,S02,A,360.61,18,0,0,0,930.8
2023-08-05,S04,C,252.91,16,0,0,5,1396.3
2023-03-15,S02,A,339.12,20,0,0,2,591.0
2023-08-22,S10,A,225.71,11,0,0,1,743.8
2024-06-14,S10,A,206.22,12,1,0,4,1024.6
2023-08-12,S03,A,161.48,11,0,0,5,1299.1
2024-11-20,S02,A,399.01,16,0,0,2,1408.8
2024-04-07,S01,C,408.89,26,1,0,6,1384.1
2024-02-24,S09,C,124.22,6,0,0,5,1440.2
2023-09-27,S08,A,125.62,7,0,0,2,1253.8
2023-11-14,S03,A,202.54,10,1,0,1,1554.4
2024-01-29,S02,A,341.39,19,0,0,0,1005.6
2023-05-06,S06,A,110.05,4,0,0,5,1005.3
2023-07-30,S05,B,257.38,10,0,0,6,628.1
2024-01-15,S03,A,138.21,6,0,0,0,997.5
2024-01-30,S07,A,98.84,4,0,0,1,1562.6
2023-03-31,S09,C,148.51,5,0,0,4,1100.2
2023-02-12,S09,C,129.44,11,0,0,6,764.2
2024-05-19,S09,C,134.25,9,0,0,6,841.5
2023-11-01,S10,A,216.06,9,0,0,2,856.0
2024-07-26,S01,C,267.43,12,0,0,4,1376.6
2024-11-30,S10,A,249.73,28,0,0,5,1348.6
2023-05-03,S03,A,134.3,6,0,0,2,1219.4
2024-06-07,S10,A,162.44,6,0,0,4,738.2
2024-06-19,S02,A,299.1,17,0,0,2,855.9
2023-11-09,S02,A,419.22,33,0,0,3,1041.8
2024-07-05,S05,B,162.7,11,0,0,4,1067.8
2023-06-12,S02,A,280.75,24,0,0,0,594.8
2024-10-14,S10,A,235.45,12,0,0,0,769.8
2024-11-23,S02,A,456.93,23,0,0,5,1088.9
2023-04-20,S07,A,107.25,3,0,0,3,811.7
2023-07-27,S03,A,100.27,5,0,0,3,1003.7
2024-10-22,S04,C,283.58,8,0,0,1,1087.2
2024-12-16,S04,C,264.52,15,0,0,0,934.7
2024-12-16,S09,C,179.31,11,0,0,0,468.8
2024-09-08,S07,A,144.41,7,1,0,6,1345.3
2023-09-16,S09,C,136.85,4,0,0,5,1440.4
2023-06-28,S09,C,96.06,3,0,0,2,942.9
2024-06-13,S05,B,230.04,13,0,0,3,787.0
2024-11-04,S06,A,118.41,9,0,1,0,1287.4
2023-02-22,S09,C,136.62,6,0,0,2,1128.6
2023-12-07,S07,A,129.18,4,0,0,3,1356.2
2023-01-20,S03,A,140.54,11,0,0,4,1070.7
2023-10-21,S05,B,263.4,11,0,0,5,1149.0
2023-04-23,S07,A,110.18,3,0,0,6,1151.8
2024-08-26,S04,C,193.14,11,0,0,0,1111.8
2024-11-25,S06,A,123.59,8,0,0,0,977.6
2024-03-18,S04,C,207.93,10,0,0,0,1010.2
2023-01-31,S05,B,256.32,13,0,0,1,1074.8
2023-10-26,S07,A,98.89,4,0,0,3,1285.9
2023-05-10,S03,A,127.61,10,0,0,2,1285.0
2023-01-08,S01,C,325.56,13,0,0,6,1171.3
2024-01-31,S02,A,283.08,33,0,0,2,1131.2
2024-02-21,S10,A,156.52,6,0,0,2,867.0
2023-09-26,S08,A,108.04,4,0,0,1,1045.2
2024-03-24,S03,A,128.63,6,0,0,6,1210.3
2023-03-25,S02,A,281.27,11,0,0,5,1433.1
2023-11-30,S04,C,247.98,13,0,0,3,1193.3
2023-05-26,S07,A,114.32,10,0,0,4,798.3
2023-12-03,S01,C,270.8,12,0,0,6,1554.6
2024-08-09,S02,A,292.74,9,0,0,4,1064.5
2023-01-24,S09,C,146.23,7,0,0,1,988.7
2023-01-10,S03,A,119.6,5,0,0,1,1059.7
2023-10-19,S08,A,138.83,7,0,0,3,1162.2
2024-01-14,S03,A,176.23,6,0,0,6,918.1
2024-06-01,S09,C,167.47,6,0,0,5,894.5
2024-03-11,S06,A,121.58,5,0,0,0,1503.4
2024-09-13,S02,A,268.41,15,0,0,4,939.2
2023-12-29,S02,A,376.34,13,0,0,4,901.5
2024-04-04,S02,A,295.77,17,0,0,3,1169.0
2023-04-11,S02,A,299.89,22,0,0,1,1566.3
2024-10-31,S03,A,145.97,7,1,0,3,1398.2
2024-12-01,S07,A,153.72,9,0,0,6,1501.5
2023-08-26,S08,A,165.1,8,0,0,5,944.6
2024-02-13,S06,A,123.33,4,0,0,1,787.3
2023-10-29,S08,A,159.98,8,0,0,6,661.4
2024-11-30,S01,C,388.41,20,0,0,5,192.9
2023-06-03,S03,A,197.21,8,1,0,5,916.7
2023-08-30,S01,C,324.42,15,0,0,2,688.3
2024-12-30,S09,C,141.36,9,0,0,0,518.4
2023-02-11,S02,A,280.95,9,0,0,5,1773.9
2024-01-21,S06,A,159.43,8,1,0,6,998.8
2024-12-02,S04,C,261.21,15,0,0,0,1025.2
2024-11-06,S03,A,188.3,6,0,1,2,1106.2
2024-06-20,S09,C,138.71,6,0,0,3,1335.7
2024-02-16,S01,C,272.39,12,0,0,4,734.8
2024-05-08,S06,A,113.07,6,0,0,2,801.6
2024-08-29,S07,A,91.64,3,0,0,3,803.5
2024-10-28,S10,A,159.63,5,0,0,0,1467.6
2024-07-10,S07,A,102.35,3,0,0,2,1320.4
2024-10-03,S06,A,98.23,4,0,0,3,922.1
2023-03-05,S04,C,293.96,16,0,0,6,911.4
2023-02-19,S09,C,169.73,5,0,0,6,1462.6
2023-09-04,S04,C,244.21,11,0,0,0,1250.0
2024-04-29,S05,B,219.75,11,0,0,0,1269.9
2023-03-05,S08,A,146.09,6,0,0,6,1669.4
2023-03-14,S01,C,278.72,12,0,0,1,666.6
2023-01-29,S09,C,145.66,6,0,0,6,816.2
2023-03-17,S08,A,125.02,6,0,0,4,853.8
2024-09-10,S06,A,100.23,5,0,0,1,1090.2
2023-10-14,S05,B,230.38,11,0,0,5,1580.8
2024-01-23,S10,A,185.02,8,0,0,1,924.5
2024-03-09,S03,A,140.78,5,0,0,5,976.6
2024-03-13,S08,A,131.3,6,0,0,2,1364.8
2024-11-16,S09,C,190.56,6,0,0,5,672.3
2023-03-01,S07,A,123.04,11,0,0,2,1095.8
2023-10-30,S08,A,114.07,5,0,0,0,1481.7
2023-04-17,S09,C,117.86,7,0,0,0,714.3
2023-07-14,S03,A,118.28,5,0,0,4,967.3
2023-06-14,S08,A,121.96,7,0,0,2,938.3
2023-11-29,S03,A,159.82,7,0,0,2,854.0
2024-02-12,S06,A,80.5,4,0,0,0,1400.5
2023-09-28,S01,C,263.79,14,0,0,3,281.2
2023-06-20,S01,C,232.12,10,0,0,1,1308.6
2024-08-09,S01,C,250.74,12,0,0,4,1420.7
2024-03-08,S10,A,189.96,8,0,0,4,562.1
2023-10-20,S08,A,144.43,10,0,0,4,1286.8
2023-11-16,S05,B,291.07,11,0,0,3,540.2
2023-08-01,S04,C,230.04,12,0,0,1,872.0
2023-12-17,S05,B,251.33,12,0,0,6,971.5
2023-01-09,S07,A,109.36,7,0,0,0,1133.1
2023-08-19,S09,C,137.39,6,0,0,5,390.3
2023-09-25,S08,A,136.46,5,0,0,0,1450.6
2024-05-07,S06,A,126.76,8,0,0,1,879.0
2024-10-13,S03,A,142.7,7,0,0,6,761.1
2023-09-17,S05,B,409.64,19,1,0,6,1032.4
2024-11-02,S01,C,407.89,22,0,0,5,1298.8
2023-04-13,S10,A,134.8,6,0,0,3,1365.7
2024-09-10,S03,A,157.68,9,0,0,1,883.9
2024-02-15,S05,B,191.65,10,0,0,3,748.4
2023-08-03,S05,B,196.73,9,0,0,3,555.5
2024-04-02,S08,A,157.31,11,0,0,1,984.4
2023-05-01,S01,C,231.79,7,0,0,0,752.8
2023-07-22,S06,A,98.72,6,0,0,5,768.8
2023-03-04,S02,A,448.95,38,0,0,5,475.4
2024-10-26,S09,C,130.02,6,0,0,5,1522.3
2023-02-26,S07,A,123.29,5,0,0,6,1154.2
2024-01-08,S02,A,330.92,15,0,0,0,1707.9
2023-07-03,S08,A,117.79,5,0,0,0,1218.6
2023-05-14,S05,B,264.97,20,0,0,6,1005.4
2023-11-21,S09,C,161.98,8,0,0,1,1171.7
2024-11-26,S03,A,133.91,6,0,0,1,1096.1
2023-07-29,S10,A,196.47,11,0,0,5,659.8
2024-11-12,S07,A,130.66,5,0,0,1,1159.7
2024-12-13,S07,A,111.29,5,0,0,4,1346.8
2024-11-22,S08,A,158.17,9,0,0,4,505.4
2023-06-18,S09,C,125.29,6,0,0,6,1223.1
2023-03-16,S06,A,104.7,6,0,0,3,1219.2
2024-05-14,S04,C,193.81,10,0,0,1,1160.7
2024-02-02,S06,A,139.72,6,0,0,4,1022.2
2023-08-07,S08,A,114.95,4,0,0,0,1403.8
2023-01-20,S06,A,101.23,6,0,0,4,1074.5
2023-04-26,S03,A,117.53,5,0,0,2,1326.6
2023-10-15,S08,A,183.12,7,0,0,6,913.4
2024-05-12,S05,B,276.22,13,0,0,6,988.6
2023-03-22,S03,A,152.44,6,0,0,2,610.1
2024-03-23,S06,A,104.83,7,0,0,5,1272.7
2023-08-24,S01,C,255.74,10,0,0,3,1290.3
2024-05-22,S08,A,131.55,7,0,0,2,908.5
2024-10-23,S09,C,144.63,7,0,0,2,576.2
2024-12-09,S07,A,109.27,7,0,0,0,922.8
2023-07-26,S09,C,146.05,8,0,0,2,651.4
2023-10-27,S08,A,124.54,11,0,0,4,1267.6
2024-07-18,S02,A,273.17,14,0,0,3,1325.8
2023-03-06,S05,B,209.45,6,0,0,0,860.4
2024-10-08,S04,C,282.13,12,0,0,1,1264.1
2024-07-01,S04,C,201.19,7,0,0,0,951.6
2024-12-28,S07,A,161.27,5,0,0,5,681.6
2024-05-22,S06,A,115.99,5,0,0,2,976.8
2023-01-13,S01,C,369.69,19,1,0,4,1155.8
2023-06-27,S08,A,124.78,4,0,0,1,923.5
2024-05-01,S03,A,115.54,7,0,0,2,1351.8
2024-08-10,S02,A,323.01,20,0,0,5,1604.2
2023-08-02,S06,A,100.23,4,0,0,2,1401.1
2023-12-21,S06,A,124.35,8,0,0,3,665.4
2024-03-21,S04,C,270.37,19,1,0,3,1297.6
2023-01-14,S05,B,252.32,14,0,0,5,1001.6
2024-11-12,S02,A,418.44,20,0,0,1,433.1
2024-01-04,S01,C,227.2,12,0,0,3,848.2
2023-12-02,S04,C,349.65,16,0,0,5,568.1
2023-09-13,S10,A,197.42,12,0,0,2,100.0
2023-01-07,S03,A,144.88,9,0,0,5,1142.0
2024-05-10,S09,C,119.54,4,0,0,4,1184.2
2024-09-28,S07,A,121.98,5,0,0,5,1151.2
2024-01-14,S04,C,221.47,9,0,0,6,1075.6
2023-12-31,S02,A,435.78,29,0,0,6,922.1
2023-09-04,S08,A,151.17,7,1,0,0,1172.2
2023-03-09,S10,A,191.62,17,0,0,3,847.3
2024-02-12,S05,B,208.12,12,0,0,0,1283.0
2023-03-16,S02,A,288.82,10,0,0,3,945.6
2023-05-02,S02,A,313.98,14,0,0,1,1223.3
2023-08-06,S01,C,300.86,18,0,0,6,1465.4
2024-02-06,S01,C,215.58,11,0,0,1,1129.4
2024-11-06,S10,A,202.15,9,0,1,2,798.6
2024-04-30,S08,A,145.3,10,0,0,1,593.0
2023-02-26,S08,A,160.35,6,0,0,6,1146.8
2023-07-07,S04,C,202.72,18,0,0,4,953.8
2023-12-24,S01,C,417.72,32,0,0,6,1352.4
2023-09-17,S07,A,141.04,6,0,0,6,982.6
2023-06-21,S08,A,132.38,7,0,0,2,744.3
2023-05-20,S03,A,155.29,5,0,0,5,997.2
2024-07-02,S06,A,107.26,8,0,0,1,1124.7
2024-02-09,S07,A,126.0,8,0,0,4,726.5
2024-07-05,S10,A,202.23,13,0,0,4,479.9
2024-12-09,S04,C,282.18,16,0,0,0,1090.9
2023-02-18,S10,A,180.98,8,0,0,5,1118.4
2023-02-19,S04,C,371.07,20,1,0,6,868.8
2023-03-11,S01,C,322.33,15,0,0,5,1289.6
2024-03-19,S09,C,128.82,4,0,0,1,1204.7
2023-03-02,S03,A,136.28,11,0,0,3,1080.1
2023-07-11,S02,A,262.61,14,0,0,1,942.9
2024-05-17,S04,C,192.5,8,0,0,4,855.9
2023-12-01,S07,A,155.1,7,0,0,4,1185.6
2024-08-07,S05,B,249.37,17,0,0,2,901.4
2023-10-25,S08,A,132.0,8,0,0,2,1053.0
2023-11-11,S10,A,253.64,10,0,0,5,834.2
2024-05-15,S02,A,269.2,17,0,0,2,1284.1
2023-08-25,S07,A,93.45,4,0,0,4,736.8
2023-04-29,S08,A,116.86,4,0,0,5,773.0
2023-01-28,S05,B,212.46,11,0,0,5,1689.7
2024-04-29,S03,A,164.54,6,1,0,0,1012.4
2024-07-08,S01,C,231.67,8,0,0,0,814.5
2023-05-17,S02,A,393.6,20,0,0,2,426.5
2024-02-10,S06,A,110.63,5,0,0,5,1198.7
2023-06-02,S07,A,109.63,5,0,0,4,830.1
2023-12-26,S03,A,162.27,7,0,0,1,528.3
2023-11-24,S08,A,156.81,8,0,0,4,755.6
2024-12-21,S05,B,408.08,22,1,0,5,913.1
2023-12-15,S05,B,285.48,18,0,0,4,1274.7
2023-12-14,S04,C,314.16,14,0,0,3,1002.8
2024-11-18,S03,A,150.65,15,0,0,0,1001.8
2023-05-14,S08,A,144.15,6,0,0,6,578.3
2023-04-05,S06,A,169.08,6,1,0,2,910.0
2024-07-28,S08,A,130.32,4,0,0,6,1048.1
2023-08-14,S01,C,211.34,11,0,0,0,1268.3
2024-09-18,S03,A,152.18,5,0,0,2,1152.5
2024-01-12,S08,A,121.08,13,0,0,4,1010.6
2023-12-14,S09,C,156.02,12,0,0,3,1075.3
2023-08-23,S07,A,108.75,4,0,0,2,314.3
2023-01-07,S09,C,140.61,6,0,0,5,586.7
2024-06-18,S08,A,101.31,5,0,0,1,1309.8
2024-11-05,S03,A,155.65,9,0,1,1,793.6
2024-01-28,S08,A,153.41,8,1,0,6,816.5
2023-06-09,S09,C,123.93,5,1,0,4,955.0
2023-12-25,S10,A,215.58,7,0,0,0,1473.7
2024-09-26,S07,A,121.95,4,0,0,3,1017.6
2024-04-24,S07,A,99.1,6,0,0,2,1030.9
2023-05-31,S04,C,200.04,7,0,0,2,979.1
2023-11-09,S07,A,134.32,6,0,0,3,880.1
2023-01-16,S01,C,272.42,18,0,0,0,981.2
2023-10-08,S05,B,272.52,15,0,0,6,682.6
2023-11-04,S08,A,178.76,9,0,1,5,1196.0
2023-07-28,S07,A,97.76,3,0,0,4,699.0
2024-10-28,S04,C,258.74,14,0,0,0,876.2
2023-08-14,S10,A,192.51,10,0,0,0,1097.2
2024-01-07,S06,A,109.23,5,0,0,6,1269.5
2023-11-22,S07,A,98.16,252,0,0,2,1211.0
2024-07-17,S02,A,334.89,13,0,0,2,720.4
2023-11-16,S08,A,186.19,7,0,0,3,906.5
2023-03-27,S10,A,174.89,6,0,0,0,1299.1
2024-12-04,S04,C,228.61,12,0,0,2,1642.6
2024-12-20,S03,A,176.61,8,0,0,4,516.8
2024-03-14,S05,B,263.9,22,0,0,3,728.1
2023-12-13,S05,B,236.94,10,0,0,2,1326.9
2023-02-06,S07,A,101.7,4,0,0,0,1274.9
2023-05-24,S03,A,139.12,9,0,0,2,683.5
2024-09-28,S06,A,143.88,9,0,0,5,1051.2
2023-06-27,S10,A,168.15,7,0,0,1,759.5
2024-11-03,S05,B,424.64,20,1,0,6,960.3
2023-12-20,S05,B,234.23,11,0,0,2,743.3
2023-07-01,S09,C,148.21,8,0,0,5,1292.8
2024-04-11,S05,B,176.02,9,0,0,3,1178.6
2023-03-26,S02,A,503.35,22,1,0,6,905.9
2023-09-28,S05,B,201.26,12,0,0,3,472.9
2023-04-29,S10,A,209.47,8,0,0,5,1322.3
2023-01-18,S06,A,95.17,4,0,0,2,458.5
2024-12-14,S04,C,315.4,14,0,0,5,1185.3
2023-03-03,S08,A,103.69,4,0,0,4,1532.6
2023-07-29,S04,C,243.18,11,0,0,5,1017.0
2023-11-17,S07,A,113.08,5,0,0,4,1308.1
2023-01-09,S03,A,116.68,4,0,0,0,857.5
2024-02-09,S02,A,349.16,20,0,0,4,908.1
2023-04-14,S01,C,305.28,15,0,0,4,454.6
2024-04-13,S07,A,97.22,3,0,0,5,1645.1
2023-01-31,S01,C,239.85,11,0,0,1,1110.6
2023-05-28,S03,A,113.18,6,0,0,6,1078.6
2023-01-29,S04,C,253.9,14,0,0,6,840.7
2023-07-22,S09,C,128.68,6,0,0,5,971.5
2024-01-14,S08,A,140.99,6,0,0,6,823.2
2024-03-23,S03,A,144.05,6,0,0,5,388.5
2024-10-12,S08,A,148.52,5,0,0,5,955.8
2024-03-13,S06,A,137.28,7,0,0,2,258.8
2023-07-01,S04,C,223.89,13,0,0,5,982.0
2023-05-08,S02,A,248.93,22,0,0,0,1029.3
2024-03-30,S07,A,114.94,6,0,0,5,1503.4
2024-04-07,S04,C,229.56,10,0,0,6,1202.1
2024-02-01,S05,B,220.57,12,0,0,3,726.2
2023-08-20,S04,C,270.06,10,0,0,6,609.7
2023-07-20,S09,C,119.5,4,0,0,3,904.7
2024-03-16,S02,A,386.91,28,0,0,5,1032.0
2023-09-22,S03,A,138.39,6,0,0,4,728.1
2023-12-21,S04,C,290.68,14,0,0,3,1543.2
2024-10-28,S02,A,298.18,19,0,0,0,1022.8
2023-08-19,S06,A,115.43,3,0,0,5,614.2
2024-01-09,S02,A,306.69,12,0,0,1,815.2
2024-10-27,S07,A,111.23,4,0,0,6,1391.2
2023-01-10,S10,A,202.56,8,0,0,1,1092.2
2024-03-28,S08,A,89.48,3,0,0,3,721.0
2023-03-16,S05,B,265.42,19,0,0,3,409.0
2024-11-07,S03,A,116.11,7,0,0,3,1185.4
2023-02-18,S01,C,325.31,15,0,0,5,1198.9
2024-04-28,S03,A,197.58,8,0,0,6,804.2
2024-12-10,S07,A,139.73,9,0,0,1,920.9
2024-05-30,S05,B,226.7,10,0,0,3,1176.4
2023-04-26,S08,A,167.74,11,1,0,2,975.7
2024-09-15,S10,A,340.2,20,1,0,6,638.9
2023-05-24,S08,A,152.98,6,0,0,2,476.3
2023-08-30,S05,B,209.99,8,0,0,2,743.9
2024-03-02,S10,A,208.81,9,0,0,5,903.7
2023-02-10,S03,A,124.03,9,0,0,4,789.4
2023-08-08,S06,A,126.45,6,0,0,1,1031.1
2023-04-05,S10,A,181.04,10,0,0,2,748.8
2023-11-18,S08,A,181.18,6,0,0,5,1203.1
2023-07-26,S08,A,160.77,5,0,0,2,670.9
2024-07-03,S06,A,97.2,4,0,0,2,664.9
2024-05-26,S01,C,274.53,9,0,0,6,816.0
2023-03-08,S09,C,144.71,7,0,0,2,431.9
2023-01-22,S09,C,130.07,6,0,0,6,1772.0
2023-07-16,S03,A,125.72,14,0,0,6,778.8
2024-11-12,S05,B,211.73,15,0,0,1,1195.4
2024-01-18,S01,C,261.98,15,0,0,3,1176.5
2023-08-10,S04,C,202.22,6,0,0,3,987.6
2023-09-21,S04,C,195.59,13,0,0,3,854.3
2023-06-15,S10,A,175.56,19,0,0,3,1034.7
2023-11-01,S04,C,303.91,10,0,0,2,1298.3
2024-09-27,S10,A,167.79,12,0,0,4,1337.8
2024-11-13,S04,C,323.55,17,0,0,2,957.7
2023-08-03,S06,A,92.45,4,0,0,3,902.1
2023-03-19,S08,A,125.37,6,0,0,6,978.5
2023-09-01,S05,B,232.3,10,0,0,4,863.0
2024-10-14,S03,A,126.05,6,0,0,0,813.5
2024-02-22,S04,C,233.58,13,0,0,3,973.4
2024-08-10,S07,A,114.23,7,0,0,5,1211.1
2023-05-30,S02,A,332.62,14,0,0,1,1163.3
2023-11-23,S09,C,156.21,7,1,0,3,1246.8
2023-11-07,S02,A,453.85,18,0,0,1,469.5
2024-11-03,S10,A,222.85,15,0,0,6,1236.3
2024-06-30,S05,B,209.0,9,0,0,6,1455.7
2024-04-28,S01,C,284.4,17,0,0,6,1136.5
2023-02-21,S08,A,150.04,9,1,0,1,938.9
2024-12-08,S01,C,300.27,14,0,0,6,678.6
2023-12-18,S09,C,114.16,5,0,0,0,1302.9
2024-02-17,S06,A,126.95,11,0,0,5,1018.5
2024-05-15,S07,A,110.19,4,0,0,2,703.0
2024-12-12,S05,B,231.66,13,0,0,3,1622.0
2023-12-29,S03,A,140.06,8,0,0,4,1053.3
2024-07-07,S03,A,110.57,5,0,0,6,1224.4
2023-02-26,S09,C,140.99,6,0,0,6,1122.9
2023-02-06,S01,C,237.5,12,0,0,0,895.4
2024-06-12,S07,A,87.64,2,0,0,2,1571.4
2024-09-21,S09,C,148.07,5,0,0,5,837.6
2024-11-21,S02,A,472.75,41,1,0,3,1115.3
2023-12-19,S08,A,129.04,14,0,0,1,1840.4
2023-11-24,S10,A,186.4,13,0,0,4,1350.6
2023-03-17,S10,A,214.05,9,0,0,4,655.4
2024-01-26,S04,C,289.72,14,0,0,4,970.4
2024-11-17,S10,A,275.59,27,0,0,6,916.5
2024-08-16,S02,A,396.57,36,0,0,4,893.5
2024-04-21,S07,A,146.25,7,0,0,6,1505.8
2023-01-22,S05,B,208.38,11,0,0,6,922.1
2024-05-31,S04,C,200.7,9,0,0,4,1033.5
2024-06-13,S07,A,109.91,4,0,0,3,1333.6
2023-11-06,S09,C,116.76,7,0,1,0,1585.9
2024-03-18,S08,A,127.5,8,0,0,0,1024.0
2023-11-01,S06,A,130.54,5,0,0,2,840.6
2023-12-08,S03,A,179.84,14,1,0,4,1348.5
2023-05-28,S04,C,345.79,23,0,0,6,334.5
2023-08-13,S05,B,228.78,9,0,0,6,1044.2
2023-03-14,S06,A,78.4,3,0,0,1,1626.9
2024-01-15,S10,A,184.37,9,0,0,0,759.0
2023-01-05,S10,A,212.33,9,0,0,3,603.9
2024-07-26,S04,C,231.81,9,1,0,4,1090.8
2023-03-30,S08,A,148.7,9,0,0,3,731.5
2024-11-29,S03,A,142.19,7,0,0,4,1408.5
2023-10-17,S04,C,217.24,10,0,0,1,518.6
2024-05-19,S02,A,343.3,18,0,0,6,1189.0
2024-10-22,S03,A,114.23,4,0,0,1,1084.7
2023-02-21,S07,A,118.84,6,0,0,1,1229.8
2023-10-22,S10,A,201.41,8,0,0,6,1036.4
2024-11-02,S09,C,184.98,11,0,0,5,1495.9
2023-01-14,S10,A,244.64,12,0,0,5,1034.7
2023-11-22,S05,B,269.41,12,0,0,2,1059.5
2024-08-19,S09,C,121.68,5,0,0,0,1130.3
2024-08-11,S06,A,126.64,5,0,0,6,1109.4
2024-01-15,S06,A,114.49,4,0,0,0,951.8
2023-02-16,S04,C,254.53,15,0,0,3,774.0
2024-03-29,S06,A,112.91,4,0,0,4,1238.7
2023-05-04,S04,C,331.36,12,1,0,3,933.2
2023-03-01,S05,B,256.06,12,0,0,2,548.6
2023-02-15,S01,C,212.77,9,0,0,2,649.0
2024-08-18,S05,B,247.24,17,0,0,6,775.5
2023-12-15,S08,A,153.48,9,0,0,4,703.1
2024-01-19,S05,B,243.79,8,0,0,4,1177.5
2023-02-01,S03,A,148.45,6,0,0,2,693.6
2024-02-20,S02,A,302.41,17,0,0,1,841.0
2024-09-09,S02,A,291.07,11,0,0,0,963.8
2024-05-06,S10,A,168.1,7,0,0,0,756.1
2023-02-15,S02,A,277.97,39,0,0,2,1227.7
2024-08-13,S03,A,136.42,6,1,0,1,1099.8
2023-03-31,S01,C,283.93,13,0,0,4,791.0
2023-10-04,S04,C,314.89,10,1,0,2,428.1
2023-03-07,S09,C,123.0,4,0,0,1,994.4
2023-05-31,S07,A,94.43,5,0,0,2,1104.5
2023-12-02,S09,C,204.24,12,1,0,5,1275.3
2024-11-14,S10,A,198.47,16,0,0,3,955.3
2023-04-10,S10,A,196.71,10,0,0,0,627.5
2023-02-08,S10,A,195.16,8,0,0,2,1169.2
2023-08-22,S01,C,277.67,11,0,0,1,1176.4
2023-05-28,S07,A,116.09,10,0,0,6,1030.7
2023-08-13,S01,C,323.91,14,0,0,6,1170.5
2024-10-19,S02,A,426.67,21,0,0,5,499.7
2024-10-20,S02,A,351.23,21,0,0,6,1009.6
2024-09-01,S07,A,157.06,6,0,0,6,710.2
2023-12-05,S03,A,162.37,14,0,0,1,649.2
2024-12-26,S06,A,118.61,6,0,0,3,1303.9
2023-10-25,S03,A,111.47,9,0,0,2,1528.9
2023-10-05,S06,A,97.55,5,0,0,3,1498.9
2023-07-12,S04,C,346.82,18,1,0,2,513.0
2023-03-17,S09,C,118.19,5,0,0,4,673.8
2023-03-12,S01,C,258.06,16,0,0,6,1112.9
2024-10-01,S10,A,174.52,7,0,0,1,1719.1
2023-05-10,S04,C,243.24,11,0,0,2,941.1
2024-10-06,S08,A,161.26,6,0,0,6,606.2
2023-10-15,S04,C,222.81,9,0,0,6,1475.3
2024-09-03,S05,B,238.45,21,0,0,1,1332.2
2024-06-16,S03,A,155.63,8,0,0,6,882.1
2023-07-10,S08,A,117.78,6,1,0,0,1516.6
2024-08-20,S09,C,112.61,4,0,0,1,1145.7
2024-05-22,S02,A,308.77,10,0,0,2,1281.8
2023-02-06,S09,C,101.23,4,0,0,0,1332.5
2023-07-13,S08,A,113.83,7,0,0,3,1432.6
2023-04-26,S02,A,206.94,6,0,0,2,831.8
2024-12-02,S02,A,434.24,17,0,0,0,620.7
2024-12-13,S06,A,108.62,5,0,0,4,1203.8
2024-02-23,S10,A,152.45,8,0,0,4,895.0
2023-10-29,S01,C,286.63,12,0,0,6,996.4
2024-12-20,S02,A,405.0,20,0,0,4,1077.3
2023-01-20,S02,A,345.05,38,0,0,4,934.3
2024-04-09,S10,A,240.33,10,0,0,1,1208.5
2024-02-02,S08,A,112.69,4,0,0,4,1653.2
2023-01-18,S05,B,240.91,14,0,0,2,801.2
2023-07-10,S04,C,181.76,12,0,0,0,1569.6
2023-04-20,S10,A,169.13,6,0,0,3,716.3
2024-12-25,S02,A,417.12,28,0,0,2,1093.9
2024-05-14,S10,A,195.7,10,1,0,1,1393.7
2023-08-18,S03,A,115.45,6,0,0,4,1165.3
2024-09-28,S10,A,256.77,18,0,0,5,1210.8
2024-12-11,S08,A,147.25,7,0,0,2,1050.5
2024-04-30,S02,A,278.96,20,0,0,1,1258.3
2024-01-23,S06,A,107.88,6,0,0,1,452.5
2023-04-27,S05,B,199.15,8,0,0,3,1148.9
2024-04-17,S03,A,135.27,7,0,0,2,1131.4
2024-09-08,S08,A,162.29,5,1,0,6,724.9
2024-08-06,S01,C,243.3,11,0,0,1,453.2
2024-06-27,S10,A,150.59,5,0,0,3,955.1
2024-05-31,S08,A,150.63,5,0,0,4,1327.3
2023-06-16,S02,A,300.51,10,0,0,4,955.8
2023-02-20,S09,C,141.02,4,0,0,0,888.3
2023-01-17,S07,A,93.77,3,0,0,1,737.3
2024-06-24,S06,A,72.15,4,0,0,0,1382.7
2024-10-08,S08,A,121.17,6,0,0,1,955.3
2023-12-09,S03,A,180.73,9,0,0,5,872.0
2024-05-24,S06,A,145.54,5,1,0,4,560.2
2024-08-13,S08,A,109.26,10,0,0,1,1482.2
2023-01-11,S04,C,228.67,8,0,0,2,939.3
2024-05-14,S05,B,313.12,26,0,0,1,570.5
2024-07-23,S04,C,229.77,11,0,0,1,1184.4
2024-06-10,S10,A,182.7,9,0,0,0,818.0
2023-04-21,S05,B,171.67,9,0,0,4,1625.8
2024-11-24,S08,A,128.09,6,0,0,6,629.3
2023-06-25,S03,A,125.32,10,0,0,6,876.3
2024-12-06,S04,C,217.82,11,0,0,4,937.9
2024-08-26,S07,A,90.19,4,0,0,0,917.2
2023-11-11,S04,C,318.13,20,0,0,5,1608.0
2023-10-19,S07,A,113.83,4,0,0,3,413.6
2024-04-26,S07,A,121.34,6,0,0,4,1049.5
2023-06-15,S09,C,104.01,3,0,0,3,558.4
2023-01-16,S03,A,108.88,6,0,0,0,967.9
2024-01-29,S06,A,87.87,4,0,0,0,831.4
2023-09-06,S04,C,222.48,9,0,0,2,923.7
2023-06-08,S04,C,235.77,12,0,0,3,1029.3
2024-09-06,S09,C,154.0,6,0,0,4,731.1
2023-09-13,S03,A,111.82,4,1,0,2,1456.0
2024-01-06,S07,A,130.74,5,0,0,5,1327.9
2023-11-26,S01,C,300.89,16,0,0,6,1017.6
2024-01-25,S03,A,124.37,8,0,0,3,1005.0
2024-06-20,S03,A,119.86,10,0,0,3,1034.1
2024-05-17,S01,C,237.2,10,0,0,4,1475.8
2024-09-30,S06,A,73.09,4,0,0,0,1621.4
2023-08-09,S10,A,161.47,7,0,0,2,1436.6
2024-02-06,S10,A,172.24,8,0,0,1,1478.5
2024-05-27,S02,A,231.9,13,0,0,0,1289.9
2023-10-26,S06,A,88.44,4,0,0,3,1315.2
2023-07-02,S03,A,136.73,7,0,0,6,1088.1
2024-07-17,S06,A,92.85,4,0,0,2,1489.6
2024-04-15,S08,A,141.87,8,0,0,0,911.9
2024-06-06,S08,A,125.8,3,0,0,3,1163.1
2024-04-07,S10,A,207.14,11,0,0,6,801.1
2023-01-31,S10,A,218.45,11,0,0,1,1113.2
2023-01-22,S03,A,144.8,10,0,0,6,1247.0
2024-01-04,S05,B,214.03,8,0,0,3,1116.1
2024-03-14,S04,C,260.38,12,0,0,3,862.7
2024-08-24,S02,A,426.16,23,0,0,5,578.9
2024-11-05,S02,A,457.56,21,1,1,1,1109.2
2023-02-19,S06,A,98.69,8,0,0,6,1279.8
2023-01-21,S06,A,125.57,5,0,0,5,1038.8
2023-05-24,S05,B,248.19,18,0,0,2,707.8
2023-04-24,S06,A,125.61,6,0,0,0,240.3
2023-09-16,S05,B,219.86,10,0,0,5,1243.0
2023-03-28,S09,C,129.97,7,0,0,1,812.7
2023-10-02,S10,A,255.24,10,0,0,0,880.1
2023-01-31,S06,A,114.77,5,0,0,1,1083.7
2023-07-04,S10,A,155.01,5,0,0,1,1140.7
2023-12-05,S04,C,285.6,18,0,0,1,882.0
2023-07-18,S09,C,109.7,4,0,0,1,1410.4
2023-10-07,S09,C,171.04,6,0,0,5,748.8
2024-03-07,S05,B,262.52,18,0,0,3,740.5
2023-06-03,S05,B,240.06,16,0,0,5,1490.5
2023-11-07,S10,A,218.6,9,0,0,1,1322.4
2023-03-26,S04,C,298.5,19,0,0,6,660.7
2023-07-18,S08,A,107.4,8,0,0,1,1631.6
2024-05-17,S02,A,407.42,17,1,0,4,853.4
2024-05-24,S07,A,105.22,6,0,0,4,1509.9
2024-01-21,S08,A,146.88,7,0,0,6,924.1
2023-02-08,S04,C,266.85,28,1,0,2,745.9
2023-06-03,S09,C,128.09,4,0,0,5,1016.8
2023-01-22,S02,A,320.32,27,0,0,6,871.9
2024-08-09,S07,A,124.44,6,0,0,4,640.2
2023-07-15,S08,A,141.92,9,0,0,5,1062.5
2024-04-23,S03,A,105.14,4,0,0,1,794.8
2023-09-01,S09,C,161.24,10,0,0,4,664.6
2023-09-30,S08,A,150.44,7,0,0,5,1089.1
2024-08-23,S04,C,239.97,8,0,0,4,1410.5
2024-07-10,S02,A,392.07,27,0,0,2,580.6
2023-05-15,S10,A,151.09,6,0,0,0,1844.4
2024-05-01,S02,A,277.9,12,0,0,2,909.8
2024-01-16,S01,C,236.28,14,0,0,1,952.3
2024-07-13,S01,C,218.79,21,0,0,5,734.2
2023-03-10,S01,C,252.34,14,0,0,4,791.6
2023-01-19,S01,C,212.43,9,0,0,3,1250.7
2024-11-26,S08,A,165.21,7,0,0,1,1223.3
2024-11-13,S08,A,157.51,6,0,0,2,755.2
2024-11-06,S04,C,275.74,10,0,1,2,1174.8
2024-03-13,S03,A,117.95,10,0,0,2,1523.3
2023-01-28,S09,C,152.66,5,0,0,5,989.6
2023-12-21,S09,C,165.13,5,0,0,3,763.7
2024-06-07,S09,C,99.79,4,0,0,4,1272.3
2023-09-06,S01,C,312.18,15,0,0,2,1529.5
2023-01-29,S10,A,228.7,7,0,0,6,1100.3
2023-11-04,S06,A,139.6,8,0,1,5,1054.3
2024-08-03,S09,C,115.62,6,0,0,5,1229.4
2024-07-02,S08,A,120.71,4,0,0,1,1279.3
2023-04-10,S04,C,225.56,8,0,0,0,1059.9
2023-08-12,S07,A,110.81,4,0,0,5,1438.7
2024-07-24,S08,A,121.2,5,0,0,2,828.5
2023-01-04,S10,A,225.6,9,0,0,2,649.4
2024-05-30,S06,A,110.65,6,0,0,3,1459.9
2023-10-03,S05,B,218.02,24,0,0,1,943.2
2024-08-08,S08,A,133.29,9,0,0,3,841.3
2024-08-11,S08,A,144.37,6,0,0,6,557.5
2023-01-28,S01,C,281.98,10,0,0,5,943.9
2024-09-13,S06,A,102.88,4,0,0,4,1233.3
2023-10-16,S04,C,202.79,8,0,0,0,662.4
2024-09-27,S03,A,174.16,5,1,0,4,861.5
2024-06-09,S04,C,250.18,13,0,0,6,1268.0
2024-09-04,S07,A,123.05,6,0,0,2,1086.1
2024-07-21,S08,A,134.47,11,0,0,6,1118.4
2023-01-12,S02,A,358.48,18,0,0,3,796.9
2023-05-20,S02,A,366.35,16,0,0,5,710.1
2023-09-18,S01,C,233.09,14,0,0,0,749.9
2023-01-23,S01,C,234.18,11,0,0,0,827.9
2024-01-31,S07,A,111.64,3,0,0,2,1101.1
2024-03-15,S08,A,129.35,11,0,0,4,769.5
2023-11-28,S07,A,150.91,6,0,0,1,940.6
2024-03-20,S10,A,147.44,8,0,0,2,825.6
2023-01-09,S04,C,229.53,9,1,0,0,1121.5
2023-03-29,S04,C,233.76,9,0,0,2,1436.7
2024-11-08,S04,C,225.26,9,0,0,4,1443.1
2024-05-16,S04,C,221.0,16,0,0,3,1004.7
2023-02-16,S02,A,348.3,16,0,0,3,818.3
2024-10-04,S09,C,136.44,7,0,0,4,901.7
2023-02-25,S02,A,378.04,20,0,0,5,894.1
2024-11-06,S09,C,132.12,5,0,1,2,884.6
2023-08-26,S05,B,255.6,9,0,0,5,856.6
2024-09-06,S04,C,234.34,9,0,0,4,946.0
2023-08-13,S07,A,92.65,8,0,0,6,1880.6
2024-11-19,S01,C,348.08,17,0,0,1,543.0
2024-02-20,S03,A,119.88,10,0,0,1,1262.4
2023-09-03,S01,C,313.11,17,0,0,6,725.4
2023-08-21,S10,A,159.02,8,0,0,0,1627.3
2024-09-05,S01,C,290.32,24,0,0,3,1047.6
2023-08-03,S07,A,111.64,10,0,0,3,1151.6
2024-08-30,S08,A,109.1,4,0,0,4,1273.1
2024-02-01,S02,A,310.67,13,0,0,3,1024.1
2024-10-07,S03,A,111.89,6,0,0,0,1270.6
2023-03-07,S01,C,321.48,20,0,0,1,468.1
2023-03-12,S09,C,157.78,11,0,0,6,1006.7
2024-09-16,S09,C,104.62,4,0,0,0,1416.0
2024-01-08,S01,C,251.19,24,1,0,0,1397.5
2024-01-01,S02,A,266.88,13,0,0,0,1094.8
2024-01-15,S05,B,184.27,9,0,0,0,571.1
2023-11-03,S04,C,227.57,20,0,0,4,1483.1
2024-05-05,S04,C,226.26,13,0,0,6,996.5
2023-05-23,S05,B,202.87,20,0,0,1,592.4
2023-05-02,S07,A,98.14,4,0,0,1,1234.9
2024-12-30,S08,A,143.25,8,0,0,0,923.8
2023-07-12,S05,B,170.55,7,0,0,2,1209.3
2023-01-11,S05,B,229.66,8,0,0,2,1247.6
2024-02-13,S02,A,351.64,10,0,0,1,1276.2
2023-02-01,S05,B,208.63,7,0,0,2,1195.1
2023-05-09,S10,A,174.83,6,0,0,1,1496.1
2023-05-23,S08,A,162.73,6,0,0,1,546.4
2024-02-07,S06,A,105.87,4,0,0,2,1136.5
2024-07-29,S04,C,178.42,6,0,0,0,1138.9
2023-11-09,S10,A,230.59,9,0,0,3,1523.9
2024-08-31,S02,A,423.76,18,1,0,5,778.7
2024-08-14,S02,A,302.02,13,0,0,2,1393.8
2023-10-28,S09,C,200.26,11,1,0,5,1014.2
2024-08-27,S08,A,165.55,8,0,0,1,839.9
2023-04-21,S06,A,105.53,6,0,0,4,1124.9
2024-01-26,S08,A,133.47,9,0,0,4,699.0
2024-06-21,S05,B,165.15,6,0,0,4,1203.1
2024-03-24,S10,A,231.43,10,0,0,6,1017.3
2024-12-31,S09,C,127.68,5,0,0,1,1404.8
2024-04-12,S10,A,210.41,9,0,0,4,885.0
2023-03-10,S05,B,217.21,16,0,0,4,802.6
2024-09-17,S06,A,105.04,4,0,0,1,823.3
2024-06-18,S06,A,97.4,4,0,0,1,1336.6
2023-10-04,S06,A,127.28,5,0,0,2,1308.2
2024-02-19,S08,A,150.53,11,1,0,0,805.9
2024-07-23,S03,A,123.67,6,0,0,1,1219.7
2023-09-03,S02,A,388.79,15,0,0,6,1353.7
2024-12-13,S09,C,162.55,7,0,0,4,1056.4
2023-02-02,S07,A,126.85,5,0,0,3,524.8
2023-09-23,S03,A,188.88,9,0,0,5,987.6
2024-09-03,S02,A,393.54,22,1,0,1,713.6
2023-08-06,S07,A,111.83,4,0,0,6,1005.9
2024-07-10,S09,C,124.8,4,0,0,2,734.3
2024-03-07,S06,A,114.2,7,0,0,3,1249.6
2024-09-24,S06,A,115.33,4,0,0,1,791.6
2023-12-21,S05,B,217.4,10,0,0,3,900.5
2023-10-06,S08,A,110.28,6,0,0,4,1077.1
2024-09-19,S05,B,236.98,9,0,0,3,1645.3
2024-03-15,S02,A,326.27,12,0,0,4,1152.7
2023-06-17,S07,A,104.48,7,0,0,5,1386.4
2023-02-04,S09,C,165.36,7,0,0,5,948.2
2024-06-17,S03,A,126.4,5,1,0,0,1357.1
2023-11-19,S07,A,146.41,8,0,0,6,1085.2
2024-10-30,S08,A,124.11,5,0,0,2,841.1
2024-04-09,S06,A,96.87,6,0,0,1,880.4
2023-06-12,S07,A,106.29,4,0,0,0,795.6
2024-05-14,S09,C,145.71,5,1,0,1,908.8
2023-12-09,S05,B,302.14,18,0,0,5,1590.6
2024-12-10,S09,C,162.42,9,0,0,1,1066.9
2023-03-29,S02,A,416.04,17,1,0,2,998.0
2024-06-04,S01,C,206.95,6,0,0,1,1069.2
2024-02-04,S06,A,121.37,4,0,0,6,1216.2
2024-02-08,S01,C,209.77,10,0,0,3,1176.4
2023-08-10,S09,C,161.27,11,0,0,3,836.5
2024-04-15,S06,A,107.66,3,0,0,0,1115.8
2024-07-27,S04,C,248.02,12,0,0,5,1008.8
2023-08-01,S02,A,437.29,15,1,0,1,1205.0
2024-02-11,S01,C,382.06,19,1,0,6,1000.2
2024-12-08,S08,A,181.05,8,0,0,6,691.3
2024-12-02,S09,C,203.32,8,0,0,0,167.4
2023-01-09,S06,A,121.6,7,0,0,0,854.7
2024-02-23,S05,B,227.97,12,0,0,4,1157.1
2023-07-07,S08,A,116.44,5,0,0,4,1259.4
2023-10-08,S02,A,418.42,51,0,0,6,949.2
2024-07-30,S10,A,185.36,9,0,0,1,1383.9
2023-09-22,S01,C,273.34,19,0,0,4,1393.2
2024-09-17,S09,C,143.71,8,0,0,1,676.5
2023-10-16,S01,C,203.24,7,0,0,0,1485.1
2024-08-26,S01,C,213.51,12,0,0,0,1278.1
2023-02-19,S05,B,218.31,10,0,0,6,1518.1
2023-07-21,S10,A,210.79,9,0,0,4,1307.7
2023-09-10,S06,A,123.74,6,1,0,6,580.2
2024-03-14,S02,A,359.83,16,1,0,3,1004.5
2023-12-10,S04,C,385.43,25,0,0,6,1133.7
2024-07-18,S08,A,109.13,5,0,0,3,955.4
2024-06-22,S01,C,278.54,17,0,0,5,663.5
2023-05-08,S01,C,335.8,21,1,0,0,701.8
2024-02-08,S06,A,112.88,3,0,0,3,649.7
2024-07-18,S04,C,209.95,8,0,0,3,1219.5
2023-10-17,S06,A,92.35,3,0,0,1,1098.2
2024-02-05,S02,A,296.07,14,0,0,0,987.5
2024-09-06,S05,B,178.96,9,0,0,4,1528.2
2023-03-03,S09,C,112.59,4,0,0,4,1300.2
2024-09-17,S07,A,117.03,5,0,0,1,685.0
2024-02-04,S08,A,155.84,10,0,0,6,564.7
2024-02-03,S05,B,164.05,10,0,0,5,879.3
2024-05-04,S10,A,253.36,19,0,0,5,768.1
2024-03-04,S08,A,137.63,10,0,0,0,849.0
2024-03-11,S01,C,285.74,13,0,0,0,1084.6
2023-05-22,S04,C,172.7,7,0,0,0,976.5
2023-08-09,S02,A,301.7,26,0,0,2,1126.5
2023-07-20,S02,A,279.65,11,0,0,3,835.6
2024-12-11,S06,A,141.65,5,0,0,2,1127.5
2023-03-28,S10,A,230.51,8,0,0,1,338.3
2023-08-24,S09,C,142.87,5,0,0,3,1219.6
2023-07-20,S07,A,108.95,5,0,0,3,955.8
2023-11-06,S01,C,312.0,20,0,1,0,1448.7
2024-10-26,S08,A,166.16,7,0,0,5,1147.0
2024-05-21,S06,A,117.59,6,0,0,1,839.5
2023-02-05,S07,A,132.04,6,0,0,6,859.7
2023-04-27,S03,A,129.81,8,0,0,3,1459.1
2024-07-09,S03,A,158.27,12,1,0,1,817.5
2023-11-03,S05,B,264.35,17,0,0,4,1185.4
2024-10-30,S10,A,185.87,11,0,0,2,1146.3
2023-11-13,S02,A,286.52,10,0,0,0,1082.5
2024-01-19,S03,A,122.65,6,0,0,4,857.4
2024-04-05,S05,B,208.2,11,0,0,4,1086.4
2024-02-12,S07,A,88.93,4,0,0,0,1290.1
2024-12-21,S09,C,177.27,6,0,0,5,812.5
2023-07-09,S01,C,233.58,13,0,0,6,1749.2
2023-02-27,S10,A,208.97,7,0,0,0,679.7
2023-08-20,S10,A,323.56,15,1,0,6,1541.8
2024-01-24,S06,A,131.96,5,0,0,2,793.0
2023-06-19,S02,A,292.94,14,0,0,0,533.4
2023-03-28,S03,A,169.23,10,1,0,1,604.2
2024-05-10,S02,A,336.0,16,0,0,4,828.9
2024-11-28,S01,C,302.19,16,0,0,3,1013.1
2023-08-27,S01,C,355.27,17,0,0,6,100.0
2023-08-26,S09,C,160.48,9,0,0,5,882.9
2024-05-23,S07,A,92.97,5,0,0,3,656.0
2024-05-30,S03,A,127.87,7,0,0,3,986.6
2023-11-27,S07,A,125.36,8,0,0,0,943.9
2024-07-19,S10,A,160.07,7,0,0,4,976.3
2024-03-03,S01,C,263.89,12,0,0,6,1428.9
2023-04-22,S07,A,117.7,6,0,0,5,1203.7
2023-06-04,S02,A,322.09,12,0,0,6,1231.5
2024-02-18,S10,A,246.62,12,0,0,6,1051.9
2024-07-16,S04,C,189.9,11,0,0,1,833.2
2024-11-03,S06,A,149.32,7,0,0,6,928.5
2024-12-06,S07,A,103.41,4,0,0,4,1354.1
2024-02-01,S09,C,170.85,7,0,0,3,927.2
2024-05-08,S07,A,106.17,6,0,0,2,781.1
2024-08-06,S08,A,136.45,6,0,0,1,1546.7
2024-04-15,S09,C,105.96,5,0,0,0,1643.0
2024-05-04,S01,C,265.38,11,0,0,5,1125.4
2024-04-21,S05,B,252.89,12,0,0,6,745.0
2023-12-03,S06,A,148.86,6,0,0,6,1479.7
2023-09-08,S01,C,237.76,10,0,0,4,1517.7
2024-10-08,S02,A,331.09,60,0,0,1,1285.3
2024-02-15,S01,C,314.0,11,1,0,3,1068.1
2024-10-10,S01,C,226.62,9,0,0,3,1592.1
2024-10-10,S09,C,163.95,6,0,0,3,736.6
2024-12-20,S04,C,262.68,12,0,0,4,953.0
2023-12-30,S10,A,232.87,12,0,0,5,841.9
2024-07-04,S04,C,224.64,16,1,0,3,1040.9
2024-07-10,S04,C,192.94,9,0,0,2,1156.3
2024-11-27,S07,A,101.49,4,0,0,2,1368.4
2024-11-19,S10,A,177.8,12,0,0,1,1318.3
2024-03-06,S03,A,139.49,6,1,0,2,980.7
2024-06-26,S09,C,100.38,6,0,0,2,987.6
2024-09-29,S07,A,130.09,10,0,0,6,812.6
2024-12-01,S10,A,240.5,9,0,0,6,1031.3
2023-07-25,S03,A,105.08,5,0,0,1,952.4
2023-06-27,S07,A,74.8,4,0,0,1,1142.7
2024-01-15,S07,A,95.89,7,0,0,0,1181.5
2023-11-28,S04,C,284.8,9,0,0,1,426.7
2024-03-23,S08,A,150.83,6,0,0,5,1312.2
2023-09-11,S07,A,103.64,4,0,0,0,887.4
2024-06-08,S07,A,75.71,5,0,0,5,1019.8
2024-02-10,S07,A,125.54,3,0,0,5,977.2
2023-06-09,S03,A,134.23,9,0,0,4,992.7
2023-06-22,S04,C,229.23,16,0,0,3,661.6
2024-07-26,S02,A,272.12,14,0,0,4,746.3
2023-12-19,S09,C,136.67,5,0,0,1,747.4
2023-09-19,S02,A,322.83,20,0,0,1,918.9
2024-11-25,S09,C,148.04,5,0,0,0,1481.6
2023-02-19,S01,C,321.24,16,1,0,6,1359.0
2024-09-06,S07,A,120.51,16,0,0,4,1071.9
2023-10-19,S01,C,258.13,12,0,0,3,864.6
2023-04-11,S07,A,117.43,4,0,0,1,864.7
2024-05-20,S05,B,298.28,13,0,0,0,100.0
2023-09-08,S04,C,288.14,8,0,0,4,850.3
2024-04-06,S01,C,297.05,14,0,0,5,1149.7
2023-08-20,S05,B,261.7,23,0,0,6,1390.0
2023-12-08,S01,C,313.68,20,1,0,4,1286.6
2024-02-19,S10,A,195.94,10,0,0,0,642.0
2023-09-13,S05,B,243.53,9,0,0,2,798.1
2023-05-22,S08,A,127.99,8,0,0,0,1063.2
2023-11-06,S07,A,135.79,8,0,1,0,1006.0
2023-01-03,S06,A,105.11,5,0,0,1,1246.6
2023-08-29,S10,A,191.54,8,0,0,1,984.8
2023-11-24,S01,C,289.77,13,0,0,4,831.0
2023-04-22,S04,C,263.93,14,0,0,5,1538.9
2024-07-19,S01,C,211.61,10,0,0,4,1399.1
2023-06-05,S03,A,100.29,4,0,0,0,905.4
2024-09-16,S07,A,94.42,6,0,0,0,1492.7
2024-06-29,S09,C,134.68,4,0,0,5,778.3
2023-12-26,S01,C,343.4,14,0,0,1,1371.2
2023-11-18,S05,B,299.46,15,0,0,5,1079.3
2023-12-07,S03,A,118.25,5,0,0,3,1454.8
2023-02-13,S04,C,199.86,8,0,0,0,1096.5
2023-04-08,S10,A,175.14,9,0,0,5,931.1
2023-09-23,S06,A,179.25,9,1,0,5,861.9
2023-07-04,S08,A,125.64,6,0,0,1,1501.0
2024-06-01,S01,C,303.14,16,0,0,5,1300.8
2024-06-23,S09,C,108.82,5,0,0,6,1548.6
2023-04-23,S08,A,147.31,5,0,0,6,1357.2
2024-10-07,S07,A,78.29,3,0,0,0,1523.8
2024-07-14,S03,A,139.14,5,0,0,6,1649.5
2024-03-08,S01,C,272.89,17,0,0,4,1327.1
2023-09-09,S09,C,146.39,5,0,0,5,1256.6
2024-12-03,S06,A,123.49,5,0,0,1,1363.6
2023-04-21,S03,A,132.21,4,0,0,4,1159.6
2023-11-24,S07,A,116.01,7,0,0,4,1156.8
2024-01-04,S10,A,215.61,9,0,0,3,1136.0
2024-05-10,S10,A,184.21,10,0,0,4,1027.4
2024-03-17,S09,C,145.64,4,0,0,6,934.6
2024-06-25,S07,A,106.6,5,0,0,1,1138.7
2024-05-23,S02,A,320.08,22,0,0,3,1186.9
2023-01-20,S05,B,268.92,12,0,0,4,1189.8
2023-03-03,S06,A,131.38,8,0,0,4,691.7
2023-03-06,S04,C,169.82,7,0,0,0,1587.5
2024-11-24,S01,C,304.82,13,0,0,6,911.2
2023-11-25,S06,A,130.32,7,0,0,5,1177.5
2023-11-08,S07,A,120.33,5,0,0,2,1182.8
2024-03-25,S09,C,124.58,9,0,0,0,1083.9
2023-10-05,S07,A,105.8,5,0,0,3,1017.0
2024-12-16,S08,A,152.46,7,0,0,0,884.3
2024-09-16,S01,C,224.22,13,0,0,0,1147.7
2024-09-06,S02,A,320.82,15,0,0,4,890.2
2023-02-03,S01,C,191.61,10,0,0,4,1062.5
2023-08-09,S08,A,137.3,6,0,0,2,1057.8
2024-07-17,S07,A,129.05,8,0,0,2,1116.5
2024-06-10,S02,A,300.24,16,0,0,0,755.0
2023-09-25,S01,C,259.93,13,0,0,0,913.6
2023-11-26,S10,A,312.9,12,0,0,6,918.9
2023-04-08,S03,A,163.13,7,0,0,5,947.3
2023-02-18,S04,C,276.94,9,0,0,5,1006.4
2023-08-31,S01,C,231.36,10,0,0,3,1595.1
2023-09-18,S03,A,146.04,5,0,0,0,1128.4
2023-03-13,S10,A,208.72,9,0,0,0,904.7
2024-12-09,S05,B,225.36,18,0,0,0,1576.6
2023-07-25,S10,A,213.07,8,0,0,1,637.0
2023-10-08,S04,C,263.17,10,0,0,6,987.7
2023-09-14,S07,A,116.07,4,0,0,3,1133.5
2024-05-03,S09,C,135.46,6,0,0,4,1248.3
2023-01-04,S03,A,132.27,6,0,0,2,1088.8
2023-03-08,S05,B,222.71,10,0,0,2,1356.7
2024-07-29,S03,A,144.9,6,1,0,0,734.2
2024-04-07,S07,A,114.5,8,0,0,6,1090.5
2024-11-22,S03,A,127.27,5,0,0,4,1263.4
2024-09-25,S05,B,206.59,6,0,0,2,898.5
2023-05-25,S05,B,215.03,9,0,0,3,1226.4
2024-06-11,S02,A,293.75,12,0,0,1,879.2
2023-10-07,S03,A,142.1,5,0,0,5,590.7
2023-12-28,S06,A,151.57,5,0,0,3,937.9
2024-12-13,S02,A,431.16,22,1,0,4,1376.2
2023-06-20,S06,A,114.19,6,0,0,1,1155.8
2024-10-13,S10,A,146.08,8,0,0,6,1200.7
2024-07-06,S04,C,287.46,12,1,0,5,1506.4
2024-06-20,S07,A,109.49,5,0,0,3,627.2
2024-02-29,S09,C,126.69,4,0,0,3,1092.0
2024-07-13,S08,A,143.02,4,0,0,5,970.8
2023-11-19,S08,A,219.2,13,0,0,6,584.6
2023-01-12,S09,C,113.5,5,0,0,3,994.3
2023-08-16,S08,A,118.75,5,0,0,2,774.8
2023-10-18,S06,A,113.56,5,0,0,2,1170.0
2024-08-12,S10,A,164.74,13,0,0,0,967.9
2023-05-21,S02,A,379.25,22,0,0,6,709.1
2023-03-15,S10,A,235.44,12,0,0,2,980.2
2023-09-03,S07,A,123.84,5,0,0,6,614.2
2023-01-18,S01,C,251.47,13,0,0,2,1081.1
2023-02-24,S01,C,211.0,8,0,0,4,1034.0
2023-03-30,S04,C,197.79,7,0,0,3,1270.7
2024-03-22,S03,A,157.81,6,0,0,4,945.2
2024-07-01,S09,C,121.17,5,0,0,0,543.0
2024-05-05,S07,A,133.37,5,0,0,6,925.1
2024-01-09,S04,C,258.3,20,0,0,1,987.3
2024-02-16,S03,A,141.23,6,0,0,4,908.6
2023-03-09,S05,B,171.45,34,0,0,3,1408.2
2023-11-17,S10,A,177.42,5,0,0,4,1720.5
2023-02-09,S08,A,131.45,6,0,0,3,599.8
2023-10-19,S06,A,110.91,5,0,0,3,791.9
2024-01-18,S07,A,97.74,4,0,0,3,616.4
2023-07-01,S06,A,95.13,3,0,0,5,933.4
2024-01-23,S01,C,325.39,14,0,0,1,1199.0
2024-03-29,S08,A,150.93,9,1,0,4,754.7
2023-07-30,S01,C,221.97,8,0,0,6,933.5
2024-12-14,S10,A,284.37,33,0,0,5,1462.4
2024-12-25,S05,B,278.46,11,0,0,2,970.3
2024-09-07,S09,C,164.96,7,0,0,5,1238.2
2023-07-30,S02,A,290.4,11,1,0,6,1338.3
2024-09-11,S05,B,219.76,8,0,0,2,811.5
2024-06-24,S01,C,215.07,13,0,0,0,1420.2
2024-03-04,S05,B,203.53,14,0,0,0,765.3
2023-06-04,S09,C,154.2,11,0,0,6,1191.2
2024-03-14,S07,A,132.07,6,0,0,3,536.6
2023-12-28,S04,C,303.92,21,1,0,3,821.7
2023-11-29,S04,C,257.45,10,0,0,2,781.5
2023-02-05,S06,A,111.27,4,0,0,6,664.1
2024-12-18,S10,A,227.73,13,0,0,2,1272.2
2023-05-27,S02,A,327.68,18,0,0,5,1059.4
2024-05-21,S08,A,108.0,4,0,0,1,1227.3
2023-09-11,S06,A,95.32,5,0,0,0,780.6
2024-10-09,S06,A,116.06,5,0,0,2,1017.2
2023-11-19,S01,C,366.82,20,0,0,6,984.4
2024-06-05,S01,C,203.86,27,0,0,2,1342.6
2023-08-26,S04,C,305.8,19,1,0,5,1206.2
2023-04-16,S02,A,397.93,33,1,0,6,887.6
2023-11-04,S05,B,234.34,18,0,1,5,1281.7
2023-08-21,S02,A,306.96,13,0,0,0,897.4
2024-04-12,S03,A,130.88,7,0,0,4,1276.9
2023-11-30,S05,B,273.28,10,0,0,3,820.8
2024-04-16,S08,A,191.61,10,1,0,1,925.8
2023-06-25,S02,A,311.24,21,0,0,6,555.1
2024-12-08,S09,C,165.15,6,0,0,6,1074.1
2023-06-27,S03,A,122.67,6,0,0,1,547.0
2023-04-30,S07,A,110.67,4,0,0,6,1371.9
2023-07-07,S09,C,130.77,4,0,0,4,765.2
2023-09-24,S09,C,148.26,7,0,0,6,1383.4
2024-12-30,S05,B,243.8,9,0,0,0,1260.6
2023-07-21,S07,A,92.77,3,0,0,4,596.5
2023-07-20,S06,A,128.46,6,0,0,3,741.6
2024-08-15,S10,A,158.44,13,0,0,3,1096.6
2023-05-29,S03,A,130.65,5,0,0,0,736.5
2023-11-20,S08,A,123.73,6,0,0,0,1203.4
2023-02-02,S09,C,111.0,4,0,0,3,998.9
2023-03-06,S09,C,113.38,5,0,0,0,1186.5
2023-10-22,S06,A,116.69,8,0,0,6,994.3
2024-02-14,S03,A,135.81,6,0,0,2,935.3
2023-04-23,S04,C,263.11,18,0,0,6,1039.3
2023-02-09,S07,A,92.58,4,0,0,3,1165.0
2023-10-06,S09,C,128.44,5,0,0,4,1263.3
2024-12-03,S05,B,249.58,8,0,0,1,1408.8
2024-01-16,S07,A,120.38,5,0,0,1,909.3
2024-12-11,S10,A,171.71,11,0,0,2,619.3
2024-05-26,S09,C,135.9,8,0,0,6,1216.0
2024-09-04,S01,C,230.93,9,0,0,2,1369.9
2023-05-06,S10,A,171.81,8,0,0,5,631.5
2024-06-16,S06,A,122.52,6,0,0,6,1018.5
2024-08-31,S10,A,148.46,7,0,0,5,1246.5
2024-05-15,S05,B,236.81,9,0,0,2,1277.4
2023-06-01,S10,A,154.97,6,0,0,3,1108.0
2024-01-16,S02,A,342.1,14,0,0,1,675.9
2023-05-18,S09,C,123.57,6,0,0,3,966.8
2024-10-21,S03,A,152.63,8,1,0,0,1306.5
2023-04-13,S04,C,237.78,8,1,0,3,1207.8
2023-09-16,S08,A,129.16,5,0,0,5,1214.0
2023-10-19,S09,C,153.4,8,0,0,3,803.2
2024-05-24,S04,C,237.47,15,0,0,4,1072.1
2024-06-04,S02,A,236.19,12,0,0,1,1431.9
2023-12-28,S02,A,451.64,23,0,0,3,924.7
2023-04-02,S03,A,158.46,5,0,0,6,899.5
2023-10-13,S08,A,136.49,5,0,0,4,1123.4
2024-05-12,S01,C,231.95,6,0,0,6,892.5
2023-06-17,S06,A,104.45,5,0,0,5,629.6
2023-06-24,S07,A,121.59,6,0,0,5,1054.0
2023-10-30,S07,A,86.0,4,0,0,0,680.3
2023-02-23,S03,A,196.61,9,1,0,3,1185.7
2023-06-23,S07,A,128.34,6,1,0,4,692.2
2023-06-12,S10,A,151.39,6,0,0,0,1482.9
2024-06-29,S04,C,202.18,11,0,0,5,1302.8
2023-02-13,S01,C,310.38,15,0,0,0,1116.6
2023-12-19,S04,C,199.4,11,0,0,1,1488.8
2023-06-30,S09,C,157.81,6,1,0,4,946.7
2024-04-10,S04,C,213.42,9,0,0,2,1011.9
2023-12-27,S08,A,129.7,5,0,0,2,980.7
2023-12-29,S01,C,260.31,13,0,0,4,955.1
2024-04-01,S08,A,120.46,7,0,0,0,553.3
2024-08-18,S03,A,175.6,7,0,0,6,393.4
2023-01-24,S05,B,187.74,15,0,0,1,788.7
2024-09-22,S09,C,122.91,10,0,0,6,1016.9
2023-08-11,S03,A,134.77,6,0,0,4,623.9
2024-03-22,S05,B,187.21,8,0,0,4,1136.3
2024-02-24,S05,B,301.0,18,0,0,5,971.0
2024-08-06,S07,A,150.49,6,1,0,1,1083.5
2024-03-26,S10,A,220.4,9,0,0,1,1187.5
2024-10-14,S05,B,215.17,13,0,0,0,1102.9
2023-07-14,S09,C,104.51,3,0,0,4,1216.3
2024-07-12,S10,A,200.75,8,1,0,4,830.5
2024-10-15,S02,A,274.52,18,0,0,1,1150.1
2024-03-27,S04,C,149.16,6,0,0,2,889.9
2023-12-16,S03,A,214.66,7,0,0,5,701.8
2024-10-31,S04,C,242.07,14,0,0,3,951.5
2023-07-19,S06,A,90.81,4,0,0,2,829.3
2023-09-25,S02,A,282.33,10,0,0,0,983.2
2024-08-31,S03,A,142.03,10,0,0,5,729.5
2023-08-11,S05,B,217.41,8,0,0,4,1110.7
2023-04-21,S07,A,129.98,6,0,0,4,1336.6
2024-08-25,S04,C,308.84,17,0,0,6,947.4
2023-03-23,S09,C,146.72,8,0,0,3,1204.6
2024-01-14,S05,B,269.52,11,0,0,6,1466.3
2024-03-03,S04,C,366.83,22,1,0,6,1379.1
2024-05-14,S01,C,242.93,9,0,0,1,1131.4
2024-06-15,S01,C,279.64,15,0,0,5,647.3
2023-06-19,S08,A,97.93,3,0,0,0,788.3
2024-03-10,S01,C,333.41,17,0,0,6,952.2
2023-01-14,S07,A,130.72,5,0,0,5,1036.1
2023-06-14,S03,A,123.21,9,0,0,2,865.4
2024-11-14,S09,C,162.63,6,0,0,3,735.0
2024-11-07,S05,B,258.6,13,0,0,3,1310.7
2024-10-10,S04,C,248.87,11,0,0,3,952.5
2023-04-29,S01,C,340.56,13,0,0,5,1099.3
2024-04-04,S01,C,240.77,12,1,0,3,1090.1
2023-03-30,S09,C,105.25,4,0,0,3,1139.0
2023-10-26,S08,A,137.86,7,0,0,3,958.1
2024-05-02,S02,A,338.96,12,1,0,3,1013.0
2023-09-01,S08,A,141.54,13,0,0,4,773.2
2024-01-24,S10,A,190.23,16,0,0,2,838.4
2024-05-26,S03,A,210.88,11,1,0,6,537.9
2023-03-23,S08,A,137.22,8,0,0,3,750.5
2023-04-22,S02,A,404.97,30,0,0,5,1172.2
2023-12-08,S05,B,284.75,10,0,0,4,856.4
2024-04-02,S05,B,285.11,17,0,0,1,864.0
2023-08-23,S02,A,352.21,16,0,0,2,1009.8
2023-11-13,S08,A,144.38,9,0,0,0,1396.8
2024-06-22,S09,C,90.97,4,0,0,5,856.4
2024-10-07,S01,C,237.96,17,0,0,0,960.9
2024-08-08,S04,C,294.82,9,0,0,3,652.0
2023-11-03,S06,A,165.99,6,0,0,4,541.1
2023-05-07,S05,B,240.59,12,0,0,6,1077.2
2023-04-10,S01,C,264.74,20,0,0,0,426.3
2023-05-27,S05,B,231.12,9,0,0,5,1097.3
2024-01-02,S03,A,116.78,5,0,0,1,1499.6
2024-09-30,S01,C,204.65,14,0,0,0,1326.1
2023-06-23,S10,A,162.31,11,0,0,4,847.9
2024-06-09,S06,A,109.63,7,0,0,6,1130.2
2024-11-10,S02,A,410.43,20,0,0,6,1025.4
2023-02-05,S04,C,297.49,51,0,0,6,888.8
2024-07-11,S04,C,182.09,15,0,0,3,1195.7
2024-09-28,S05,B,175.23,6,0,0,5,1172.9
2024-01-25,S09,C,116.06,6,0,0,3,849.1
2024-07-24,S02,A,284.53,20,0,0,2,1658.9
2023-05-29,S10,A,176.6,8,0,0,0,1125.3
2024-08-31,S09,C,139.76,12,0,0,5,867.5
2024-05-05,S03,A,169.56,6,0,0,6,1157.5
2023-11-10,S01,C,457.32,24,1,0,4,964.1
2023-05-03,S09,C,112.25,3,0,0,2,1180.9
2024-10-23,S10,A,140.58,7,0,0,2,1004.6
2024-01-13,S02,A,373.33,23,0,0,5,607.4
2024-02-14,S02,A,336.51,13,0,0,2,643.5
2024-11-23,S01,C,386.36,15,0,0,5,870.8
2024-05-26,S02,A,287.54,20,0,0,6,572.1
2024-11-15,S01,C,303.9,12,0,0,4,768.4
2023-01-06,S03,A,124.74,8,0,0,4,1559.7
2024-03-14,S08,A,138.26,5,0,0,3,890.0
2024-07-08,S04,C,256.19,11,1,0,0,1020.7
2024-09-23,S10,A,206.33,13,0,0,0,875.6
2023-11-05,S06,A,137.89,9,0,1,6,857.4
2023-01-16,S10,A,240.06,9,0,0,0,1093.4
2024-03-27,S01,C,274.2,9,0,0,2,1191.4
2023-06-08,S08,A,124.85,5,0,0,3,1200.7
2023-06-08,S10,A,191.93,8,0,0,3,924.2
2023-05-28,S10,A,209.56,9,0,0,6,918.2
2023-12-22,S06,A,143.54,5,0,0,4,997.7
2024-04-03,S08,A,124.91,6,0,0,2,1102.3
2023-11-11,S06,A,162.53,8,0,0,5,574.0
2023-05-27,S10,A,233.97,9,0,0,5,884.5
2024-03-11,S08,A,133.63,5,0,0,0,1136.9
2023-11-06,S05,B,281.13,13,0,1,0,747.0
2024-02-21,S06,A,123.71,5,0,0,2,837.2
2024-01-19,S08,A,121.59,9,0,0,4,1028.2
2023-07-27,S09,C,130.93,7,0,0,3,933.5
2024-12-16,S07,A,106.69,3,0,0,0,1084.3
2024-04-04,S08,A,144.02,6,0,0,3,1132.2
2024-04-21,S02,A,347.54,35,0,0,6,881.2
2024-12-21,S03,A,178.81,8,0,0,5,1267.3
2024-12-06,S03,A,151.01,8,0,0,4,810.0
2024-01-30,S09,C,126.76,5,0,0,1,1021.4
2023-10-10,S09,C,126.66,5,0,0,1,1595.1
2023-02-13,S07,A,102.28,5,0,0,0,1325.8
2024-02-28,S02,A,284.52,11,0,0,2,1009.3
2024-12-08,S06,A,136.42,6,0,0,6,687.0
2023-10-24,S01,C,271.46,10,0,0,1,353.1
2024-05-02,S05,B,198.79,18,0,0,3,947.4
2023-06-08,S09,C,125.42,8,0,0,3,701.7
2024-04-22,S03,A,126.9,5,0,0,0,1247.4
2023-10-06,S01,C,254.85,7,0,0,4,1026.2
2024-08-17,S02,A,421.68,17,0,0,5,736.9
2024-06-21,S09,C,123.3,7,0,0,4,674.9
2023-06-09,S01,C,203.66,8,0,0,4,1004.6
2024-11-09,S10,A,209.37,8,0,0,5,1470.3
2023-04-08,S04,C,228.44,9,0,0,5,1388.8
2023-05-04,S09,C,120.05,3,0,0,3,1303.8
2023-10-23,S02,A,318.55,19,0,0,0,399.5
2024-10-16,S08,A,118.76,5,0,0,2,411.4
2023-08-23,S03,A,110.82,7,0,0,2,1093.1
2024-04-05,S09,C,133.81,5,0,0,4,1615.5
2024-08-18,S06,A,128.55,6,1,0,6,965.6
2024-04-14,S08,A,127.11,7,0,0,6,918.7
2024-09-16,S04,C,273.99,17,0,0,0,506.1
2023-08-12,S02,A,370.44,25,0,0,5,1139.9
2024-02-22,S05,B,213.44,13,0,0,3,715.0
2023-05-30,S08,A,129.33,7,0,0,1,712.7
2023-02-14,S10,A,186.72,9,1,0,1,1280.3
2023-08-25,S10,A,135.19,6,0,0,4,955.2
2024-10-24,S04,C,311.6,15,1,0,3,822.4
2023-12-09,S10,A,240.35,14,0,0,5,1002.8
2024-04-04,S05,B,220.34,13,0,0,3,904.6
2024-10-09,S09,C,122.24,3,0,0,2,982.6
2024-09-29,S02,A,337.42,18,0,0,6,1049.5
2023-08-31,S03,A,125.66,6,0,0,3,1262.2
2024-10-18,S05,B,216.08,12,0,0,4,1125.3
2024-07-20,S10,A,176.75,7,0,0,5,1074.2
2024-03-06,S05,B,267.2,14,0,0,2,1522.4
2023-06-05,S02,A,348.55,11,1,0,0,1187.0
2024-10-10,S06,A,99.24,4,0,0,3,902.7
2023-04-25,S07,A,118.68,5,0,0,1,613.5
2024-04-24,S02,A,304.68,12,0,0,2,1598.0
2024-09-21,S07,A,155.4,7,0,0,5,897.9
2023-07-29,S03,A,157.21,11,1,0,5,1273.1
2023-05-12,S04,C,252.42,9,0,0,4,768.2
2023-07-21,S06,A,99.69,3,0,0,4,875.1
2023-01-19,S08,A,131.48,7,0,0,3,1622.6
2024-07-28,S05,B,216.06,8,0,0,6,664.6
2024-01-01,S06,A,111.86,7,0,0,0,948.9
2023-12-09,S07,A,168.7,7,0,0,5,1041.2
2024-03-07,S04,C,274.4,12,1,0,3,1396.8
2023-05-19,S02,A,312.35,45,1,0,4,1093.5
2024-03-22,S02,A,239.91,11,0,0,4,1278.5
2023-02-11,S04,C,234.39,12,0,0,5,1488.5
2024-07-16,S07,A,92.45,6,0,0,1,1413.0
2023-12-12,S06,A,110.62,4,0,0,1,1193.7
2023-04-05,S02,A,330.14,11,0,0,2,578.4
2023-03-22,S02,A,377.81,14,0,0,2,918.5
2023-11-30,S07,A,147.97,6,0,0,3,745.7
2023-12-27,S07,A,155.74,10,0,0,2,998.7
2024-11-15,S10,A,220.55,14,0,0,4,1017.5
2023-10-03,S01,C,228.54,21,0,0,1,877.2
2024-05-08,S01,C,248.79,12,0,0,2,1074.9
2024-03-25,S01,C,221.89,18,1,0,0,1226.1
2024-09-21,S01,C,289.96,15,0,0,5,1328.8
2023-01-26,S07,A,135.25,5,0,0,3,811.9
2024-02-28,S06,A,95.68,7,0,0,2,1281.7
2024-12-17,S10,A,244.67,14,0,0,1,1180.3
2023-11-16,S10,A,240.76,13,0,0,3,988.7
2023-08-12,S06,A,125.46,6,0,0,5,651.1
2023-03-06,S08,A,166.0,9,1,0,0,882.5
2023-06-26,S08,A,127.21,5,0,0,0,906.2
2024-05-16,S05,B,212.67,10,0,0,3,491.8
2024-01-14,S07,A,132.58,4,0,0,6,795.8
2024-07-21,S03,A,150.78,7,0,0,6,657.3
2024-09-09,S04,C,204.83,8,0,0,0,1103.6
2024-02-04,S07,A,130.31,7,0,0,6,1763.8
2023-01-03,S05,B,259.68,37,0,0,1,989.3
2024-10-12,S06,A,130.52,8,0,0,5,1118.4
2023-04-19,S09,C,153.63,9,0,0,2,1199.6
2024-06-06,S02,A,302.62,12,0,0,3,1035.0
2023-09-27,S05,B,306.14,24,1,0,2,841.3
2024-09-26,S08,A,128.11,6,0,0,3,584.0
2023-12-06,S09,C,167.93,7,0,0,2,899.6
2023-12-22,S10,A,208.76,8,0,0,4,1053.3
2023-01-12,S03,A,130.32,5,0,0,3,752.4
2023-10-12,S02,A,257.89,17,0,0,3,695.2
2023-08-20,S02,A,394.82,17,0,0,6,997.1
2023-12-11,S02,A,366.6,27,0,0,0,917.4
2024-03-29,S10,A,154.89,9,0,0,4,633.3
2024-11-25,S05,B,291.33,13,0,0,0,939.6
2024-08-13,S05,B,179.35,9,0,0,1,1372.1
2023-01-06,S07,A,123.96,7,1,0,4,926.4
2023-05-11,S10,A,157.19,7,0,0,3,1138.7
2023-03-11,S06,A,124.3,6,0,0,5,633.8
2024-03-03,S02,A,366.88,21,0,0,6,1218.1
2024-01-28,S03,A,132.27,6,0,0,6,943.7
2024-01-11,S03,A,148.03,8,0,0,3,181.2
2024-06-15,S09,C,139.77,8,0,0,5,1155.2
2023-05-03,S08,A,138.33,5,0,0,2,881.9
2023-07-19,S10,A,189.01,13,0,0,2,634.8
2023-01-28,S07,A,152.74,11,1,0,5,873.9
2024-02-09,S04,C,294.64,13,0,0,4,842.9
2024-02-29,S06,A,99.37,5,0,0,3,944.5
2023-07-03,S04,C,198.29,8,0,0,0,1479.8
2024-08-02,S04,C,399.88,43,1,0,4,966.5
2024-10-11,S05,B,228.13,9,0,0,4,254.3
2023-03-10,S03,A,130.03,7,0,0,4,1000.1
2024-03-15,S09,C,111.28,4,0,0,4,699.0
2024-11-19,S07,A,168.13,6,0,0,1,775.1
2024-06-12,S06,A,89.52,2,0,0,2,1097.0
2024-02-26,S07,A,130.05,4,0,0,0,461.5
2023-04-24,S08,A,199.35,12,1,0,0,879.1
2023-10-04,S08,A,124.23,6,0,0,2,856.0
2024-05-04,S07,A,108.74,5,0,0,5,1361.0
2024-04-05,S07,A,107.48,5,0,0,4,1132.6
2024-04-23,S07,A,98.78,4,0,0,1,805.3
2023-04-05,S03,A,121.15,4,0,0,2,1374.1
2023-04-14,S07,A,81.66,5,0,0,4,1135.2
2024-07-13,S10,A,215.82,15,0,0,5,850.0
2024-08-12,S01,C,289.03,13,0,0,0,641.9
2023-05-15,S07,A,93.97,4,0,0,0,993.3
2023-12-31,S07,A,180.4,12,0,0,6,252.3
2024-01-24,S03,A,121.76,5,0,0,2,1344.1
2024-08-16,S07,A,112.23,4,0,0,4,1003.2
2023-10-06,S05,B,233.31,7,0,0,4,1128.6
2023-03-30,S01,C,227.16,14,0,0,3,1542.8
2023-08-27,S05,B,282.74,15,0,0,6,737.0
2023-10-26,S09,C,101.49,5,0,0,3,1200.1
2023-01-12,S06,A,110.74,8,1,0,3,1069.6
2024-08-18,S04,C,239.53,12,0,0,6,1162.9
2023-12-07,S01,C,311.06,13,0,0,3,1087.5
2024-12-28,S04,C,312.37,20,0,0,5,1541.6
2023-11-08,S10,A,206.26,9,0,0,2,1224.3
2024-10-06,S07,A,127.42,6,0,0,6,822.5
2024-02-01,S07,A,131.47,5,0,0,3,486.9
2024-12-19,S09,C,143.29,9,0,0,3,1310.3
2023-10-09,S10,A,159.41,5,0,0,0,1007.0
2024-01-18,S03,A,134.1,7,0,0,3,902.3
2024-01-26,S10,A,164.24,7,0,0,4,1406.8
2023-06-21,S01,C,310.81,14,1,0,2,1130.8
2024-08-31,S04,C,396.5,25,1,0,5,848.8
2024-08-23,S08,A,139.38,6,1,0,4,1634.7
2023-01-09,S02,A,241.49,13,0,0,0,1259.7
2024-01-16,S03,A,159.86,8,0,0,1,768.8
2023-10-30,S02,A,323.3,17,0,0,0,763.6
2023-07-17,S03,A,82.84,3,0,0,0,1239.4
2023-06-21,S05,B,177.16,7,0,0,2,1310.2
2023-12-20,S07,A,112.09,5,0,0,2,1340.4
2024-01-18,S06,A,114.92,5,0,0,3,1427.2
2024-04-14,S03,A,163.22,9,0,0,6,869.9
2024-07-03,S10,A,173.08,6,0,0,2,1216.1
2024-02-22,S03,A,198.91,8,1,0,3,1145.7
2024-04-19,S02,A,260.59,9,0,0,4,1165.4
2023-07-14,S07,A,95.59,4,0,0,4,631.7
2024-03-26,S09,C,144.9,11,0,0,1,782.5
2024-03-03,S10,A,232.53,10,0,0,6,820.2
2024-05-28,S01,C,356.36,14,1,0,1,809.6
2023-12-15,S09,C,143.41,9,0,0,4,919.6
2023-06-11,S01,C,217.76,9,0,0,6,1260.6
2024-05-22,S09,C,126.25,4,0,0,2,1257.0
2023-05-06,S02,A,334.66,32,0,0,5,865.5
2024-01-19,S04,C,316.6,14,1,0,4,869.8
2023-03-11,S05,B,194.95,11,0,0,5,566.8
2023-11-04,S01,C,337.5,12,0,1,5,564.6
2024-03-21,S09,C,135.44,7,0,0,3,992.6
2024-12-14,S08,A,272.45,18,1,0,5,1034.5
2023-10-14,S08,A,207.76,9,0,0,5,771.4
2024-07-17,S04,C,202.5,10,0,0,2,1444.3
2024-07-21,S04,C,263.72,13,0,0,6,1046.1
2023-12-04,S06,A,131.51,20,0,0,0,961.8
2023-03-08,S06,A,102.35,6,0,0,2,1321.0
2023-08-08,S05,B,180.22,6,0,0,1,919.0
2024-09-08,S04,C,224.63,11,0,0,6,866.8
2024-08-19,S10,A,191.05,7,0,0,0,1064.2
2024-09-13,S10,A,242.37,13,1,0,4,1147.5
2024-12-20,S05,B,328.43,15,0,0,4,1152.9
2023-04-12,S08,A,132.77,8,0,0,2,787.2
2023-02-25,S08,A,148.23,9,0,0,5,890.0
2024-04-26,S10,A,187.73,11,0,0,4,1296.4
2024-04-01,S04,C,262.03,15,0,0,0,1241.2
2023-05-01,S08,A,94.53,4,0,0,0,1105.4
2024-12-04,S09,C,125.98,5,0,0,2,713.5
2024-03-17,S07,A,94.04,5,0,0,6,1388.1
2024-03-13,S10,A,209.73,10,0,0,2,744.2
2023-06-01,S01,C,254.84,11,0,0,3,1050.4
2024-09-26,S02,A,271.47,13,0,0,3,1151.9
2024-01-18,S10,A,182.88,7,0,0,3,669.6
2024-01-09,S03,A,173.05,7,0,0,1,426.1
2024-05-18,S10,A,203.37,6,0,0,5,853.7
2023-11-18,S02,A,439.57,33,0,0,5,792.4
2023-12-30,S01,C,372.47,18,0,0,5,1024.9
2024-05-13,S06,A,100.95,5,0,0,0,1082.5
2024-05-13,S08,A,131.35,6,0,0,0,961.9
2023-01-27,S07,A,107.94,4,0,0,4,1008.5
2024-03-02,S03,A,112.04,7,0,0,5,1059.4
2023-04-25,S01,C,261.8,11,0,0,1,817.8
2023-11-13,S03,A,171.06,9,0,0,0,951.4
2023-07-31,S02,A,331.92,16,1,0,0,913.4
2024-06-20,S06,A,102.44,3,0,0,3,727.5
2024-11-02,S08,A,231.92,14,0,0,5,479.2
2023-07-10,S10,A,164.75,8,0,0,0,930.8
2024-03-13,S09,C,137.4,7,0,0,2,954.2
2024-09-15,S07,A,178.38,7,1,0,6,674.6
2023-03-07,S07,A,123.56,5,0,0,1,941.5
2024-05-07,S01,C,279.22,30,0,0,1,791.7
2024-05-31,S06,A,160.59,7,1,0,4,1238.5
2024-04-13,S06,A,140.35,8,0,0,5,1283.1
2023-04-10,S09,C,129.47,6,0,0,0,714.4
2024-08-10,S05,B,272.83,26,0,0,5,1464.7
2023-10-11,S05,B,191.32,14,0,0,2,1568.5
2023-10-08,S10,A,177.21,10,0,0,6,728.3
2024-09-13,S03,A,127.93,6,0,0,4,1132.8
2023-06-28,S05,B,221.94,12,0,0,2,1050.3
2023-05-04,S08,A,146.33,15,0,0,3,605.3
2024-08-31,S07,A,131.12,6,0,0,5,1283.1
2024-01-28,S02,A,352.47,14,0,0,6,1025.6
2024-04-19,S01,C,273.46,11,0,0,4,1239.6
2024-10-05,S05,B,240.92,9,0,0,5,1089.0
2024-03-31,S04,C,310.53,13,0,0,6,1060.1
2024-05-01,S04,C,241.99,14,1,0,2,1049.5
2024-08-16,S01,C,345.68,21,1,0,4,823.4
2024-12-22,S05,B,348.76,13,0,0,6,1067.2
2023-08-07,S07,A,115.45,6,0,0,0,1205.6
2023-10-19,S04,C,283.97,10,1,0,3,555.3
2023-04-24,S05,B,202.87,9,0,0,0,1058.6
2023-04-01,S09,C,133.74,5,0,0,5,1588.8
2024-09-03,S07,A,94.93,5,0,0,1,1132.1
2024-01-06,S09,C,155.52,10,0,0,5,1318.2
2023-05-11,S04,C,200.09,9,0,0,3,779.0
2024-11-13,S01,C,226.42,10,0,0,2,1060.8
2023-06-12,S08,A,94.94,4,0,0,0,1412.2
2024-04-15,S07,A,95.25,14,0,0,0,763.5
2023-06-02,S03,A,95.62,3,0,0,4,1255.7
2023-03-25,S06,A,175.87,6,0,0,5,752.4
2023-02-05,S09,C,132.5,10,0,0,6,1298.9
2023-01-14,S09,C,132.67,4,0,0,5,1099.7
2023-01-30,S10,A,202.35,12,0,0,0,1044.0
2023-06-05,S07,A,96.45,4,0,0,0,743.1
2023-04-11,S04,C,235.26,8,0,0,1,858.7
2023-02-08,S03,A,113.58,4,0,0,2,671.1
2024-07-09,S08,A,127.77,6,0,0,1,769.5
2024-10-13,S04,C,224.67,7,0,0,6,1519.2
2024-12-01,S05,B,334.5,13,0,0,6,717.5
2023-03-18,S02,A,353.62,15,0,0,5,705.7
2024-09-25,S08,A,129.15,9,0,0,2,921.4
2024-08-04,S07,A,127.59,6,0,0,6,951.0
2024-06-14,S03,A,106.5,4,0,0,4,1409.6
2024-11-19,S04,C,328.24,11,0,0,1,981.6
2024-07-15,S08,A,141.36,9,1,0,0,1070.3
2024-05-24,S08,A,150.04,9,1,0,4,1266.1
2024-08-13,S09,C,155.09,6,0,0,1,1003.0
2024-05-18,S01,C,285.94,11,0,0,5,755.7
2023-05-21,S03,A,95.99,6,0,0,6,1148.2
2023-03-24,S01,C,278.26,12,0,0,4,1022.8
2024-10-05,S07,A,97.75,6,0,0,5,1428.0
2024-09-19,S08,A,167.54,9,1,0,3,757.6
2023-09-30,S02,A,281.55,8,0,0,5,993.4
2023-07-13,S03,A,95.94,4,0,0,3,1929.5
2024-07-16,S08,A,111.75,5,0,0,1,823.1
2023-12-23,S01,C,372.87,19,0,0,5,750.3
2024-10-19,S04,C,279.91,13,0,0,5,1106.4
2024-10-22,S10,A,240.73,13,1,0,1,748.7
2024-06-15,S05,B,273.31,12,0,0,5,888.3
2024-08-05,S02,A,333.28,23,0,0,0,739.9
2023-11-02,S06,A,110.94,7,0,0,3,980.8
2024-01-16,S08,A,125.18,6,0,0,1,1183.0
2024-09-16,S06,A,111.23,14,0,0,0,787.9
2024-06-28,S02,A,265.86,11,0,0,4,1043.2
2024-05-01,S06,A,120.53,4,0,0,2,460.9
2023-09-26,S06,A,106.96,5,0,0,1,1139.9
2023-09-05,S09,C,170.56,10,1,0,1,864.7
2023-01-06,S09,C,139.73,6,0,0,4,1083.0
2023-01-08,S07,A,138.76,8,0,0,6,785.4
2023-03-21,S07,A,115.7,10,0,0,1,1267.1
2023-08-30,S07,A,97.2,4,0,0,2,424.8
2023-08-13,S09,C,138.42,9,0,0,6,699.6
2024-06-18,S02,A,255.1,16,0,0,1,927.0
2023-03-20,S06,A,97.2,4,0,0,0,1078.4
2023-06-23,S02,A,223.9,12,0,0,4,822.6
2024-12-12,S03,A,203.65,9,0,0,3,939.3
2023-11-12,S09,C,197.54,9,0,0,6,361.9
2023-11-07,S07,A,114.82,6,0,0,1,860.8
2024-04-26,S04,C,282.68,12,0,0,4,659.4
2023-01-13,S04,C,302.69,13,1,0,4,768.1
2023-08-10,S08,A,122.95,5,0,0,3,896.7
2023-06-07,S03,A,117.83,4,0,0,2,1716.5
2024-02-05,S04,C,208.8,8,0,0,0,877.7
2024-06-11,S03,A,84.62,3,0,0,1,1588.3
2024-07-11,S10,A,209.76,13,0,0,3,726.6
2024-03-29,S03,A,140.45,5,0,0,4,1050.1
2024-07-17,S09,C,108.18,6,0,0,2,1073.7
2023-04-02,S01,C,332.75,14,0,0,6,1369.3
2023-08-06,S03,A,139.41,21,0,0,6,1507.7
2023-07-05,S01,C,253.85,13,0,0,2,708.2
2023-08-19,S10,A,225.91,15,0,0,5,660.7
2024-11-15,S03,A,166.58,8,0,0,4,1699.4
2023-12-30,S05,B,345.31,17,0,0,5,545.7
2023-05-06,S08,A,141.85,8,0,0,5,850.7
2023-09-07,S06,A,128.38,5,0,0,3,811.8
2024-07-05,S01,C,263.83,13,0,0,4,1056.1
2024-04-13,S08,A,141.71,8,0,0,5,783.5
2023-12-17,S02,A,427.93,17,0,0,6,1022.4
2023-04-28,S09,C,137.46,5,0,0,4,1628.8
2024-05-02,S10,A,174.99,10,0,0,3,912.7
2024-12-23,S04,C,289.62,15,0,0,0,816.2
2024-07-04,S02,A,311.2,11,0,0,3,717.7
2024-08-20,S05,B,191.54,13,0,0,1,1293.7
2024-01-01,S01,C,283.12,11,0,0,0,792.1
2023-02-14,S03,A,133.93,9,0,0,1,718.2
2024-07-14,S02,A,351.78,24,0,0,6,800.0
2023-05-20,S10,A,148.54,6,0,0,5,530.3
2023-10-25,S04,C,267.88,12,0,0,2,1247.8
2023-10-16,S05,B,198.16,8,0,0,0,1168.9
2023-05-26,S08,A,118.56,5,0,0,4,836.2
2024-04-14,S04,C,236.11,8,0,0,6,1200.7
2024-11-27,S03,A,141.29,6,0,0,2,1050.1
2023-12-12,S10,A,211.57,10,0,0,1,1237.4
2023-04-16,S05,B,235.34,16,0,0,6,862.3
2024-02-10,S09,C,156.12,15,0,0,5,420.3
2024-03-09,S04,C,284.18,12,0,0,5,630.7
2023-11-24,S06,A,111.77,6,0,0,4,539.8
2024-07-14,S04,C,263.66,10,0,0,6,582.9
2024-01-05,S10,A,198.21,10,0,0,4,1055.8
2024-01-11,S10,A,196.91,13,0,0,3,1003.4
2023-04-03,S10,A,179.23,8,0,0,0,611.2
2023-05-22,S06,A,113.2,3,0,0,0,537.1
2023-08-26,S03,A,130.59,8,0,0,5,1526.0
2024-05-31,S07,A,99.87,5,0,0,4,1330.9
2023-07-02,S10,A,173.64,9,0,0,6,1128.5
2024-09-11,S04,C,249.55,10,0,0,2,949.0
2023-03-23,S07,A,102.66,6,0,0,3,764.9
2024-04-19,S08,A,105.94,5,0,0,4,945.8
2024-05-27,S10,A,172.95,7,0,0,0,1238.5
2024-11-01,S03,A,165.01,6,0,0,4,1030.2
2023-05-31,S03,A,129.69,5,0,0,2,1207.1
2024-08-11,S05,B,197.71,7,0,0,6,1369.1
2023-05-26,S01,C,284.18,15,0,0,4,389.1
2024-11-09,S08,A,238.18,12,0,0,5,714.1
2023-07-21,S02,A,241.85,11,0,0,4,732.8
2024-11-27,S02,A,273.23,12,0,0,2,882.8
2023-12-18,S06,A,126.03,5,0,0,0,1134.5
2024-05-11,S08,A,141.63,7,0,0,5,1079.9
2024-02-25,S06,A,146.18,6,0,0,6,1146.7
2024-09-09,S10,A,179.23,14,0,0,0,1309.5
2024-12-02,S03,A,135.47,7,0,0,0,1416.9
2023-09-18,S07,A,107.56,4,0,0,0,865.4
2023-11-23,S05,B,229.75,13,0,0,3,1054.1
2024-08-12,S04,C,236.09,12,0,0,0,943.7
2024-07-06,S02,A,273.64,13,0,0,5,817.0
2024-04-05,S08,A,121.14,5,0,0,4,1502.5
2024-07-30,S03,A,137.51,7,1,0,1,809.4
2023-01-01,S07,A,107.55,3,0,0,6,727.6
2023-10-26,S01,C,290.99,15,0,0,3,1424.6
2024-01-09,S10,A,203.16,11,0,0,1,961.9
2023-09-06,S08,A,114.18,8,0,0,2,990.4
2023-12-03,S02,A,423.2,20,0,0,6,1470.1
2023-03-09,S09,C,162.48,7,0,0,3,1318.1
2023-07-14,S04,C,189.43,9,0,0,4,1408.6
2024-07-04,S07,A,119.01,5,0,0,3,956.6
2024-12-09,S03,A,157.14,12,0,0,0,794.9
2024-11-03,S08,A,196.4,8,0,0,6,1196.3
2024-09-10,S01,C,268.85,15,0,0,1,988.7
2024-01-25,S07,A,126.5,7,0,0,3,908.7
2024-07-15,S01,C,216.39,9,0,0,0,1610.4
2024-04-25,S04,C,227.37,13,0,0,3,1341.5
2023-09-18,S08,A,142.04,6,1,0,0,1256.0
2024-10-28,S03,A,119.84,3,0,0,0,668.6
2024-04-12,S09,C,117.8,4,0,0,4,843.5
2024-11-03,S04,C,329.45,11,0,0,6,1025.6
2023-11-10,S05,B,275.64,11,0,0,4,523.8
2023-04-17,S05,B,170.06,13,0,0,0,1684.5
2023-10-17,S05,B,260.26,10,0,0,1,493.8
2024-11-21,S01,C,244.85,21,0,0,3,1379.6
2024-08-26,S08,A,132.99,4,0,0,0,938.3
2023-08-13,S03,A,151.57,10,0,0,6,757.7
2023-05-28,S05,B,261.92,16,0,0,6,1376.6
2024-06-25,S05,B,171.05,9,1,0,1,958.4
2023-07-08,S10,A,148.21,5,0,0,5,1215.0
2023-12-10,S06,A,159.52,7,0,0,6,617.8
2024-06-09,S01,C,255.55,11,0,0,6,1322.8
2023-04-16,S04,C,304.99,13,1,0,6,1094.0
2024-01-06,S06,A,128.13,6,0,0,5,1146.8
2023-07-22,S02,A,289.03,15,0,0,5,1716.4
2024-02-07,S01,C,221.85,13,0,0,2,826.9
2024-07-29,S02,A,238.41,10,0,0,0,1102.6
2024-06-17,S06,A,79.42,3,0,0,0,1545.5
2024-09-13,S09,C,128.09,8,0,0,4,821.4
2023-09-23,S09,C,153.32,10,0,0,5,1024.0
2023-04-24,S01,C,237.53,12,0,0,0,526.9
2024-03-16,S03,A,158.7,7,1,0,5,1929.0
2024-11-04,S02,A,467.05,25,0,1,0,437.0
2024-12-18,S08,A,168.22,14,0,0,2,834.6
2024-11-08,S03,A,181.52,12,0,0,4,902.5
2023-05-04,S07,A,105.93,8,0,0,3,1127.2
2024-12-09,S01,C,275.3,12,0,0,0,846.2
2024-10-18,S08,A,119.15,5,0,0,4,1274.9
2023-08-17,S03,A,136.98,4,0,0,3,1027.6
2024-05-10,S04,C,216.32,11,0,0,4,995.3
2024-02-14,S04,C,307.28,17,0,0,2,638.7
2024-02-28,S07,A,98.49,5,0,0,2,1985.2
2024-09-13,S07,A,106.61,3,0,0,4,1048.2
2023-02-08,S07,A,98.43,13,0,0,2,1294.5
2023-06-12,S09,C,100.65,6,0,0,0,1189.7
2023-12-25,S06,A,121.54,6,0,0,0,999.0
2023-09-29,S05,B,220.96,8,0,0,4,566.1
2024-10-13,S01,C,241.16,8,0,0,6,870.5
2024-06-03,S06,A,105.62,4,1,0,0,1324.9
2024-12-28,S09,C,165.33,9,0,0,5,812.8
2023-11-15,S10,A,275.81,15,0,0,2,1155.0
2023-04-01,S10,A,183.18,10,0,0,5,1402.4
2024-07-05,S09,C,119.05,4,0,0,4,1100.5
2023-07-06,S07,A,127.13,6,1,0,3,1034.0
2023-07-04,S03,A,110.78,5,0,0,1,1335.6
2023-09-07,S08,A,127.98,6,0,0,3,767.7
2024-08-21,S02,A,343.71,24,0,0,2,1403.9
2024-04-06,S10,A,222.99,11,0,0,5,875.9
2024-02-05,S07,A,101.59,5,0,0,0,1191.5
2023-09-28,S03,A,143.24,5,0,0,3,988.5
2024-08-23,S07,A,91.16,4,0,0,4,995.6
2023-02-03,S02,A,353.02,18,1,0,4,795.4
2024-03-04,S01,C,218.35,10,0,0,0,747.1
2024-03-06,S04,C,236.57,14,0,0,2,1012.7
2023-09-03,S10,A,223.35,10,0,0,6,1182.7
2023-06-27,S05,B,190.46,9,0,0,1,1325.3
2024-03-30,S02,A,399.25,14,1,0,5,1221.6
2024-04-22,S06,A,105.79,15,0,0,0,939.1
2023-09-26,S07,A,94.03,4,0,0,1,1054.9
2024-09-08,S06,A,134.45,6,0,0,6,1146.0
2024-09-22,S07,A,119.87,5,0,0,6,431.2
2024-06-30,S07,A,115.5,6,0,0,6,1272.5
2024-06-20,S05,B,243.69,10,0,0,3,798.6
2024-07-16,S05,B,252.09,28,0,0,1,375.3
2024-07-12,S03,A,133.47,6,0,0,4,1357.2
2024-06-04,S05,B,193.75,12,0,0,1,1370.3
2024-07-03,S05,B,202.69,12,0,0,2,1044.0
2023-01-18,S04,C,178.91,7,0,0,2,1225.4
2023-11-29,S02,A,448.73,19,0,0,2,929.6
2024-02-28,S08,A,125.15,5,0,0,2,1260.7
2023-12-04,S03,A,152.66,9,0,0,0,1133.4
2023-11-28,S02,A,388.73,18,0,0,1,783.3
2024-03-13,S05,B,227.63,10,0,0,2,723.3
2024-10-01,S09,C,148.83,6,0,0,1,709.2
2024-11-30,S04,C,560.42,21,1,0,5,557.7
2023-12-07,S04,C,277.79,12,0,0,3,793.4
2023-01-02,S09,C,129.12,8,0,0,0,1309.3
2024-01-05,S02,A,284.96,13,0,0,4,1022.0
2024-07-05,S04,C,221.42,7,0,0,4,567.1
2024-02-14,S07,A,101.45,5,0,0,2,900.3
2023-12-29,S09,C,167.18,10,0,0,4,1259.7
2024-08-01,S07,A,90.72,6,0,0,3,1213.1
2023-08-06,S05,B,280.36,10,0,0,6,889.4
2023-05-16,S07,A,128.55,5,0,0,1,643.2
2024-03-18,S01,C,233.83,12,0,0,0,1183.8
2023-11-08,S03,A,141.64,7,0,0,2,1417.4
2023-01-19,S03,A,123.34,5,0,0,3,1173.1
2024-07-24,S09,C,134.71,6,0,0,2,347.0
2024-08-01,S01,C,317.25,19,0,0,3,831.8
2023-07-01,S03,A,154.31,7,0,0,5,982.9
2024-04-16,S03,A,142.6,17,1,0,1,1132.7
2023-06-30,S01,C,232.86,10,0,0,4,643.7
2023-08-31,S10,A,196.03,9,0,0,3,1314.2
2024-03-24,S08,A,163.83,11,0,0,6,1061.0
2024-09-22,S10,A,207.44,13,0,0,6,866.5
2024-08-14,S04,C,300.69,13,0,0,2,754.4
2024-08-19,S06,A,113.01,4,0,0,0,991.6
2023-04-26,S10,A,235.85,8,0,0,2,368.3
2023-05-02,S04,C,213.59,11,0,0,1,1137.3
2023-05-13,S06,A,131.06,4,0,0,5,1057.5
2024-12-15,S04,C,360.73,18,0,0,6,930.6
2023-05-26,S06,A,90.98,4,0,0,4,1629.4
2024-03-03,S05,B,267.7,15,0,0,6,1058.1
2024-07-12,S08,A,107.52,5,0,0,4,1438.6
2023-06-14,S05,B,205.77,11,0,0,2,1460.3
2023-08-03,S01,C,244.31,9,0,0,3,658.9
2024-08-13,S01,C,262.11,9,0,0,1,945.3
2023-03-14,S10,A,180.16,7,0,0,1,920.0
2023-07-13,S07,A,81.52,3,0,0,3,1810.9
2024-01-15,S04,C,232.86,11,0,0,0,1017.0
2024-11-12,S08,A,156.05,9,0,0,1,1078.9
2024-09-22,S03,A,129.62,6,0,0,6,579.6
2024-06-16,S10,A,265.8,13,1,0,6,633.3
2023-04-22,S01,C,229.25,8,0,0,5,1274.1
2024-08-16,S06,A,140.56,9,1,0,4,694.8
2023-10-27,S09,C,163.24,6,1,0,4,994.2
2023-08-28,S05,B,177.45,8,0,0,0,1218.9
2023-04-29,S06,A,134.56,6,0,0,5,990.3
2023-07-20,S08,A,152.18,8,0,0,3,1119.8
2023-01-20,S04,C,228.07,12,0,0,4,1343.1
2024-08-07,S02,A,214.31,7,0,0,2,1508.7
2023-02-27,S09,C,118.44,8,1,0,0,1240.0
2023-03-19,S02,A,375.91,17,0,0,6,1149.3
2023-08-28,S06,A,74.85,2,0,0,0,1206.1
2024-12-24,S09,C,159.37,8,0,0,1,838.0
2023-07-04,S07,A,114.68,4,0,0,1,630.3
2024-01-10,S01,C,259.62,13,0,0,2,723.1
2024-04-13,S05,B,231.72,11,0,0,5,756.8
2024-10-16,S05,B,215.35,11,0,0,2,1275.0
2023-07-27,S04,C,222.93,11,0,0,3,1411.0
2023-07-09,S07,A,116.16,5,0,0,6,619.6
2024-07-08,S03,A,112.42,4,0,0,0,566.9
2024-01-01,S10,A,207.26,9,0,0,0,823.6
2023-08-26,S10,A,208.07,7,0,0,5,816.6
2023-05-25,S08,A,162.3,6,0,0,3,1057.6
2023-02-04,S03,A,151.57,6,0,0,5,1011.4
2024-10-06,S06,A,109.82,4,0,0,6,701.2
2023-09-10,S08,A,147.14,5,0,0,6,1200.2
2023-03-14,S08,A,132.26,4,0,0,1,892.8
2023-04-08,S07,A,127.59,5,0,0,5,1473.4
2024-05-29,S02,A,329.69,20,0,0,2,754.5
2023-12-18,S07,A,169.84,10,1,0,0,883.8
2024-04-21,S10,A,195.91,9,0,0,6,916.0
2024-12-02,S06,A,118.73,6,0,0,0,1203.4
2024-01-30,S01,C,218.75,9,0,0,1,836.2
2023-05-10,S10,A,190.09,8,0,0,2,1213.2
2024-11-02,S03,A,209.93,11,0,0,5,1095.6
2023-03-08,S01,C,224.4,13,0,0,2,708.5
2023-05-30,S03,A,145.27,11,0,0,1,861.6
2024-05-06,S05,B,217.67,9,0,0,0,1144.9
2024-06-17,S09,C,105.04,7,0,0,0,1376.9
2023-08-20,S06,A,91.96,3,0,0,6,1324.9
2024-11-09,S07,A,129.8,8,0,0,5,1213.7
2024-11-04,S01,C,297.43,15,0,1,0,883.4
2023-04-19,S06,A,96.29,5,0,0,2,1044.4
2024-11-20,S05,B,298.28,12,0,0,2,1080.2
2023-11-16,S09,C,145.54,9,0,0,3,1030.9
2024-05-08,S10,A,250.34,11,1,0,2,770.6
2024-05-10,S03,A,129.74,8,0,0,4,949.9
2023-01-07,S08,A,167.75,6,0,0,5,1168.2
2024-08-03,S08,A,154.11,7,0,0,5,901.4
2023-08-15,S10,A,172.77,12,0,0,1,1208.5
2024-12-12,S01,C,269.59,11,0,0,3,1541.2
2024-03-15,S06,A,85.66,3,0,0,4,1732.3
2024-12-06,S02,A,428.58,18,0,0,4,640.8
2023-12-11,S08,A,153.55,10,0,0,0,399.5
2023-08-25,S08,A,135.31,7,0,0,4,961.8
2024-03-09,S06,A,117.53,6,0,0,5,734.0
2024-07-24,S03,A,115.8,4,0,0,2,896.5
2023-09-09,S03,A,142.53,8,1,0,5,870.6
2023-09-30,S04,C,251.31,9,0,0,5,965.9
2024-09-14,S04,C,298.81,12,0,0,5,835.8
2024-06-23,S07,A,121.36,5,0,0,6,998.0
2023-04-25,S04,C,231.96,8,0,0,1,1330.4
2024-03-09,S02,A,457.21,26,0,0,5,308.5
2024-09-18,S08,A,105.88,4,0,0,2,1387.4
2024-03-27,S09,C,131.65,11,0,0,2,548.2
2024-01-14,S10,A,166.54,6,0,0,6,1515.5
2023-08-11,S01,C,227.19,9,0,0,4,1249.9
2023-08-22,S02,A,339.39,18,1,0,1,1322.1
2024-11-12,S03,A,135.94,6,0,0,1,828.6
2024-09-20,S04,C,268.19,6,0,0,4,925.0
2024-10-03,S08,A,132.25,7,0,0,3,633.0
2024-02-13,S09,C,176.3,10,1,0,1,547.9
2023-07-16,S08,A,189.97,7,1,0,6,243.3
2024-07-25,S07,A,107.06,6,0,0,3,1026.4
2024-11-06,S01,C,350.96,17,0,1,2,998.4
2023-02-12,S04,C,283.65,12,0,0,6,1370.8
2024-09-24,S10,A,203.93,15,0,0,1,1162.3
2023-07-10,S05,B,187.13,8,0,0,0,1257.0
2024-10-25,S01,C,181.71,11,0,0,4,1218.2
2024-01-27,S08,A,125.75,6,0,0,5,1442.3
2023-12-28,S09,C,146.1,6,0,0,3,755.9
2023-03-25,S10,A,232.87,14,0,0,5,334.2
2024-03-24,S01,C,274.07,13,0,0,6,1381.9
2023-01-15,S02,A,365.94,13,0,0,6,1291.5
2024-08-26,S03,A,103.82,6,0,0,0,1171.8
2023-05-18,S08,A,149.86,5,0,0,3,1000.7
2024-01-03,S05,B,233.15,11,0,0,2,1228.9
2024-07-21,S10,A,171.1,7,0,0,6,821.9
2024-12-17,S04,C,354.73,13,1,0,1,497.6
2024-01-16,S09,C,130.27,38,0,0,1,654.0
2023-04-24,S09,C,154.5,6,1,0,0,835.0
2023-08-14,S08,A,92.44,6,0,0,0,1010.1
2023-06-28,S08,A,119.74,7,0,0,2,1034.2
2024-01-29,S09,C,128.51,5,0,0,0,1193.7
2024-10-21,S05,B,186.78,10,0,0,0,1045.2
2023-02-15,S10,A,164.78,5,0,0,2,1312.0
2024-10-30,S02,A,295.32,11,0,0,2,674.2
2023-04-05,S09,C,110.71,6,0,0,2,1065.0
2024-01-06,S01,C,255.03,16,0,0,5,1111.3
2023-05-14,S07,A,136.54,6,0,0,6,853.5
2024-08-04,S09,C,166.81,12,0,0,6,907.2
2023-06-10,S03,A,150.65,5,0,0,5,778.3
2023-08-12,S09,C,171.78,6,0,0,5,411.0
2023-03-05,S10,A,217.76,12,0,0,6,813.7
2024-12-06,S06,A,148.01,5,0,0,4,644.9
2024-01-19,S01,C,272.68,12,0,0,4,755.9
2024-04-22,S05,B,183.21,30,0,0,0,1529.0
2024-09-10,S10,A,201.57,8,0,0,1,648.9
2024-10-15,S06,A,96.71,4,0,0,1,1004.9
2023-04-18,S01,C,207.18,7,0,0,1,1355.0
2023-01-16,S06,A,111.87,4,0,0,0,933.7
2023-08-18,S06,A,92.9,3,0,0,4,755.5
2024-04-10,S01,C,344.48,11,1,0,2,811.0
2023-04-19,S10,A,196.29,8,0,0,2,886.6
2023-10-22,S01,C,335.93,15,0,0,6,1114.2
2024-09-09,S09,C,128.92,9,0,0,0,971.8
2023-04-04,S01,C,232.19,12,0,0,1,1178.5
2023-10-18,S10,A,234.77,12,1,0,2,1272.0
2024-04-14,S06,A,186.29,13,1,0,6,845.9
2024-11-01,S05,B,226.07,10,0,0,4,862.8
2023-11-21,S08,A,139.11,6,0,0,1,650.4
2024-10-25,S09,C,124.87,4,0,0,4,1162.7
2024-10-20,S03,A,173.49,15,0,0,6,737.0
2024-10-09,S03,A,125.93,5,0,0,2,780.4
2024-12-26,S04,C,282.64,13,0,0,3,1059.9
2024-11-11,S09,C,179.07,7,0,0,0,1290.4
2023-06-19,S09,C,106.24,4,0,0,0,965.5
2024-11-18,S06,A,92.76,5,0,0,0,1124.0
2024-12-27,S09,C,138.76,5,0,0,4,764.2
2024-05-08,S05,B,242.02,10,0,0,2,378.9
2024-01-19,S02,A,334.25,16,0,0,4,1389.4
2024-10-27,S10,A,246.11,11,0,0,6,690.1
2024-10-26,S10,A,224.95,10,0,0,5,1069.4
2023-04-09,S06,A,126.59,6,0,0,6,1524.2
2023-07-02,S02,A,254.61,12,0,0,6,775.6
2023-02-28,S08,A,161.31,13,1,0,1,1222.6
2024-11-28,S02,A,380.94,25,0,0,3,1023.3
2024-05-21,S05,B,237.7,12,0,0,1,1033.9
2024-10-27,S05,B,261.97,11,0,0,6,137.2
2024-12-27,S04,C,301.03,11,0,0,4,1158.5
2024-09-17,S03,A,106.15,5,0,0,1,1332.8
2024-08-02,S09,C,119.16,5,0,0,4,936.4
2023-12-22,S08,A,143.12,9,0,0,4,982.0
2023-05-20,S06,A,157.04,9,0,0,5,1107.8
2023-01-27,S05,B,182.29,12,0,0,4,1081.5
2023-12-21,S08,A,185.23,9,0,0,3,819.8
2024-04-01,S01,C,275.94,16,0,0,0,491.5
2024-10-29,S02,A,433.95,22,1,0,1,686.1
2024-05-29,S10,A,229.23,8,0,0,2,403.3
2024-01-22,S05,B,211.62,10,0,0,0,1699.9
2024-08-29,S03,A,161.03,9,1,0,3,1246.6
2023-08-29,S01,C,256.66,10,0,0,1,1041.9
2024-06-11,S05,B,156.19,5,0,0,1,1280.3
2024-01-07,S02,A,343.5,25,0,0,6,1348.8
2023-01-25,S07,A,110.76,10,0,0,2,1499.6
2023-06-09,S05,B,188.01,5,0,0,4,492.8
2024-12-11,S04,C,241.73,13,0,0,2,706.8
2024-06-03,S03,A,114.47,5,0,0,0,1023.4
2023-04-03,S04,C,217.5,13,0,0,0,941.1
2024-03-27,S02,A,307.02,12,0,0,2,1363.0
2023-03-08,S10,A,210.53,8,0,0,2,754.9
2023-12-27,S05,B,269.99,15,0,0,2,969.9
2023-07-11,S01,C,233.69,9,0,0,1,956.5
2024-05-23,S08,A,144.23,9,0,0,3,1313.6
2024-01-31,S09,C,107.18,5,0,0,2,893.1
2023-09-27,S07,A,98.75,6,0,0,2,1132.1
2023-09-17,S02,A,383.22,16,0,0,6,1133.2
2023-06-28,S02,A,275.86,9,0,0,2,831.6
2023-10-29,S04,C,274.38,12,0,0,6,997.8
2023-08-19,S08,A,207.16,12,1,0,5,810.7
2024-11-10,S01,C,402.71,14,0,0,6,1036.6
2024-01-05,S01,C,267.31,18,1,0,4,790.7
2023-03-10,S08,A,139.99,7,0,0,4,958.8
2023-03-03,S03,A,139.41,7,0,0,4,656.9
2023-11-17,S01,C,491.96,23,1,0,4,340.7
2023-08-15,S08,A,99.68,3,0,0,1,727.9
2024-12-01,S08,A,213.98,8,0,0,6,236.2
2024-07-08,S10,A,172.72,8,0,0,0,841.5
2023-07-09,S09,C,129.66,7,0,0,6,1513.3
2024-04-06,S06,A,126.6,4,0,0,5,889.3
2023-01-26,S09,C,126.69,7,1,0,3,1186.5
2023-10-20,S05,B,244.72,9,0,0,4,763.6
2023-10-10,S03,A,147.48,10,0,0,1,1181.1
2023-11-30,S10,A,200.92,6,0,0,3,1137.5
2023-12-19,S06,A,124.51,7,0,0,1,1129.9
2023-08-17,S06,A,101.1,5,0,0,3,1508.1
2023-02-18,S05,B,325.37,14,0,0,5,1072.2
2023-08-10,S02,A,292.85,16,0,0,3,771.3
2024-03-27,S10,A,208.98,9,0,0,2,788.9
2023-09-13,S06,A,92.02,5,0,0,2,1192.6
2023-01-01,S08,A,155.71,12,0,0,6,932.3
2024-01-01,S08,A,155.3,6,0,0,0,945.4
2024-09-11,S02,A,337.17,17,0,0,2,1085.0
2023-08-31,S07,A,147.69,9,1,0,3,975.2
2023-07-01,S05,B,220.2,9,0,0,5,744.8
2023-08-16,S05,B,242.93,10,0,0,2,739.6
2023-04-12,S02,A,327.97,14,0,0,2,705.3
2024-05-09,S01,C,313.89,13,0,0,3,552.9
2023-04-17,S08,A,126.79,4,0,0,0,1127.6
2023-07-19,S02,A,326.06,19,0,0,2,353.9
2024-02-02,S01,C,213.26,11,0,0,4,1076.1
2024-06-02,S07,A,125.88,22,0,0,6,100.0
2024-01-22,S08,A,106.76,5,0,0,0,1145.9
2024-10-14,S01,C,244.4,22,0,0,0,770.3
2023-11-01,S09,C,125.67,6,0,0,2,871.3
2023-03-20,S02,A,224.45,8,0,0,0,842.2
2024-12-10,S04,C,365.81,15,1,0,1,1016.7
2023-06-24,S10,A,229.68,10,0,0,5,532.4
2023-10-07,S02,A,391.68,20,0,0,5,267.8
2023-04-20,S02,A,266.32,9,0,0,3,1216.3
2024-05-19,S01,C,315.58,13,0,0,6,691.0
2024-09-14,S02,A,309.37,27,0,0,5,949.0
2024-08-15,S07,A,106.71,5,0,0,3,900.7
2023-09-18,S09,C,132.86,6,0,0,0,1288.8
2024-11-14,S02,A,437.68,24,0,0,3,954.2
2023-08-18,S01,C,271.31,20,0,0,4,1122.7
2023-06-22,S08,A,149.07,6,1,0,3,866.1
2023-03-03,S01,C,254.3,10,0,0,4,1212.5
2023-02-04,S04,C,272.32,23,0,0,5,693.2
2024-07-23,S08,A,123.74,7,0,0,1,1158.2
2024-01-11,S01,C,237.02,15,0,0,3,1385.0
2023-11-18,S06,A,161.04,8,0,0,5,912.2
2023-01-10,S08,A,126.47,5,0,0,1,852.1
2024-04-09,S08,A,89.59,5,0,0,1,730.3
2023-06-03,S08,A,177.54,10,0,0,5,394.0
2023-12-25,S09,C,150.67,30,0,0,0,1466.9
2023-12-31,S09,C,194.36,11,0,0,6,1275.3
2024-08-04,S06,A,139.66,7,1,0,6,1366.7
2024-03-27,S03,A,185.76,12,1,0,2,734.2
2023-06-01,S08,A,126.51,8,0,0,3,1251.8
2024-12-18,S09,C,149.91,5,1,0,2,1100.9
2024-03-03,S03,A,158.77,11,0,0,6,1028.9
2024-01-02,S10,A,193.04,9,0,0,1,778.9
2023-07-29,S01,C,294.3,15,0,0,5,891.3
2023-02-27,S03,A,155.49,6,1,0,0,1099.6
2024-10-26,S05,B,344.04,13,1,0,5,842.5
2024-08-29,S05,B,229.82,10,0,0,3,1014.6
2023-11-03,S03,A,177.53,9,0,0,4,487.2
2024-04-07,S05,B,226.88,10,0,0,6,1437.7
2024-06-12,S04,C,231.22,18,0,0,2,1564.5
2024-04-17,S09,C,134.04,6,0,0,2,1093.4
2024-05-16,S06,A,101.99,4,0,0,3,998.1
2023-02-07,S01,C,265.66,10,0,0,1,942.8
2023-07-13,S09,C,140.81,8,0,0,3,269.4
2024-05-31,S01,C,252.23,19,0,0,4,904.5
2024-09-22,S08,A,126.4,10,0,0,6,1027.0
2024-01-03,S01,C,249.87,12,0,0,2,1062.0
2024-01-01,S03,A,140.67,6,0,0,0,353.9
2023-08-25,S02,A,308.65,32,0,0,4,804.4
2024-03-02,S01,C,232.59,10,0,0,5,1342.3
2024-03-30,S06,A,114.52,9,0,0,5,1112.7
2024-10-20,S08,A,173.79,7,0,0,6,1245.7
2024-01-09,S08,A,144.17,6,0,0,1,975.6
2024-08-08,S01,C,223.42,12,0,0,3,1011.8
2024-08-21,S06,A,124.05,12,0,0,2,1123.6
2024-10-10,S07,A,147.09,8,1,0,3,1356.1
2023-04-28,S02,A,443.94,19,1,0,4,475.7
2024-05-03,S06,A,99.52,6,0,0,4,1633.6
2023-05-23,S03,A,97.56,6,0,0,1,1087.3
2024-10-17,S09,C,167.34,14,0,0,3,100.0
2024-10-05,S04,C,323.24,12,0,0,5,798.7
2024-04-24,S05,B,213.05,7,0,0,2,1498.9
2023-03-29,S05,B,254.11,11,0,0,2,1025.1
2023-08-18,S08,A,93.05,4,0,0,4,2058.7
2023-09-22,S04,C,267.94,10,0,0,4,554.6
2024-09-25,S01,C,288.33,13,0,0,2,1394.9
2023-03-26,S01,C,496.34,22,1,0,6,1052.6
2023-02-28,S02,A,259.85,12,0,0,1,1348.6
2023-01-21,S05,B,214.04,6,0,0,5,1084.0
2023-06-14,S02,A,273.56,15,0,0,2,1424.3
2023-07-21,S05,B,167.32,8,0,0,4,1660.6
2023-11-22,S04,C,237.81,15,0,0,2,834.7
2024-03-26,S04,C,207.0,11,0,0,1,1500.3
2023-04-01,S06,A,148.2,6,0,0,5,370.0
2023-03-05,S02,A,355.13,19,0,0,6,967.1
2024-06-01,S05,B,218.07,12,0,0,5,315.5
2024-11-27,S04,C,296.93,16,1,0,2,1235.8
2023-07-17,S05,B,182.36,16,0,0,0,1193.2
2023-01-17,S03,A,116.94,4,0,0,1,806.0
2024-05-13,S03,A,118.26,4,0,0,0,1024.7
2024-10-18,S07,A,107.95,5,0,0,4,899.2
2024-04-09,S04,C,238.13,21,0,0,1,985.9
2023-03-29,S06,A,132.21,5,0,0,2,741.7
2023-05-24,S02,A,359.07,29,0,0,2,937.5
2024-09-07,S04,C,282.14,15,0,0,5,1316.3
2024-08-16,S10,A,208.95,18,0,0,4,691.6
2024-04-09,S01,C,318.0,15,1,0,1,1270.8
2023-10-13,S07,A,83.55,5,0,0,4,1133.8
2023-07-06,S02,A,312.29,19,0,0,3,1117.3
2023-09-23,S10,A,209.9,18,0,0,5,1216.9
2023-12-05,S05,B,222.61,10,0,0,1,862.9
2024-11-17,S06,A,179.22,6,0,0,6,687.0
2024-04-27,S10,A,175.82,17,0,0,5,1458.1
2023-11-30,S02,A,457.79,17,0,0,3,550.4
2024-08-20,S06,A,108.69,7,0,0,1,944.3
2024-07-31,S08,A,124.9,5,0,0,2,817.6
2024-11-18,S10,A,174.11,7,0,0,0,1503.0
2023-07-29,S07,A,99.5,5,0,0,5,1434.6
2023-07-20,S04,C,216.43,9,0,0,3,748.9
2023-02-24,S07,A,84.23,4,0,0,4,1618.8
2023-05-25,S10,A,179.44,10,0,0,3,525.3
2024-05-20,S08,A,99.36,4,0,0,0,1531.2
2023-09-19,S01,C,282.08,12,0,0,1,941.9
2023-07-10,S01,C,213.83,10,0,0,0,992.4
2024-07-29,S07,A,90.7,6,0,0,0,1238.2
2023-10-03,S08,A,117.76,6,0,0,1,1317.3
2023-07-08,S06,A,130.96,6,0,0,5,758.3
2024-12-07,S05,B,318.74,14,0,0,5,1429.3
2023-07-29,S08,A,135.11,6,0,0,5,1440.0
2024-09-27,S09,C,136.32,5,0,0,4,622.3
2024-10-18,S06,A,99.16,6,0,0,4,1001.2
2023-03-25,S07,A,111.25,4,0,0,5,594.7
2023-12-14,S02,A,478.11,25,1,0,3,841.7
2024-08-04,S03,A,102.7,5,0,0,6,1929.0
2023-08-06,S02,A,368.77,22,0,0,6,908.2
2024-09-19,S10,A,152.75,10,0,0,3,1456.1
2024-09-14,S01,C,276.22,16,1,0,5,1214.4
2023-02-09,S09,C,146.52,7,0,0,3,522.1
2023-07-21,S01,C,236.94,10,0,0,4,509.8
2024-12-03,S01,C,249.19,14,0,0,1,1547.9
2023-05-09,S04,C,233.43,10,0,0,1,570.1
2024-05-29,S01,C,237.8,8,0,0,2,1216.7
2024-06-17,S04,C,213.51,10,0,0,0,1169.6
2024-03-01,S07,A,110.53,4,0,0,4,927.0
2023-07-03,S07,A,91.56,4,0,0,0,931.9
2023-04-12,S10,A,158.76,8,0,0,2,1061.3
2023-05-13,S07,A,105.19,3,0,0,5,1170.4
2024-03-28,S01,C,261.04,24,0,0,3,1015.3
2023-02-17,S06,A,148.54,10,0,0,4,410.1
2023-10-09,S01,C,250.58,14,0,0,0,770.1
2024-07-02,S01,C,307.09,14,0,0,1,119.9
2023-06-15,S02,A,276.26,21,0,0,3,1290.9
2024-11-09,S03,A,170.45,9,0,0,5,629.6
2024-09-16,S05,B,225.29,15,0,0,0,669.0
2023-09-10,S09,C,129.17,8,0,0,6,1198.8
2023-05-01,S07,A,106.54,8,0,0,0,1358.4
2024-04-19,S06,A,108.93,5,0,0,4,1217.7
2024-09-11,S03,A,108.87,4,0,0,2,943.5
2024-04-05,S01,C,201.92,6,0,0,4,1033.3
2023-03-28,S08,A,118.89,8,0,0,1,1185.9
2023-10-25,S05,B,226.69,15,0,0,2,673.7
2023-02-24,S02,A,392.9,15,0,0,4,799.6
2023-04-24,S03,A,142.08,4,0,0,0,1151.7
2024-12-09,S02,A,335.92,18,0,0,0,886.9
2024-07-30,S02,A,328.63,15,0,0,1,577.3
2023-12-06,S01,C,388.94,16,1,0,2,1531.0
2024-06-08,S08,A,146.88,6,0,0,5,1030.2
2023-10-24,S03,A,126.0,6,0,0,1,1101.6
2024-02-20,S06,A,106.22,4,0,0,1,913.4
2023-11-22,S10,A,245.47,11,0,0,2,1049.8
2024-04-18,S10,A,260.47,9,1,0,3,891.6
2024-12-22,S08,A,195.48,10,0,0,6,737.4
2023-09-16,S04,C,249.38,11,0,0,5,1417.6
2023-10-09,S04,C,194.65,7,0,0,0,1153.2
2024-07-20,S06,A,125.59,4,0,0,5,1041.7
2024-12-20,S08,A,157.11,7,0,0,4,402.4
2024-05-17,S03,A,137.55,7,0,0,4,1199.4
2023-12-25,S07,A,107.25,4,0,0,0,1122.4
2024-10-13,S08,A,157.29,9,0,0,6,913.3
2024-09-13,S08,A,126.11,5,0,0,4,800.0
2023-09-21,S01,C,358.34,25,1,0,3,1050.0
2024-09-11,S10,A,189.62,13,0,0,2,820.1
2024-04-10,S02,A,262.55,12,0,0,2,1548.9
2023-04-19,S01,C,430.65,36,1,0,2,1003.7
2024-03-04,S04,C,266.48,9,0,0,0,664.0
2023-07-28,S06,A,126.47,9,0,0,4,338.4
2023-09-03,S03,A,143.32,10,0,0,6,1091.8
2023-07-22,S04,C,263.63,21,0,0,5,850.8
2024-07-14,S10,A,211.34,10,0,0,6,1305.1
2023-01-23,S07,A,112.42,4,0,0,0,1280.7
2023-04-12,S04,C,252.06,12,0,0,2,938.0
2023-07-12,S10,A,120.38,5,0,0,2,1582.7
2024-05-29,S05,B,229.7,16,0,0,2,769.3
2023-05-21,S05,B,187.2,9,0,0,6,1239.4
2023-08-06,S10,A,195.16,13,0,0,6,1208.8
2023-03-11,S08,A,161.68,11,0,0,5,1090.1
2023-04-23,S05,B,283.25,24,0,0,6,1435.3
2024-01-25,S06,A,149.83,24,1,0,3,1152.1
2023-06-27,S09,C,113.28,6,0,0,1,768.5
2024-04-10,S07,A,99.3,5,0,0,2,705.1
2023-09-21,S05,B,183.85,7,0,0,3,1116.6
2023-12-15,S10,A,243.02,9,0,0,4,1347.5
2023-04-14,S08,A,129.83,9,0,0,4,915.1
2023-08-14,S07,A,86.79,4,0,0,0,1495.2
2024-05-03,S07,A,107.67,4,0,0,4,1135.8
2024-12-23,S06,A,134.16,9,0,0,0,933.7
2023-02-01,S04,C,252.87,10,1,0,2,830.8
2023-09-22,S10,A,200.96,10,0,0,4,1241.7
2023-08-17,S02,A,418.43,18,0,0,3,744.7
2024-06-06,S10,A,172.73,9,0,0,3,1088.1
2023-09-12,S08,A,125.2,6,0,0,1,1026.8
2023-08-04,S10,A,190.23,8,0,0,4,726.9
2023-11-10,S08,A,177.78,9,0,0,4,727.8
2024-08-30,S02,A,227.38,8,1,0,4,1137.0
2024-02-01,S08,A,102.66,6,0,0,3,627.1
2023-05-23,S09,C,137.18,7,0,0,1,766.3
2024-11-08,S10,A,257.02,12,0,0,4,1421.3
2023-09-10,S01,C,274.53,11,0,0,6,540.2
2024-04-14,S01,C,361.37,23,1,0,6,966.6
2024-07-21,S07,A,119.68,5,0,0,6,903.4
2023-02-14,S09,C,100.9,13,0,0,1,1284.9
2024-04-05,S04,C,272.97,13,0,0,4,1286.8
2023-05-09,S05,B,176.98,9,0,0,1,1388.8
2024-01-08,S08,A,140.84,7,0,0,0,865.1
2023-02-06,S02,A,276.39,12,0,0,0,1623.0
2024-08-11,S10,A,204.2,9,0,0,6,1400.0
2024-08-05,S04,C,198.05,9,0,0,0,1261.1
2023-09-04,S01,C,243.31,13,0,0,0,1279.5
2023-01-03,S03,A,146.38,6,0,0,1,978.4
2023-07-26,S07,A,94.16,5,0,0,2,910.4
2023-06-15,S04,C,196.15,13,0,0,3,1150.9
2023-03-12,S03,A,168.43,9,0,0,6,729.8
2024-06-12,S03,A,143.56,5,0,0,2,813.0
2023-10-02,S04,C,212.88,19,0,0,0,1220.5
2023-05-18,S07,A,133.87,7,0,0,3,779.4
2024-08-16,S09,C,163.33,9,1,0,4,1147.8
2023-09-04,S09,C,152.6,8,0,0,0,768.3
2024-01-11,S05,B,182.87,8,0,0,3,985.6
2023-08-21,S06,A,106.89,4,0,0,0,1007.3
2023-02-16,S01,C,233.26,7,0,0,3,1203.4
2024-02-23,S04,C,232.34,19,0,0,4,1347.6
2024-02-13,S03,A,118.32,5,0,0,1,1075.2
2023-05-29,S07,A,119.02,4,0,0,0,534.5
2024-01-03,S09,C,118.65,6,0,0,2,736.6
2023-01-29,S03,A,191.01,11,0,0,6,1086.8
2024-03-31,S09,C,165.38,9,0,0,6,935.6
2024-03-06,S09,C,125.45,4,0,0,2,1133.5
2023-12-20,S08,A,175.41,10,0,0,2,1336.7
2024-06-27,S05,B,197.4,11,0,0,3,729.8
2023-09-16,S02,A,362.31,22,0,0,5,1179.8
2023-05-17,S09,C,166.34,8,1,0,2,981.2
2024-10-21,S01,C,239.96,18,0,0,0,647.8
2024-05-05,S01,C,313.23,15,0,0,6,893.1
2023-03-01,S08,A,161.89,6,1,0,2,1034.5
2024-03-11,S02,A,234.61,11,0,0,0,1650.1
2024-08-16,S05,B,227.17,13,0,0,4,895.5
2024-12-26,S07,A,130.6,4,0,0,3,835.8
2024-11-19,S05,B,271.26,13,0,0,1,957.5
2024-08-19,S03,A,133.16,15,0,0,0,1016.7
2023-12-13,S09,C,177.74,8,0,0,2,873.5
2024-04-11,S04,C,209.49,14,0,0,3,601.2
2023-10-27,S01,C,307.9,18,0,0,4,882.7
2024-10-12,S02,A,296.47,16,0,0,5,1224.3
2023-09-12,S05,B,225.26,7,0,0,1,1289.6
2024-06-26,S01,C,292.78,16,1,0,2,1479.3
2024-07-02,S04,C,215.93,7,0,0,1,1326.3
2024-02-11,S07,A,129.39,5,0,0,6,745.5
2024-02-03,S09,C,155.2,7,0,0,5,752.5
2024-12-07,S01,C,345.48,16,0,0,5,1362.8
2023-03-10,S06,A,106.47,4,0,0,4,754.2
2024-09-09,S05,B,207.69,9,0,0,0,677.2
2023-11-21,S04,C,231.61,8,0,0,1,1116.3
2024-10-12,S05,B,208.82,8,0,0,5,809.6
2024-02-13,S04,C,327.16,24,1,0,1,920.1
2023-10-11,S08,A,132.61,5,0,0,2,1175.4
2024-01-05,S08,A,129.66,6,0,0,4,1098.9
2024-11-11,S02,A,317.85,22,0,0,0,842.9
2024-02-09,S01,C,242.01,11,0,0,4,1283.6
2023-08-12,S01,C,263.67,14,0,0,5,1141.9
2024-06-16,S07,A,137.44,13,0,0,6,487.8
2023-08-21,S01,C,236.44,10,0,0,0,1335.0
2023-02-22,S02,A,322.93,17,0,0,2,1265.2
2023-02-22,S03,A,137.77,11,0,0,2,1020.1
2024-07-24,S04,C,217.92,19,0,0,2,352.2
2024-08-11,S01,C,268.14,12,0,0,6,1311.9
2024-11-03,S01,C,315.38,13,0,0,6,1103.8
2024-07-04,S09,C,125.29,8,1,0,3,730.2
2023-03-20,S01,C,247.0,10,0,0,0,1209.6
2024-07-25,S05,B,243.67,15,0,0,3,803.0
2024-05-09,S06,A,112.61,6,0,0,3,963.4
2023-03-07,S02,A,297.65,11,0,0,1,803.9
2024-06-28,S01,C,187.18,9,0,0,4,1278.7
2023-08-08,S07,A,116.08,6,0,0,1,736.0
2023-02-06,S10,A,173.42,5,0,0,0,684.0
2024-04-23,S08,A,118.93,9,0,0,1,1065.3
2024-02-26,S05,B,236.17,10,0,0,0,929.2
2023-02-07,S08,A,155.19,6,0,0,1,1126.6
2024-10-10,S02,A,280.63,12,0,0,3,1256.8
2023-08-10,S07,A,104.2,4,0,0,3,1331.9
2024-07-09,S09,C,112.37,7,0,0,1,953.3
2023-06-11,S04,C,280.52,13,1,0,6,803.9
2024-10-17,S10,A,182.6,5,0,0,3,1176.8
2023-12-30,S03,A,177.26,10,0,0,5,546.8
2023-04-07,S03,A,155.86,8,0,0,4,842.1
2024-10-19,S09,C,144.73,4,1,0,5,1356.8
2024-11-16,S06,A,163.94,8,0,0,5,935.1
2024-07-10,S05,B,188.48,8,0,0,2,1018.4
2023-02-05,S10,A,259.82,10,0,0,6,871.6
2024-01-19,S10,A,198.32,10,0,0,4,1235.5
2024-05-03,S04,C,267.64,18,0,0,4,990.7
2023-05-05,S07,A,91.96,5,0,0,4,888.8
2024-05-24,S01,C,259.98,12,0,0,4,943.0
2024-01-05,S05,B,201.39,7,0,0,4,1162.0
2024-12-15,S08,A,185.15,6,0,0,6,960.4
2023-09-14,S08,A,129.15,5,0,0,3,666.0
2023-12-09,S04,C,298.92,16,0,0,5,1151.6
2023-07-23,S08,A,154.59,9,0,0,6,620.4
2023-03-19,S03,A,132.8,7,0,0,6,1251.7
2024-11-02,S07,A,111.45,6,0,0,5,1009.1
2023-12-23,S03,A,188.3,7,0,0,5,508.5
2024-11-22,S05,B,263.71,13,0,0,4,1272.6
2024-10-29,S10,A,213.23,17,0,0,1,1044.3
2024-08-06,S04,C,261.26,12,0,0,1,1130.7
2024-03-29,S02,A,292.65,16,0,0,4,1369.7
2023-06-17,S05,B,184.22,5,0,0,5,944.2
2023-02-06,S06,A,104.45,10,0,0,0,975.8
2024-04-24,S04,C,219.72,11,0,0,2,1255.9
2024-11-27,S05,B,221.55,10,0,0,2,1443.0
2024-03-08,S08,A,118.83,4,0,0,4,978.5
2023-01-15,S08,A,115.03,5,0,0,6,990.2
2024-10-04,S04,C,194.65,6,0,0,4,1016.3
2023-11-05,S09,C,201.22,10,0,1,6,720.1
2024-07-30,S04,C,268.84,9,0,0,1,610.4
2023-02-10,S08,A,140.7,6,0,0,4,1092.9
2024-11-05,S09,C,125.96,9,0,1,1,760.0
2023-12-12,S07,A,167.35,10,0,0,1,589.2
2024-02-23,S03,A,134.31,7,0,0,4,931.4
2023-12-24,S07,A,143.63,11,0,0,6,312.6
2023-11-24,S02,A,346.0,16,0,0,4,1336.2
2023-04-14,S02,A,272.4,10,0,0,4,1125.9
2024-04-23,S02,A,261.28,13,0,0,1,1086.9
2023-03-27,S06,A,92.59,3,0,0,0,877.6
2024-01-28,S07,A,113.28,5,0,0,6,895.7
2023-01-08,S09,C,178.01,18,1,0,6,1643.2
2023-08-13,S08,A,126.44,10,0,0,6,882.1
2024-09-15,S04,C,227.53,8,0,0,6,684.7
2024-10-29,S04,C,267.41,12,0,0,1,1546.3
2024-11-02,S10,A,266.2,13,0,0,5,678.4
2024-05-16,S10,A,254.36,16,0,0,3,377.5
2023-03-20,S09,C,149.55,8,0,0,0,811.2
2023-08-16,S10,A,189.88,10,0,0,2,468.9
2024-02-14,S06,A,108.29,8,0,0,2,1182.0
2024-01-25,S08,A,142.68,8,0,0,3,1528.7
2024-04-20,S06,A,135.59,5,0,0,5,886.0
2024-08-29,S08,A,136.09,5,0,0,3,1003.7
2023-12-30,S02,A,400.32,18,0,0,5,1157.4
2024-12-19,S10,A,214.77,18,0,0,3,535.0
2023-02-12,S05,B,318.29,12,1,0,6,672.3
2023-02-09,S03,A,139.53,9,0,0,3,492.1
2024-06-28,S07,A,87.34,4,0,0,4,933.7
2024-11-20,S08,A,162.86,7,0,0,2,919.6
2024-02-25,S01,C,272.39,14,0,0,6,1375.6
2023-09-25,S03,A,116.81,3,0,0,0,780.1
2024-10-30,S05,B,194.45,8,0,0,2,565.7
2024-05-08,S03,A,154.57,13,1,0,2,1300.6
2023-12-16,S04,C,356.24,18,0,0,5,1118.0
2023-05-26,S10,A,174.27,10,0,0,4,1612.6
2024-06-10,S07,A,112.49,8,0,0,0,774.2
2024-04-29,S01,C,241.88,11,0,0,0,1151.2
2024-01-19,S06,A,122.03,6,0,0,4,1037.4
2024-09-30,S07,A,94.24,5,0,0,0,535.8
2024-07-19,S03,A,111.9,11,0,0,4,1587.4
2024-11-26,S06,A,183.12,7,1,0,1,514.0
2024-04-17,S05,B,251.74,20,0,0,2,1364.5
2024-07-20,S09,C,112.24,4,0,0,5,734.2
2023-08-24,S06,A,108.34,5,0,0,3,718.3
2023-09-02,S03,A,184.73,14,1,0,5,1353.5
2024-11-01,S06,A,136.4,8,0,0,4,936.1
2024-07-22,S02,A,251.17,16,0,0,0,998.2
2023-02-16,S05,B,199.49,10,0,0,3,1604.0
2023-01-17,S04,C,222.0,8,0,0,1,1264.5
2024-09-24,S04,C,286.15,10,0,0,1,759.9
2024-12-02,S08,A,167.6,8,0,0,0,811.8
2024-12-01,S04,C,295.99,15,0,0,6,1609.2
2024-12-25,S08,A,185.62,10,0,0,2,1151.9
2023-07-20,S10,A,138.62,8,0,0,3,548.0
2023-11-05,S05,B,259.17,12,0,1,6,869.5
2023-04-01,S01,C,327.09,10,0,0,5,1116.0
2024-07-25,S09,C,109.01,6,0,0,3,1300.4
2023-08-18,S04,C,257.01,12,0,0,4,511.8
2024-03-24,S02,A,606.38,22,1,0,6,1101.9
2024-04-05,S06,A,144.1,8,1,0,4,687.4
2024-01-07,S07,A,146.18,7,0,0,6,616.8
2024-08-29,S02,A,308.46,18,0,0,3,836.6
2023-06-26,S05,B,178.46,6,0,0,0,551.2
2023-06-04,S10,A,156.63,8,0,0,6,989.6
2023-10-30,S10,A,157.81,9,0,0,0,1597.6
2024-10-19,S10,A,162.13,8,0,0,5,1263.2
2023-07-24,S05,B,169.87,10,0,0,0,1560.6
2023-03-18,S08,A,152.97,7,0,0,5,700.6
2023-05-31,S09,C,137.94,10,0,0,2,1354.0
2024-12-11,S01,C,335.86,12,0,0,2,944.7
2024-03-27,S08,A,123.4,5,0,0,2,1050.9
2024-02-26,S10,A,182.05,7,0,0,0,1195.4
2024-11-08,S09,C,140.51,7,0,0,4,1168.1
2024-04-22,S09,C,144.87,7,0,0,0,719.5
2023-11-26,S03,A,136.06,9,0,0,6,1568.8
2023-03-23,S10,A,196.3,8,0,0,3,1071.8
2023-05-21,S04,C,273.69,15,0,0,6,662.2
2023-05-19,S03,A,126.2,7,0,0,4,1116.5
2023-08-03,S09,C,110.49,6,0,0,3,1235.2
2023-06-13,S09,C,126.51,4,0,0,1,618.4
2024-12-03,S08,A,190.66,9,0,0,1,932.5
2023-02-09,S10,A,187.16,6,0,0,3,1165.7
2023-03-30,S03,A,110.22,5,0,0,3,888.8
2023-12-23,S06,A,183.85,5,0,0,5,676.9
2024-10-15,S04,C,218.92,12,0,0,1,1164.1
2023-04-28,S10,A,193.91,10,0,0,4,756.3
2024-02-29,S05,B,291.47,16,0,0,3,562.8
2024-05-13,S02,A,312.16,10,0,0,0,617.0
2023-08-02,S01,C,281.23,23,0,0,2,417.4
2023-02-15,S07,A,98.41,5,0,0,2,867.0
2023-07-15,S01,C,309.27,13,1,0,5,1072.9
2023-03-10,S10,A,220.91,8,0,0,4,959.7
2024-07-31,S04,C,222.1,8,0,0,2,402.3
2024-12-06,S09,C,162.5,6,0,0,4,858.5
2023-07-15,S04,C,285.22,10,0,0,5,810.6
2023-09-29,S01,C,347.77,16,1,0,4,918.1
2024-06-25,S04,C,322.76,16,1,0,1,1033.3
2024-03-10,S10,A,209.74,11,0,0,6,1129.6
2024-09-26,S04,C,360.67,10,1,0,3,1103.4
2023-07-08,S05,B,258.14,16,0,0,5,960.7
2024-12-10,S08,A,163.88,7,0,0,1,1007.4
2024-10-07,S10,A,171.51,5,0,0,0,995.2
2023-09-07,S05,B,215.94,11,0,0,3,832.4
2023-10-31,S07,A,104.48,3,0,0,1,1459.7
2023-12-27,S04,C,248.6,11,0,0,2,1152.4
2023-03-26,S06,A,141.42,5,0,0,6,911.5
2023-02-24,S03,A,153.55,7,0,0,4,865.8
2024-01-08,S05,B,211.06,9,0,0,0,644.3
2024-02-23,S08,A,127.64,6,0,0,4,930.1
2024-01-03,S10,A,186.99,11,0,0,2,1129.9
2024-08-06,S05,B,223.48,12,0,0,1,1461.7
2024-08-20,S07,A,90.88,6,0,0,1,1628.8
2024-05-16,S02,A,249.48,9,0,0,3,1523.2
2023-10-24,S05,B,198.96,13,0,0,1,719.3
2023-09-10,S10,A,216.57,10,0,0,6,1245.4
2023-04-15,S09,C,153.2,9,0,0,5,1129.7
2023-07-16,S01,C,347.02,14,0,0,6,278.9
2023-09-11,S01,C,272.48,16,0,0,0,746.1
2024-06-21,S02,A,332.6,12,0,0,4,967.1
2023-01-24,S08,A,124.73,5,0,0,1,971.0
2023-04-24,S04,C,238.59,10,0,0,0,878.7
2024-08-27,S04,C,211.98,11,0,0,1,1262.0
2024-03-01,S10,A,116.92,5,0,0,4,1380.6
2024-12-31,S08,A,139.63,6,0,0,1,1198.6
2024-07-02,S05,B,178.74,9,0,0,1,1046.2
2024-12-02,S05,B,244.44,17,0,0,0,833.9
2023-10-25,S09,C,124.12,8,0,0,2,1188.1
2024-08-01,S05,B,208.08,7,0,0,3,1126.6
2024-07-15,S04,C,191.96,7,1,0,0,754.9
2024-05-07,S08,A,135.59,6,0,0,1,843.2
2024-01-27,S10,A,206.71,9,0,0,5,1518.5
2023-11-10,S09,C,146.56,5,0,0,4,632.7
2024-10-14,S02,A,244.8,9,0,0,0,1121.2
2024-02-12,S04,C,234.13,12,0,0,0,1038.2
2024-12-18,S01,C,324.06,17,0,0,2,653.5
2023-11-19,S10,A,277.77,12,0,0,6,542.9
2023-07-02,S07,A,129.23,4,0,0,6,855.3
2023-03-01,S04,C,199.92,10,0,0,2,792.3
2023-09-30,S06,A,140.37,5,0,0,5,1336.4
2024-02-18,S08,A,162.82,7,0,0,6,784.0
2023-02-26,S01,C,288.14,18,0,0,6,1121.1
2024-07-26,S05,B,180.63,11,0,0,4,646.5
2024-12-15,S02,A,402.47,19,0,0,6,1335.5
2023-01-25,S04,C,247.18,16,0,0,2,766.5
2024-03-19,S08,A,136.62,9,0,0,1,1272.4
2024-05-20,S10,A,165.21,6,0,0,0,1152.0
2023-02-10,S06,A,93.49,4,0,0,4,1374.3
2023-05-25,S03,A,148.54,5,0,0,3,821.3
2023-01-27,S02,A,321.15,12,0,0,4,1183.2
2024-11-21,S09,C,179.44,6,0,0,3,779.1
2024-10-28,S07,A,75.37,3,0,0,0,1514.1
2023-06-18,S10,A,177.97,8,0,0,6,1482.3
2023-06-22,S06,A,74.96,6,0,0,3,1540.4
2023-09-07,S07,A,116.68,6,0,0,3,1075.2
2024-05-05,S08,A,152.94,13,0,0,6,1297.1
2023-02-04,S01,C,267.45,13,0,0,5,1156.9
2024-11-05,S08,A,152.81,9,0,1,1,890.6
2023-06-10,S02,A,322.16,26,0,0,5,787.6
2024-04-02,S07,A,110.99,5,0,0,1,1084.6
2024-01-08,S06,A,103.58,4,0,0,0,1153.1
2024-12-24,S08,A,175.31,9,0,0,1,1107.4
2023-10-06,S06,A,102.59,6,0,0,4,1286.7
2023-06-02,S04,C,194.1,10,0,0,4,1004.2
2024-06-27,S06,A,90.24,7,0,0,3,969.8
2024-10-10,S08,A,137.88,5,0,0,3,1087.6
2024-11-08,S01,C,285.22,13,0,0,4,524.8
2023-06-26,S07,A,91.86,4,0,0,0,1208.9
2024-12-22,S01,C,316.08,21,0,0,6,1095.8
2024-02-08,S08,A,120.75,5,0,0,3,1229.0
2024-07-31,S05,B,238.82,8,0,0,2,846.4
2024-08-15,S01,C,264.12,11,0,0,3,827.8
2024-11-14,S04,C,255.92,10,0,0,3,658.9
2023-02-06,S04,C,221.09,11,0,0,0,941.1
2024-12-23,S10,A,190.63,21,0,0,0,1161.7
2024-10-19,S06,A,184.73,8,1,0,5,562.9
2024-04-17,S06,A,166.82,15,1,0,2,739.4
2024-03-20,S04,C,204.8,12,0,0,2,1130.5
2024-08-05,S05,B,203.11,8,0,0,0,547.6
2024-11-05,S10,A,211.41,12,0,1,1,1262.2
2023-09-14,S03,A,142.12,7,0,0,3,850.0
2024-05-25,S04,C,272.56,14,0,0,5,865.8
2024-10-31,S10,A,134.59,5,0,0,3,1551.5
2024-11-09,S05,B,353.05,17,0,0,5,1091.1
2023-11-05,S04,C,314.02,11,0,1,6,497.3
2024-11-04,S04,C,259.16,14,0,1,0,846.5
2023-07-30,S03,A,154.61,7,0,0,6,756.8
2023-03-05,S03,A,180.73,7,0,0,6,922.4
2023-09-07,S04,C,230.16,10,0,0,3,894.0
2023-09-24,S06,A,115.32,7,0,0,6,1663.0
2024-07-04,S08,A,110.0,5,0,0,3,1702.2
2024-03-16,S07,A,103.87,4,0,0,5,963.8
2024-06-20,S02,A,238.45,9,0,0,3,1322.5
2024-06-22,S05,B,320.79,12,1,0,5,852.9
2023-08-22,S05,B,204.54,8,0,0,1,1214.4
2024-07-13,S09,C,127.73,9,0,0,5,1273.9
2023-12-28,S10,A,268.34,15,0,0,3,605.4
2024-01-24,S04,C,260.54,14,0,0,2,1295.8
2024-05-10,S07,A,109.72,5,0,0,4,1256.5
2024-02-26,S02,A,310.02,11,0,0,0,710.4
2023-05-30,S05,B,303.21,15,1,0,1,746.5
2023-08-29,S02,A,255.82,12,0,0,1,746.8
2024-01-23,S05,B,194.41,6,0,0,1,950.1
2023-05-04,S03,A,139.24,5,0,0,3,828.5
2023-09-24,S02,A,332.5,21,0,0,6,1566.8
2023-10-09,S08,A,110.21,6,0,0,0,1136.2
2024-10-29,S07,A,102.32,5,0,0,1,975.1
2024-11-15,S07,A,108.38,4,0,0,4,1623.4
2024-02-20,S04,C,190.04,6,0,0,1,985.5
2024-06-27,S07,A,70.02,3,0,0,3,1818.5
2023-11-03,S02,A,358.76,18,0,0,4,1100.2
2024-09-16,S08,A,148.37,6,0,0,0,694.8
2024-12-24,S01,C,326.91,10,0,0,1,1294.6
2023-06-23,S06,A,106.62,6,0,0,4,1248.2
2023-10-10,S04,C,236.87,8,0,0,1,830.2
2024-07-11,S01,C,239.02,11,0,0,3,678.7
2024-05-15,S08,A,152.68,10,0,0,2,1040.4
2023-09-05,S06,A,101.42,7,0,0,1,1161.9
2023-09-14,S05,B,198.07,8,0,0,3,1447.9
2024-09-07,S05,B,250.26,9,0,0,5,845.0
2024-07-18,S09,C,113.91,7,0,0,3,1322.7
2023-03-12,S08,A,146.41,7,0,0,6,1235.4
2023-11-01,S07,A,145.93,7,0,0,2,816.7
2024-09-15,S08,A,136.7,4,0,0,6,1233.1
2024-07-11,S07,A,84.05,4,0,0,3,1032.6
2023-01-08,S03,A,151.07,8,0,0,6,768.2
2024-03-20,S09,C,167.02,8,1,0,2,1039.5
2024-04-28,S10,A,255.89,10,0,0,6,860.9
2024-11-14,S07,A,131.44,5,1,0,3,905.0
2023-04-30,S01,C,346.44,16,0,0,6,910.8
2023-09-18,S02,A,286.44,16,0,0,0,1057.6
2023-04-23,S06,A,126.74,8,0,0,6,692.8
2023-05-05,S02,A,312.9,13,0,0,4,464.1
2024-10-16,S10,A,219.88,12,0,0,2,567.1
2024-08-25,S08,A,157.75,7,0,0,6,456.8
2024-07-01,S07,A,82.55,3,0,0,0,634.8
2023-12-02,S02,A,391.96,17,0,0,5,671.2
2024-02-05,S09,C,123.4,8,0,0,0,1289.8
2023-06-07,S08,A,104.79,4,0,0,2,985.0
2024-01-26,S07,A,135.77,7,0,0,4,746.1
2024-01-08,S10,A,237.92,20,1,0,0,1164.5
2024-03-11,S09,C,113.06,5,0,0,0,1002.1
2023-05-15,S04,C,233.91,18,0,0,0,1240.6
2024-12-30,S01,C,273.89,17,0,0,0,1108.7
2023-02-14,S01,C,271.99,13,0,0,1,1017.0
2023-04-21,S01,C,223.74,10,0,0,4,1101.6
2023-09-21,S08,A,157.23,6,1,0,3,1169.4
2024-05-29,S07,A,128.45,6,0,0,2,1030.2
2023-03-06,S10,A,202.43,10,0,0,0,991.2
2023-06-04,S07,A,81.01,3,0,0,6,394.8
2024-07-09,S06,A,94.21,4,0,0,1,1190.5
2024-12-09,S09,C,164.38,5,0,0,0,780.2
2023-10-13,S03,A,208.28,10,1,0,4,894.3
2023-12-17,S04,C,299.8,14,0,0,6,660.7
2024-12-19,S05,B,242.3,13,0,0,3,945.1
2023-03-05,S01,C,287.1,16,0,0,6,1163.9
2024-04-21,S09,C,138.12,9,0,0,6,899.6
2023-05-05,S10,A,217.62,17,0,0,4,1053.5
2024-05-14,S06,A,123.3,4,0,0,1,1002.9
2023-02-18,S03,A,205.59,7,1,0,5,841.4
2023-06-08,S05,B,189.03,10,0,0,3,929.2
2024-04-12,S07,A,152.77,5,1,0,4,1221.9
2023-05-27,S03,A,128.22,6,0,0,5,794.1
2023-11-01,S01,C,283.2,12,0,0,2,342.4
2024-12-19,S04,C,291.08,19,0,0,3,517.3
2023-11-24,S04,C,272.82,12,0,0,4,1332.5
2024-01-04,S04,C,243.14,20,0,0,3,1651.4
2024-02-19,S06,A,108.21,5,0,0,0,925.5
2024-11-30,S08,A,244.42,10,1,0,5,875.9
2024-05-10,S05,B,215.74,8,0,0,4,902.9
2023-11-19,S06,A,121.52,4,0,0,6,1445.4
2023-04-18,S03,A,132.09,8,0,0,1,503.0
2024-04-26,S06,A,112.9,7,0,0,4,716.6
2023-09-21,S02,A,250.39,14,0,0,3,696.2
2023-06-16,S01,C,270.68,12,0,0,4,640.6
2023-08-31,S06,A,122.61,6,1,0,3,788.8
2024-09-08,S02,A,367.94,15,0,0,6,1402.9
2024-07-09,S01,C,248.12,11,0,0,1,1338.4
2023-11-06,S08,A,120.87,5,0,1,0,1100.9
2024-02-02,S07,A,99.92,5,0,0,4,816.6
2024-10-16,S04,C,227.55,7,0,0,2,1084.4
2024-11-24,S07,A,180.43,25,0,0,6,1198.7
2024-06-03,S01,C,297.33,13,0,0,0,310.2
2024-08-02,S03,A,105.51,4,0,0,4,1196.2
2023-05-21,S09,C,210.36,7,1,0,6,588.0
2023-07-04,S06,A,74.6,4,0,0,1,1750.3
2023-06-29,S09,C,136.16,6,0,0,3,576.7
2024-01-31,S08,A,140.68,8,0,0,2,941.8
2023-05-28,S06,A,137.36,8,0,0,6,660.2
2023-01-04,S06,A,130.35,6,0,0,2,1121.2
2023-02-14,S05,B,260.03,12,0,0,1,936.0
2023-08-24,S10,A,179.41,9,0,0,3,1618.0
2024-01-01,S05,B,222.61,10,0,0,0,775.6
2023-11-14,S10,A,180.44,9,0,0,1,1305.6
2023-05-09,S07,A,108.99,6,0,0,1,782.8
2024-06-24,S10,A,150.4,6,0,0,0,993.6
2024-03-20,S06,A,99.27,5,0,0,2,1379.7
2023-12-08,S07,A,124.18,7,0,0,4,1239.7
2023-08-02,S08,A,104.58,4,0,0,2,970.5
2023-09-21,S07,A,113.28,5,0,0,3,1231.9
2024-02-06,S07,A,96.55,3,0,0,1,1305.3
2024-12-06,S10,A,188.1,10,0,0,4,1098.5
2023-06-18,S02,A,367.56,14,0,0,6,756.2
2024-06-15,S03,A,150.11,9,0,0,5,622.2
2023-06-19,S03,A,124.89,5,0,0,0,1012.4
2024-06-22,S07,A,101.53,5,0,0,5,1045.6
2024-08-05,S01,C,234.91,14,0,0,0,783.3
2023-12-30,S06,A,146.19,6,0,0,5,488.4
2023-02-07,S03,A,113.74,5,0,0,1,1721.0
2024-07-15,S03,A,99.5,4,0,0,0,1155.9
2024-05-03,S03,A,109.82,3,0,0,4,1308.6
2024-11-23,S03,A,182.82,11,0,0,5,975.4
2023-01-15,S01,C,320.27,17,0,0,6,1618.2
2024-05-03,S05,B,203.1,54,0,0,4,280.6
2024-03-17,S10,A,223.65,9,0,0,6,1113.5
2024-11-11,S06,A,129.1,5,0,0,0,1104.3
2024-08-23,S05,B,187.35,9,0,0,4,1496.1
2023-03-13,S05,B,211.55,11,0,0,0,1052.0
2023-11-15,S09,C,152.91,10,0,0,2,1141.0
2024-10-07,S06,A,118.64,5,0,0,0,979.0
2024-03-19,S02,A,350.85,13,0,0,1,1217.7
2024-05-26,S04,C,307.65,18,0,0,6,934.1
2023-02-10,S07,A,141.1,10,0,0,4,749.4
2023-01-03,S01,C,256.76,17,0,0,1,856.2
2023-04-11,S05,B,193.34,11,0,0,1,613.9
2024-05-13,S07,A,109.17,4,0,0,0,808.6
2023-08-30,S02,A,276.59,10,0,0,2,1218.0
2023-09-12,S06,A,96.16,5,0,0,1,874.7
2023-08-28,S01,C,242.14,12,0,0,0,854.9
2024-09-18,S09,C,139.66,4,1,0,2,851.5
2023-01-05,S03,A,127.34,6,0,0,3,702.8
2023-10-11,S01,C,212.23,10,0,0,2,1380.0
2023-12-04,S02,A,340.41,16,0,0,0,1026.8
2023-10-30,S03,A,172.63,6,1,0,0,731.0
2023-12-03,S05,B,298.39,15,0,0,6,262.5
2024-03-15,S10,A,198.78,8,0,0,4,1185.5
2023-01-02,S02,A,341.14,24,0,0,0,682.7
2024-04-21,S01,C,372.7,17,0,0,6,524.7
2023-04-28,S08,A,118.98,8,0,0,4,1557.3
2023-07-14,S08,A,103.98,11,0,0,4,641.0
2023-09-08,S02,A,284.13,32,0,0,4,1029.9
2023-10-14,S04,C,317.28,26,0,0,5,937.2
2024-01-22,S06,A,79.22,2,0,0,0,1260.2
2023-04-13,S07,A,103.28,3,0,0,3,1070.2
2024-01-20,S09,C,169.69,8,0,0,5,1055.8
2023-10-26,S10,A,196.49,7,0,0,3,1089.0
2023-04-07,S02,A,203.31,11,0,0,4,1137.3
2023-10-16,S10,A,192.69,8,0,0,0,794.0
2023-10-29,S06,A,154.57,7,0,0,6,554.7
2023-11-30,S09,C,149.05,10,0,0,3,1246.9
2024-05-30,S10,A,213.75,18,0,0,3,1265.2
2023-03-15,S06,A,124.78,5,0,0,2,1141.7
2024-03-16,S01,C,429.67,25,1,0,5,1050.1
2023-05-25,S01,C,253.41,9,0,0,3,994.0
2023-10-15,S06,A,118.41,4,0,0,6,1063.4
2024-02-03,S07,A,181.92,9,1,0,5,750.1
2023-04-02,S07,A,118.5,4,0,0,6,1115.9
2024-09-01,S08,A,165.3,7,0,0,6,1001.3
2024-07-24,S01,C,224.34,21,0,0,2,1148.0
2024-02-13,S10,A,162.25,10,0,0,1,1188.9
2024-11-06,S02,A,325.61,19,0,1,2,1162.1
2024-07-24,S10,A,206.45,28,1,0,2,1018.6
2023-10-05,S03,A,144.65,9,0,0,3,943.7
2023-06-12,S05,B,203.75,12,0,0,0,626.6
2024-12-19,S01,C,286.34,19,0,0,3,1051.1
2023-03-24,S02,A,364.01,14,0,0,4,628.7
2023-05-17,S08,A,160.36,6,0,0,2,766.3
2024-01-07,S03,A,134.63,7,0,0,6,712.2
2024-10-18,S09,C,118.78,5,0,0,4,1035.4
2023-03-27,S01,C,203.64,6,0,0,0,524.2
2023-04-11,S01,C,251.92,14,0,0,1,427.7
2024-06-26,S06,A,97.63,5,0,0,2,878.1
2024-02-16,S05,B,308.8,20,1,0,4,781.5
2023-06-13,S08,A,122.69,5,0,0,1,1397.6
2023-06-16,S08,A,95.9,5,0,0,4,864.0
2024-04-03,S10,A,181.56,8,0,0,2,464.5
2023-11-14,S04,C,319.76,10,0,0,1,878.6
2024-09-10,S09,C,148.43,7,1,0,1,1196.4
2023-05-15,S08,A,97.81,4,0,0,0,1229.8
2024-07-24,S07,A,126.26,6,1,0,2,1136.4
2023-11-20,S01,C,274.95,8,0,0,0,1145.4
2024-05-28,S09,C,153.65,9,0,0,1,758.8
2024-07-15,S05,B,203.19,9,0,0,0,549.3
2024-04-23,S04,C,275.07,11,0,0,1,791.3
2023-11-20,S03,A,158.36,6,0,0,0,1037.2
2024-10-17,S01,C,259.83,11,0,0,3,1193.0
2023-03-12,S04,C,242.34,12,0,0,6,1181.0
2024-08-05,S06,A,68.45,3,0,0,0,1776.2
2023-11-26,S02,A,413.83,20,0,0,6,1417.3
2024-01-03,S04,C,231.72,19,0,0,2,1392.4
2023-08-29,S09,C,111.63,5,0,0,1,996.4
2023-05-13,S08,A,193.24,13,0,0,5,1492.2
2024-11-11,S01,C,307.39,10,0,0,0,839.7
2024-10-04,S03,A,114.26,6,0,0,4,904.1
2024-05-05,S10,A,220.72,9,0,0,6,1110.3
2024-03-20,S01,C,299.56,11,1,0,2,776.7
2024-09-02,S06,A,120.1,3,0,0,0,774.3
2023-04-09,S07,A,101.32,6,0,0,6,1340.7
2024-08-03,S04,C,208.54,15,0,0,5,1005.0
2024-10-25,S03,A,126.72,5,0,0,4,1068.0
2024-09-20,S07,A,110.88,5,0,0,4,577.8
2024-08-27,S10,A,251.31,11,1,0,1,1420.0
2024-02-09,S10,A,173.09,11,0,0,4,1244.4
2023-12-15,S06,A,124.86,3,0,0,4,852.7
2023-09-05,S05,B,259.1,23,0,0,1,659.7
2024-01-23,S04,C,213.53,8,0,0,1,1272.4
2023-04-30,S09,C,158.0,10,0,0,6,1377.8
2024-02-23,S02,A,289.99,17,0,0,4,920.0
2023-06-01,S09,C,112.27,7,0,0,3,976.2
2024-08-28,S10,A,253.51,9,1,0,2,1156.8
2023-06-29,S10,A,125.6,5,0,0,3,1219.9
2023-04-12,S05,B,230.68,9,0,0,2,824.0
2023-01-13,S09,C,136.2,6,0,0,4,772.3
2023-05-17,S05,B,225.31,8,0,0,2,966.0
2024-08-07,S04,C,243.63,10,0,0,2,1103.8
2024-03-23,S01,C,321.29,14,0,0,5,776.0
2023-03-31,S02,A,280.2,27,0,0,4,838.3
2023-10-07,S04,C,267.47,12,0,0,5,1069.2
2024-09-05,S07,A,117.56,4,0,0,3,529.7
2024-03-16,S04,C,278.03,13,0,0,5,1377.1
2024-11-26,S09,C,140.74,7,0,0,1,1523.3
2024-09-19,S01,C,256.68,16,0,0,3,1131.9
2023-11-21,S10,A,218.46,8,0,0,1,652.9
2023-05-01,S09,C,98.22,6,0,0,0,1569.3
2024-01-22,S09,C,109.51,6,0,0,0,836.7
2024-10-18,S03,A,125.63,5,0,0,4,960.7
2024-02-11,S06,A,139.98,6,1,0,6,1152.0
2024-09-17,S04,C,226.58,10,0,0,1,1373.2
2023-05-04,S10,A,162.2,8,0,0,3,1692.4
2023-08-17,S10,A,182.67,13,0,0,3,758.2
2023-10-02,S01,C,294.37,12,0,0,0,504.3
2023-01-28,S06,A,137.61,7,0,0,5,1436.0
2024-04-03,S06,A,135.87,10,0,0,2,747.7
2023-04-14,S06,A,89.99,3,0,0,4,1108.4
2023-05-03,S10,A,266.58,13,1,0,2,1079.4
2023-04-11,S09,C,134.37,6,0,0,1,439.1
2024-01-18,S09,C,132.34,16,0,0,3,822.2
2023-09-11,S03,A,145.68,5,1,0,0,528.1
2024-03-05,S04,C,288.56,30,1,0,1,1253.1
2023-04-16,S09,C,141.6,11,0,0,6,699.3
2024-06-25,S08,A,137.13,5,0,0,1,315.0
2023-01-29,S02,A,357.15,15,0,0,6,1114.7
2023-04-15,S04,C,269.91,13,0,0,5,876.6
2023-05-12,S07,A,92.46,4,0,0,4,916.0
2023-04-07,S09,C,151.16,8,0,0,4,544.8
2023-08-27,S02,A,401.36,17,0,0,6,495.7
2024-08-06,S02,A,304.5,13,0,0,1,702.8
2023-07-13,S10,A,142.13,7,0,0,3,1052.8
2024-06-08,S05,B,219.61,7,0,0,5,1187.6
2023-05-08,S05,B,212.34,12,0,0,0,986.5
2023-03-03,S10,A,196.36,9,0,0,4,925.0
2024-06-14,S07,A,92.02,4,0,0,4,824.0
2023-06-24,S03,A,144.49,6,0,0,5,871.3
2023-05-20,S01,C,389.45,22,1,0,5,537.2
2024-08-18,S01,C,275.69,14,0,0,6,755.2
2023-06-07,S10,A,140.82,5,0,0,2,1010.2
2023-06-15,S06,A,87.65,3,0,0,3,929.3
2023-12-23,S09,C,158.01,7,0,0,5,1176.4
2023-08-24,S03,A,131.5,4,0,0,3,918.9
2023-08-10,S03,A,107.58,5,0,0,3,1114.7
2024-12-27,S07,A,124.42,7,0,0,4,1236.3
2023-11-14,S09,C,140.0,8,0,0,1,1246.0
2023-11-16,S03,A,184.04,12,0,0,3,516.9
2023-05-11,S08,A,125.87,10,0,0,3,1067.3
2023-02-27,S06,A,91.19,3,0,0,0,1325.8
2023-08-25,S01,C,289.68,17,0,0,4,1102.9
2023-05-09,S01,C,241.82,9,0,0,1,815.7
2024-08-17,S05,B,214.9,9,0,0,5,970.6
2024-05-10,S08,A,128.43,5,0,0,4,1259.6
2024-08-27,S07,A,134.83,4,0,0,1,699.7
2023-07-19,S04,C,224.59,7,1,0,2,1145.9
2023-09-21,S10,A,175.87,7,0,0,3,862.8
2023-01-27,S10,A,220.85,14,0,0,4,856.4
2023-03-04,S10,A,198.99,9,0,0,5,1127.2
2024-07-30,S01,C,243.26,10,0,0,1,1073.7
2023-11-05,S02,A,435.82,26,0,1,6,668.0
2023-12-13,S07,A,101.62,5,0,0,2,918.5
2024-09-30,S05,B,251.62,12,0,0,0,838.4
2024-03-15,S07,A,102.93,6,0,0,4,1256.9
2024-02-07,S04,C,233.43,9,0,0,2,1444.8
2024-11-23,S05,B,233.18,18,0,0,5,1477.7
2023-07-24,S07,A,102.43,5,0,0,0,1013.1
2024-03-11,S07,A,100.33,4,0,0,0,702.2
2024-07-28,S01,C,278.15,14,0,0,6,1391.7
2023-07-31,S04,C,177.07,9,0,0,0,986.5
2023-01-03,S08,A,153.58,8,0,0,1,1107.1
2023-07-24,S01,C,224.44,13,0,0,0,965.7
2024-01-28,S09,C,161.0,9,0,0,6,659.1
2024-10-22,S08,A,147.63,6,0,0,1,929.1
2023-11-18,S07,A,150.08,5,0,0,5,1094.5
2024-11-11,S07,A,131.93,8,0,0,0,553.4
2024-01-17,S05,B,294.59,22,1,0,2,836.8
2023-01-13,S10,A,189.23,11,0,0,4,1562.9
2024-06-25,S02,A,240.35,19,0,0,1,962.8
2024-12-18,S05,B,240.9,17,0,0,2,1432.9
2024-04-04,S10,A,212.58,30,0,0,3,1223.6
2023-01-02,S04,C,238.04,11,0,0,0,1059.1
2024-09-19,S02,A,391.35,11,0,0,3,876.4
2024-03-23,S07,A,126.01,7,0,0,5,876.6
2023-06-02,S06,A,84.77,2,0,0,4,933.5
2023-08-25,S06,A,156.1,7,0,0,4,485.2
2024-04-09,S09,C,140.11,3,0,0,1,740.0
2023-11-02,S03,A,164.36,6,0,0,3,1093.8
2024-02-05,S06,A,113.59,6,0,0,0,843.6
2023-08-23,S01,C,185.29,10,0,0,2,1614.6
2023-02-07,S05,B,182.29,6,0,0,1,1191.6
2024-06-16,S05,B,370.0,18,1,0,6,1087.6
2024-09-20,S03,A,133.45,12,0,0,4,1069.4
2023-04-04,S10,A,192.68,18,0,0,1,1110.6
2024-11-30,S05,B,271.21,14,0,0,5,1000.4
2024-04-02,S04,C,286.52,17,0,0,1,541.7
2023-08-03,S08,A,111.48,4,0,0,3,961.5
2023-12-26,S02,A,430.51,20,0,0,1,1404.6
2024-07-31,S07,A,102.93,4,0,0,2,1799.4
2024-10-25,S07,A,116.62,6,1,0,4,1101.7
2024-09-06,S06,A,115.49,6,0,0,4,752.5
2023-12-29,S04,C,312.83,14,0,0,4,1178.5
2023-02-22,S10,A,171.92,8,0,0,2,889.9
2024-01-07,S05,B,310.83,11,0,0,6,602.4
2024-04-18,S03,A,122.43,5,0,0,3,1041.3
2023-05-07,S10,A,319.23,13,1,0,6,409.4
2024-03-04,S02,A,374.61,18,0,0,0,945.4
2023-05-20,S05,B,243.24,13,0,0,5,746.1
2024-04-30,S01,C,271.45,9,0,0,1,754.6
2024-02-05,S10,A,162.43,6,1,0,0,1734.6
2024-03-15,S01,C,305.91,17,0,0,4,709.6
2023-06-29,S08,A,120.03,5,0,0,3,1048.5
2023-10-25,S10,A,219.94,11,1,0,2,1672.3
2023-05-25,S02,A,371.49,14,1,0,3,677.0
2024-06-30,S03,A,135.03,5,0,0,6,1092.0
2024-12-12,S08,A,164.93,7,0,0,3,455.7
2024-01-17,S02,A,248.56,17,0,0,2,982.9
2023-05-08,S04,C,222.68,10,0,0,0,644.8
2024-04-15,S04,C,222.22,12,0,0,0,332.2
2023-06-21,S03,A,124.35,7,0,0,2,1143.9
2023-04-06,S06,A,123.83,7,1,0,3,907.7
2024-06-24,S07,A,101.58,5,0,0,0,759.0
2024-08-07,S01,C,276.96,17,0,0,2,1036.1
2024-10-08,S05,B,250.88,15,0,0,1,1330.1
2024-11-02,S02,A,455.9,23,0,0,5,850.4
2023-02-10,S04,C,180.46,10,0,0,4,1524.9
2023-07-27,S02,A,265.69,22,0,0,3,608.6
2024-11-25,S03,A,132.96,8,0,0,0,1402.7
2023-07-17,S08,A,119.54,14,0,0,0,761.2
2023-01-16,S09,C,109.02,4,0,0,0,1493.5
2024-01-24,S09,C,116.64,4,0,0,2,1030.4
2023-04-01,S03,A,149.04,8,0,0,5,1043.5
2023-02-05,S03,A,170.99,7,0,0,6,992.3
2024-03-30,S01,C,284.7,12,0,0,5,1431.5
2024-02-18,S01,C,349.97,13,0,0,6,1368.6
2023-03-17,S05,B,178.44,7,0,0,4,1370.7
2023-10-25,S02,A,300.43,13,0,0,2,1084.6
2024-12-28,S05,B,310.15,11,0,0,5,856.7
2023-10-20,S01,C,206.08,14,0,0,4,1291.4
2023-02-01,S02,A,362.74,20,0,0,2,340.4
2024-04-09,S05,B,218.43,10,0,0,1,774.0
2023-03-08,S02,A,331.0,14,0,0,2,1258.7
2023-07-18,S10,A,164.8,9,0,0,1,1367.2
2024-01-02,S06,A,111.35,4,0,0,1,1072.4
2023-01-31,S07,A,112.68,4,0,0,1,866.1
2023-08-22,S06,A,124.38,4,0,0,1,1233.1
2024-04-24,S01,C,241.27,8,0,0,2,781.9
2023-08-24,S07,A,74.33,2,0,0,3,1481.7
2024-01-06,S03,A,136.29,7,0,0,5,1156.6
2024-01-16,S05,B,220.23,10,0,0,1,1120.7
2023-07-12,S08,A,130.41,4,0,0,2,794.7
2024-10-03,S03,A,148.63,4,0,0,3,800.0
2023-12-09,S08,A,258.56,12,1,0,5,981.4
2023-03-16,S10,A,195.37,7,0,0,3,600.9
2023-12-30,S09,C,184.59,9,0,0,5,759.9
2024-06-29,S08,A,141.14,5,0,0,5,1046.5
2023-05-07,S07,A,114.17,8,0,0,6,702.0
2024-07-08,S09,C,140.22,5,1,0,0,1484.0
2024-10-08,S03,A,126.41,9,0,0,1,1192.9
2023-12-26,S06,A,139.97,7,0,0,1,1275.0
2023-08-02,S05,B,235.68,10,0,0,2,890.3
2024-05-21,S07,A,113.22,4,0,0,1,1505.7
2024-02-15,S10,A,200.99,10,0,0,3,271.0
2024-05-11,S10,A,239.07,15,0,0,5,1237.9
2024-05-05,S05,B,269.44,15,0,0,6,1476.9
2023-02-21,S05,B,189.14,11,0,0,1,1498.4
2024-10-15,S08,A,165.64,7,1,0,1,1072.7
2023-02-10,S10,A,210.66,6,0,0,4,955.9
2024-06-28,S09,C,164.59,8,1,0,4,758.1
2024-12-29,S01,C,263.82,17,0,0,6,1157.3
2024-12-23,S07,A,129.34,12,0,0,0,1520.2
2024-09-25,S04,C,301.18,17,1,0,2,972.8
2023-01-21,S08,A,182.82,6,0,0,5,1141.4
2024-08-17,S06,A,129.58,6,0,0,5,1083.9
2023-02-15,S09,C,145.52,8,1,0,2,1441.4
2023-07-25,S05,B,170.32,6,0,0,1,624.6
2023-09-01,S01,C,271.68,16,0,0,4,113.7
2023-01-26,S01,C,224.78,14,0,0,3,723.0
2024-11-20,S01,C,278.1,16,0,0,2,1570.4
2023-04-21,S08,A,113.02,5,0,0,4,728.8
2024-08-15,S08,A,114.97,4,0,0,3,768.3
2023-06-21,S04,C,201.22,8,0,0,2,802.3
2024-01-27,S02,A,326.99,16,0,0,5,942.2
2023-03-13,S06,A,77.06,4,0,0,0,1447.0
2023-02-25,S03,A,171.91,11,0,0,5,1050.5
2023-05-24,S10,A,225.19,12,1,0,2,1338.4
2023-08-16,S01,C,207.65,13,0,0,2,1132.5
2023-11-11,S05,B,282.07,10,0,0,5,915.4
2024-11-28,S07,A,137.14,7,0,0,3,1256.3
2023-07-12,S06,A,109.63,6,0,0,2,609.1
2023-03-05,S05,B,246.73,12,0,0,6,1351.9
2023-02-01,S07,A,111.11,5,0,0,2,986.3
2024-11-17,S03,A,231.06,8,0,0,6,372.4
2023-02-12,S08,A,166.98,6,0,0,6,954.3
2024-06-25,S09,C,117.79,8,0,0,1,715.8
2023-01-11,S06,A,117.23,6,0,0,2,1006.3
2023-11-01,S02,A,499.1,24,1,0,2,1004.2
2024-02-28,S09,C,129.27,6,0,0,2,1047.8
2023-08-05,S10,A,224.25,8,1,0,5,1147.4
2023-06-20,S10,A,171.85,8,0,0,1,995.7
2023-01-09,S10,A,225.91,10,1,0,0,571.0
2023-08-13,S02,A,471.78,18,1,0,6,252.2
2023-11-14,S05,B,314.4,20,0,0,1,1286.1
2024-06-29,S02,A,331.56,16,0,0,5,386.9
2023-07-14,S10,A,157.5,9,0,0,4,701.7
2024-02-09,S05,B,239.79,13,0,0,4,687.1
2023-10-12,S09,C,158.21,7,0,0,3,1018.2
2023-01-01,S02,A,400.66,21,1,0,6,1456.9
2024-03-09,S08,A,136.27,4,0,0,5,700.7
2023-04-04,S06,A,116.97,7,0,0,1,467.1
2024-09-17,S10,A,173.55,11,0,0,1,1290.6
2023-09-30,S01,C,328.31,13,0,0,5,957.5
2024-06-04,S06,A,112.6,4,1,0,1,1194.5
2023-03-01,S02,A,280.01,20,0,0,2,1058.4
2024-07-02,S03,A,112.9,5,0,0,1,1160.2
2023-10-21,S07,A,131.98,6,0,0,5,1146.2
2023-09-02,S09,C,133.06,8,0,0,5,864.6
2023-06-07,S07,A,89.43,6,0,0,2,1477.8
2024-11-03,S03,A,163.53,8,0,0,6,944.5
2024-09-02,S02,A,278.52,12,0,0,0,952.8
2023-01-22,S04,C,341.46,12,1,0,6,611.5
2023-03-19,S09,C,151.41,6,0,0,6,1267.1
2023-12-16,S07,A,141.49,9,0,0,5,704.3
2024-07-27,S06,A,135.15,5,0,0,5,962.8
2023-07-24,S04,C,220.94,12,0,0,0,563.5
2024-12-14,S01,C,383.69,44,0,0,5,1323.2
2023-06-06,S08,A,138.42,6,0,0,1,566.4
2023-01-17,S06,A,115.52,6,1,0,1,1161.7
2024-04-15,S03,A,118.73,4,0,0,0,1545.7
2023-12-23,S07,A,108.56,6,0,0,5,1156.4
2024-07-13,S04,C,339.7,16,1,0,5,977.6
2024-11-25,S08,A,145.83,5,0,0,0,1284.4
2023-07-21,S04,C,223.64,8,0,0,4,1245.2
2023-01-28,S04,C,237.37,8,0,0,5,1319.6
2024-01-22,S01,C,258.81,14,0,0,0,960.8
2024-02-21,S08,A,126.87,8,0,0,2,694.6
2024-08-06,S03,A,147.17,6,0,0,1,826.2
2024-01-14,S09,C,161.59,9,0,0,6,932.0
2024-06-02,S04,C,191.95,8,0,0,6,933.9
2023-02-09,S05,B,168.98,11,0,0,3,1275.5
2023-02-28,S04,C,149.19,6,0,0,1,1300.3
2024-12-29,S07,A,145.03,6,0,0,6,647.1
2024-11-08,S06,A,126.53,4,0,0,4,1163.5
2024-08-23,S06,A,101.79,9,0,0,4,876.6
2024-11-29,S08,A,153.63,6,0,0,4,915.5
2023-02-22,S01,C,233.72,29,0,0,2,993.6
2023-06-26,S04,C,225.53,10,0,0,0,1273.1
2023-07-07,S06,A,101.97,4,0,0,4,970.7
2024-06-19,S06,A,107.1,6,0,0,2,1075.0
2024-02-01,S06,A,105.46,4,0,0,3,925.8
2023-12-01,S05,B,238.7,23,0,0,4,1151.3
2023-08-14,S04,C,240.64,12,0,0,0,1047.4
2023-11-19,S05,B,255.8,11,0,0,6,691.8
2023-02-22,S07,A,100.81,4,0,0,2,779.6
2023-10-22,S07,A,123.25,7,0,0,6,1426.1
2024-03-23,S04,C,234.15,10,0,0,5,1098.9
2024-01-25,S10,A,209.23,16,0,0,3,630.2
2023-03-11,S03,A,207.57,10,1,0,5,1184.7
2024-11-21,S07,A,151.25,6,1,0,3,1166.8
2024-03-20,S05,B,273.83,10,0,0,2,1146.7
2023-12-30,S04,C,290.46,16,0,0,5,887.7
2023-04-16,S01,C,337.5,61,1,0,6,1252.6
2023-03-01,S01,C,307.96,18,0,0,2,1013.1
2023-02-21,S10,A,229.89,12,0,0,1,759.0
2023-12-05,S01,C,338.56,20,0,0,1,946.4
2024-01-03,S07,A,108.85,6,0,0,2,1109.6
2024-08-25,S01,C,270.62,15,0,0,6,1041.8
2024-06-01,S10,A,207.52,9,0,0,5,538.7
2023-06-10,S08,A,124.65,6,0,0,5,944.8
2023-12-28,S01,C,295.41,17,0,0,3,1430.8
2024-11-28,S03,A,138.82,7,0,0,3,895.2
2023-06-30,S10,A,153.24,13,0,0,4,994.0
2023-03-21,S02,A,343.21,12,0,0,1,1150.5
2023-03-21,S03,A,111.43,6,0,0,1,892.1
2024-08-23,S09,C,127.19,5,0,0,4,1272.0
2023-07-05,S06,A,106.57,4,0,0,2,1207.0
2023-07-18,S01,C,268.84,13,0,0,1,603.7
2023-11-20,S04,C,276.33,12,0,0,0,553.2
2023-12-26,S09,C,143.13,13,0,0,1,1255.9
2023-04-04,S04,C,234.01,6,0,0,1,1090.3
2024-02-01,S04,C,230.37,7,0,0,3,785.6
2024-06-26,S08,A,135.24,5,0,0,2,840.2
2024-11-09,S06,A,175.48,5,0,0,5,473.6
2024-02-22,S10,A,159.61,9,0,0,3,1097.3
2024-02-07,S07,A,107.28,4,0,0,2,1502.9
2024-10-09,S04,C,208.42,9,0,0,2,658.4
2024-02-16,S07,A,93.15,5,0,0,4,803.0
2023-04-09,S09,C,134.84,6,0,0,6,1366.9
2024-07-17,S05,B,195.92,11,0,0,2,998.0
2023-12-12,S04,C,280.15,17,0,0,1,1036.7
2024-10-29,S06,A,123.73,7,0,0,1,1412.6
2024-01-13,S09,C,140.22,6,0,0,5,572.5
2024-10-08,S07,A,114.03,4,0,0,1,587.7
2023-11-06,S04,C,305.99,14,0,1,0,907.9
2023-11-12,S06,A,186.42,17,0,0,6,625.1
2024-05-21,S10,A,242.57,12,0,0,1,1135.8
2023-11-17,S02,A,418.61,15,0,0,4,886.1
2024-08-12,S08,A,144.19,8,0,0,0,983.2
2023-04-20,S09,C,119.04,4,0,0,3,637.9
2024-08-29,S10,A,178.73,6,0,0,3,1092.4
2023-10-12,S05,B,248.36,9,0,0,3,1144.0
2023-03-30,S07,A,113.88,8,0,0,3,1051.6
2024-12-22,S02,A,414.61,31,0,0,6,1431.4
2024-07-20,S07,A,111.09,6,0,0,5,1225.4
2023-02-21,S06,A,93.25,4,0,0,1,1140.6
2024-11-05,S06,A,127.81,4,0,1,1,1011.3
2024-04-28,S04,C,368.3,18,1,0,6,1202.8
2023-05-26,S04,C,232.84,14,0,0,4,1204.1
2023-12-22,S04,C,345.17,16,0,0,4,646.4
2023-12-27,S10,A,207.06,12,0,0,2,1084.3
2024-04-11,S06,A,110.38,6,0,0,3,1185.5
2023-09-08,S07,A,130.22,5,0,0,4,286.3
2023-10-27,S05,B,241.07,12,0,0,4,970.4
2024-02-04,S10,A,255.04,16,1,0,6,1251.4
2024-11-23,S07,A,178.86,7,0,0,5,823.4
2023-04-01,S07,A,129.43,4,0,0,5,822.3
2023-01-03,S09,C,126.03,5,0,0,1,757.5
2024-09-19,S04,C,275.62,15,1,0,3,760.5
2023-09-08,S08,A,146.38,6,0,0,4,524.2
2023-08-31,S09,C,105.52,4,0,0,3,1374.9
2024-05-19,S04,C,272.02,19,0,0,6,531.4
2024-06-18,S07,A,99.21,4,0,0,1,789.2
2023-03-18,S03,A,139.5,8,0,0,5,1235.0
2024-01-10,S08,A,119.94,5,0,0,2,1341.4
2024-04-26,S02,A,313.69,10,0,0,4,1073.2
2023-01-29,S05,B,295.93,10,0,0,6,808.8
2023-03-10,S07,A,108.77,4,0,0,4,1078.8
2024-11-06,S06,A,100.53,6,0,1,2,1101.4
2023-08-24,S04,C,265.85,11,0,0,3,1206.1
2024-08-10,S10,A,208.65,17,0,0,5,730.1
2024-09-20,S02,A,327.05,15,0,0,4,1080.8
2023-01-03,S02,A,361.06,13,0,0,1,641.1
2023-10-03,S03,A,157.82,8,1,0,1,1336.5
2023-03-30,S06,A,90.24,3,0,0,3,1256.4
2023-04-02,S08,A,132.86,6,0,0,6,1471.9
2023-04-15,S01,C,279.87,12,0,0,5,854.9
2024-08-13,S10,A,181.3,9,0,0,1,1225.3
2023-05-07,S06,A,124.28,5,0,0,6,902.3
2024-04-02,S10,A,175.01,16,0,0,1,1335.1
2024-09-27,S08,A,142.46,7,0,0,4,1110.6
2024-11-10,S06,A,162.08,9,0,0,6,863.5
2023-01-28,S08,A,140.5,8,0,0,5,724.4
2024-05-23,S05,B,220.33,12,0,0,3,1144.3
2023-07-28,S05,B,176.69,9,0,0,4,1791.4
2023-05-05,S06,A,103.15,5,0,0,4,963.4
2023-08-27,S03,A,99.06,3,0,0,6,1176.9
2023-02-27,S02,A,264.26,13,0,0,0,1254.2
2023-05-24,S06,A,135.36,5,1,0,2,520.6
2024-01-26,S03,A,145.21,5,0,0,4,772.4
2024-05-23,S10,A,194.99,12,0,0,3,1426.5
2023-05-05,S08,A,134.35,6,0,0,4,1156.4
2024-08-16,S08,A,119.22,5,0,0,4,1338.4
2024-04-13,S02,A,376.38,23,0,0,5,767.4
2023-12-19,S07,A,122.66,8,0,0,1,1116.6
2023-09-09,S05,B,280.02,11,0,0,5,1238.5
2024-06-28,S06,A,114.44,6,0,0,4,173.6
2023-04-11,S08,A,161.48,6,1,0,1,861.1
2024-04-22,S01,C,225.17,12,0,0,0,1008.2
2024-03-30,S04,C,265.1,23,0,0,5,463.3
2024-07-04,S03,A,114.59,5,0,0,3,1146.4
2024-09-25,S03,A,128.75,6,0,0,2,1081.1
2023-07-26,S05,B,226.36,35,0,0,2,797.9
2024-06-19,S03,A,127.44,6,0,0,2,1006.0
2024-07-31,S01,C,300.01,12,0,0,2,864.8
2023-06-19,S01,C,226.08,9,0,0,0,646.3
2024-09-23,S02,A,280.44,13,0,0,0,1021.2
2024-06-18,S04,C,208.6,14,0,0,1,1439.9
2023-07-18,S06,A,92.06,4,0,0,1,1257.4
2023-01-30,S05,B,239.02,10,0,0,0,853.2
2023-06-04,S08,A,132.88,4,0,0,6,1038.6
2023-07-21,S03,A,89.3,3,0,0,4,1258.8
2023-02-28,S09,C,117.28,3,0,0,1,926.2
2023-11-29,S10,A,216.07,13,0,0,2,467.2
2023-08-29,S04,C,281.26,15,0,0,1,1346.4
2023-08-01,S10,A,221.07,9,0,0,1,573.3
2024-02-04,S09,C,124.35,6,0,0,6,1135.4
2024-10-02,S03,A,123.92,6,0,0,2,1018.9
2024-01-10,S02,A,370.91,60,0,0,2,501.5
2023-12-17,S09,C,174.02,10,0,0,6,1068.5
2023-09-29,S10,A,207.46,12,0,0,4,689.2
2024-03-28,S02,A,362.93,21,1,0,3,888.2
2024-05-30,S01,C,244.69,13,0,0,3,1551.4
2024-10-27,S09,C,168.46,10,0,0,6,680.7
2024-11-03,S02,A,405.43,24,0,0,6,1079.6
2023-02-25,S07,A,126.45,6,0,0,5,1252.2
2024-04-24,S06,A,96.19,5,0,0,2,1076.6
2023-09-04,S10,A,133.18,5,0,0,0,1209.8
2024-01-09,S09,C,142.39,5,0,0,1,1152.0
2024-03-04,S07,A,85.09,3,0,0,0,1003.1
2024-11-24,S03,A,208.53,12,0,0,6,404.9
2024-06-12,S10,A,169.21,7,0,0,2,1026.8
2023-06-21,S07,A,96.97,3,0,0,2,1224.0
2023-09-18,S05,B,195.89,9,0,0,0,1046.5
2024-08-25,S07,A,133.79,6,0,0,6,595.6
2023-06-20,S05,B,163.64,8,0,0,1,988.0
2023-08-02,S10,A,183.85,9,0,0,2,1442.8
2023-11-20,S10,A,241.13,14,0,0,0,680.3
2023-08-27,S04,C,300.02,12,0,0,6,778.7
2024-03-07,S02,A,352.8,26,0,0,3,997.3
2023-05-09,S06,A,90.99,3,0,0,1,954.6
2024-09-14,S05,B,282.22,25,1,0,5,1365.6
2024-10-15,S03,A,128.86,5,0,0,1,1092.2
2024-01-29,S01,C,309.95,11,0,0,0,534.7
2024-07-06,S09,C,98.33,6,0,0,5,635.3
2023-06-09,S02,A,201.39,8,0,0,4,1005.8
2024-12-21,S06,A,163.97,6,0,0,5,789.2
2024-10-09,S07,A,93.66,3,0,0,2,397.8
2023-08-05,S03,A,125.85,5,0,0,5,931.6
2023-08-28,S07,A,78.56,3,0,0,0,915.1
2023-02-01,S08,A,110.88,4,0,0,2,1105.6
2024-10-18,S02,A,236.25,11,0,0,4,1450.8
2023-11-08,S02,A,378.05,19,0,0,2,1261.5
2024-06-07,S04,C,285.32,12,1,0,4,694.6
2024-08-06,S09,C,132.58,6,0,0,1,692.2
2024-12-10,S03,A,158.29,8,0,0,1,1214.1
2024-02-08,S07,A,102.91,4,0,0,3,1033.4
2023-03-21,S06,A,109.48,7,0,0,1,772.5
2023-10-30,S01,C,245.99,11,0,0,0,969.4
2023-06-21,S02,A,221.2,10,0,0,2,1136.1
2023-12-05,S08,A,166.18,8,0,0,1,949.4
2023-01-04,S07,A,105.38,10,0,0,2,1077.3
2024-03-30,S10,A,200.01,8,0,0,5,386.7
2023-04-02,S04,C,268.65,12,0,0,6,1256.2
2024-06-13,S06,A,118.0,6,0,0,3,1138.0
2024-02-02,S03,A,137.77,6,0,0,4,1232.2
2024-06-21,S01,C,255.12,9,0,0,4,947.0
2024-02-18,S04,C,373.65,15,1,0,6,849.6
2023-04-08,S05,B,251.47,12,0,0,5,941.6
2023-04-09,S04,C,330.96,13,0,0,6,510.9
2024-08-19,S08,A,112.72,7,0,0,0,882.2
2023-05-22,S09,C,170.07,10,1,0,0,1070.2
2023-06-06,S01,C,217.33,7,0,0,1,930.6
2024-02-18,S06,A,136.92,8,0,0,6,1031.1
2024-08-05,S08,A,134.07,7,0,0,0,740.0
2024-03-02,S06,A,110.21,6,0,0,5,1007.3
2023-05-16,S06,A,114.46,5,0,0,1,810.1
2024-11-15,S02,A,466.72,35,0,0,4,663.7
2024-11-23,S10,A,223.49,11,0,0,5,830.2
2023-04-09,S08,A,147.4,10,0,0,6,817.4
2023-09-26,S03,A,153.61,11,1,0,1,811.2
2024-05-19,S08,A,127.27,5,0,0,6,697.5
2023-06-14,S01,C,219.37,9,0,0,2,1499.1
2023-05-10,S01,C,279.48,19,0,0,2,582.9
2024-01-04,S02,A,293.58,12,0,0,3,1322.5
2023-05-19,S01,C,371.73,16,1,0,4,1185.7
2023-07-13,S04,C,223.66,11,0,0,3,805.2
2024-04-12,S06,A,95.6,5,0,0,4,1485.2
2024-09-06,S10,A,199.45,12,0,0,4,1170.5
2023-11-13,S01,C,269.01,20,0,0,0,1175.2
2023-07-23,S01,C,258.41,13,0,0,6,1223.6
2023-03-31,S03,A,103.88,5,0,0,4,1104.9
2024-05-02,S07,A,132.32,8,0,0,3,777.6
2024-02-11,S10,A,241.82,16,0,0,6,1176.3
2024-03-01,S06,A,105.3,5,0,0,4,1185.8
2023-01-01,S03,A,150.58,8,0,0,6,1473.8
2023-07-30,S10,A,274.25,13,1,0,6,1185.7
2023-03-26,S10,A,248.81,8,0,0,6,830.6
2023-10-01,S08,A,167.35,11,1,0,6,1192.5
2023-09-04,S07,A,116.82,6,0,0,0,1114.4
2023-07-11,S05,B,161.7,14,0,0,1,1006.1
2023-06-09,S07,A,104.88,5,0,0,4,372.9
2023-07-11,S04,C,270.79,18,1,0,1,1029.7
2024-05-28,S10,A,183.29,10,0,0,1,902.5
2024-11-19,S02,A,398.49,17,0,0,1,1372.9
2023-10-01,S07,A,135.92,5,0,0,6,676.7
2023-03-14,S07,A,121.12,6,1,0,1,1607.1
2023-01-06,S04,C,198.53,8,0,0,4,1197.0
2023-06-29,S07,A,95.46,5,1,0,3,600.8
2024-01-20,S06,A,137.73,6,0,0,5,1418.5
2023-09-13,S04,C,282.1,13,0,0,2,748.1
2023-10-08,S01,C,332.23,14,0,0,6,1070.2
2023-04-04,S07,A,96.0,4,0,0,1,1274.6
2024-08-25,S05,B,222.57,13,0,0,6,1111.0
2023-03-24,S05,B,189.23,8,0,0,4,764.2
2024-03-08,S02,A,235.67,13,0,0,4,1479.6
2023-12-07,S02,A,464.31,17,1,0,3,1016.6
2023-05-19,S10,A,212.21,12,0,0,4,926.1
2023-12-23,S05,B,282.05,12,0,0,5,1320.6
2023-03-30,S05,B,238.97,14,0,0,3,1153.2
2024-06-26,S10,A,178.81,6,0,0,2,845.0
2024-05-01,S08,A,125.06,5,0,0,2,1566.4
2023-07-06,S09,C,116.58,8,0,0,3,1125.6
2024-06-02,S02,A,302.52,16,0,0,6,763.7
2023-01-02,S01,C,306.75,15,0,0,0,819.5
2023-12-08,S06,A,112.2,4,0,0,4,844.0
2024-06-26,S02,A,374.5,15,1,0,2,975.0
2023-05-27,S04,C,275.54,11,0,0,5,1175.6
2023-03-22,S07,A,111.0,4,1,0,2,1117.2
2024-08-18,S09,C,150.25,8,0,0,6,241.6
2024-07-28,S07,A,139.13,6,0,0,6,835.8
2024-02-11,S09,C,187.19,7,1,0,6,1444.4
2023-07-30,S09,C,113.51,6,0,0,6,852.5
2024-09-08,S10,A,209.51,11,0,0,6,970.0
2024-12-25,S07,A,100.79,4,0,0,2,1155.9
2023-08-12,S05,B,232.0,12,0,0,5,334.1
2023-04-07,S04,C,231.87,24,0,0,4,1114.9
2024-03-25,S05,B,200.54,12,0,0,0,1432.0
2023-09-21,S03,A,119.76,9,0,0,3,1399.1
2023-03-12,S05,B,275.43,11,1,0,6,1012.3
2023-02-13,S02,A,285.31,14,0,0,0,1251.5
2024-03-14,S09,C,121.53,5,0,0,3,728.7
2023-01-15,S06,A,148.58,11,0,0,6,1022.2
2023-07-23,S04,C,231.65,10,0,0,6,784.6
2024-09-05,S04,C,226.72,20,1,0,3,1265.6
2023-04-27,S06,A,107.57,5,0,0,3,1580.5
2023-12-17,S01,C,378.93,15,0,0,6,1462.4
2023-07-25,S01,C,186.82,11,0,0,1,1567.7
2024-01-12,S01,C,219.83,11,0,0,4,1640.6
2023-09-20,S05,B,166.74,4,0,0,2,1859.6
2024-03-24,S05,B,267.67,16,0,0,6,662.6
2024-03-19,S06,A,104.9,8,0,0,1,839.6
2024-08-05,S03,A,111.7,8,0,0,0,920.3
2024-07-20,S03,A,143.67,6,0,0,5,1055.8
2024-03-12,S02,A,317.18,17,0,0,1,775.7
2023-08-31,S05,B,202.72,7,0,0,3,1271.5
2023-05-07,S03,A,131.68,6,0,0,6,1094.9
2023-06-27,S02,A,254.93,13,0,0,1,1056.5
2023-12-18,S02,A,273.33,19,0,0,0,1244.7
2023-01-28,S02,A,397.24,31,0,0,5,1059.0
2024-04-24,S03,A,165.26,7,0,0,2,825.9
2024-12-28,S08,A,180.29,11,1,0,5,1161.7
2023-01-25,S05,B,170.11,6,0,0,2,1122.5
2024-12-09,S06,A,157.94,7,1,0,0,915.6
2024-04-02,S03,A,136.23,6,0,0,1,1284.0
2023-07-23,S03,A,143.93,6,0,0,6,657.0
2024-11-04,S08,A,147.36,8,0,1,0,1009.5
2024-07-31,S06,A,91.27,4,0,0,2,980.3
2023-03-23,S04,C,303.86,11,0,0,3,518.0
2024-01-17,S01,C,270.75,29,0,0,2,919.4
2024-12-26,S03,A,165.31,5,0,0,3,965.0
2024-08-16,S04,C,274.42,13,0,0,4,788.2
2023-06-30,S05,B,225.36,13,0,0,4,770.7
2024-09-12,S10,A,162.63,10,0,0,3,1292.5
2024-03-10,S07,A,138.72,8,0,0,6,1210.6
2023-09-04,S02,A,297.47,13,0,0,0,761.2
2023-02-24,S06,A,97.99,4,0,0,4,878.9
2023-11-21,S02,A,338.54,18,0,0,1,1007.2
2023-03-15,S09,C,136.13,7,0,0,2,859.0
2023-02-01,S01,C,323.08,25,0,0,2,833.4
2023-12-19,S02,A,478.92,37,0,0,1,954.4
2023-04-24,S02,A,366.08,28,0,0,0,977.3
2024-07-08,S06,A,119.59,7,0,0,0,750.7
2024-12-20,S06,A,125.51,6,0,0,4,1453.3
2024-02-16,S02,A,215.19,16,0,0,4,1201.2
2023-10-04,S10,A,156.48,8,0,0,2,1573.5
2023-04-03,S01,C,213.19,8,0,0,0,1188.9
2024-09-04,S03,A,132.87,7,0,0,2,1051.7
2023-12-25,S08,A,142.44,5,0,0,0,1130.0
2024-01-31,S10,A,246.42,14,1,0,2,908.4
2023-01-04,S09,C,134.84,6,0,0,2,942.3
2024-03-21,S10,A,223.8,9,0,0,3,854.0
2024-03-03,S09,C,125.82,8,0,0,6,1148.9
2023-10-26,S04,C,232.39,16,0,0,3,1167.9
2024-06-13,S01,C,256.89,14,0,0,3,636.2
2024-12-30,S03,A,147.97,7,0,0,0,1455.0
2024-06-05,S08,A,156.97,7,1,0,2,1056.5
2023-09-24,S08,A,153.35,6,0,0,6,848.9
2023-11-19,S04,C,404.48,18,1,0,6,1080.6
2023-04-29,S03,A,212.5,14,1,0,5,1206.1
2024-10-25,S04,C,286.02,16,1,0,4,1178.7
2023-03-03,S05,B,226.73,10,0,0,4,835.4
2024-12-18,S06,A,141.26,7,0,0,2,1076.6
2023-05-27,S07,A,163.05,7,1,0,5,1324.0
2024-03-25,S08,A,118.12,6,0,0,0,1227.8
2023-11-01,S03,A,136.92,5,0,0,2,1171.3
2023-04-04,S05,B,188.59,9,0,0,1,1104.9
2023-08-30,S10,A,168.64,5,0,0,2,1194.7
2024-05-23,S06,A,122.03,4,0,0,3,921.7
2024-10-21,S06,A,104.9,8,0,0,0,1677.5
2024-08-15,S02,A,318.58,19,0,0,3,1447.8
2024-04-27,S03,A,136.94,12,0,0,5,1532.5
2023-03-24,S07,A,124.48,7,0,0,4,598.4
2023-06-02,S02,A,302.57,17,0,0,4,1065.8
2023-10-21,S01,C,309.53,15,0,0,5,365.6
2024-02-28,S03,A,118.98,9,0,0,2,1427.0
2023-03-04,S09,C,153.41,9,0,0,5,992.1
2024-03-19,S01,C,260.37,11,0,0,1,1512.3
2024-01-21,S04,C,288.04,20,0,0,6,665.2
2023-02-09,S01,C,255.06,12,0,0,3,1227.7
2024-03-10,S06,A,146.12,8,0,0,6,1256.3
2024-12-12,S10,A,219.6,14,0,0,3,1174.1
2024-02-04,S01,C,240.41,15,0,0,6,1078.8
2023-02-10,S01,C,241.72,11,0,0,4,1037.6
2024-04-25,S07,A,86.83,4,0,0,3,1291.2
2024-05-28,S06,A,104.71,5,0,0,1,1139.9
2024-08-13,S04,C,264.96,11,0,0,1,1179.0
2023-12-02,S10,A,284.35,19,0,0,5,676.5
2023-01-05,S07,A,88.07,4,0,0,3,1244.1
2024-07-19,S08,A,125.36,8,0,0,4,943.2
2024-12-01,S09,C,187.36,10,0,0,6,673.2
2024-12-21,S01,C,312.31,16,0,0,5,1121.4
2023-12-31,S03,A,175.31,11,0,0,6,768.6
2024-01-08,S07,A,106.41,34,0,0,0,891.5
2024-10-31,S01,C,333.85,16,1,0,3,1223.1
2024-06-04,S09,C,151.75,8,0,0,1,941.9
2024-06-15,S10,A,206.25,12,0,0,5,1250.2
2024-12-09,S10,A,237.83,9,0,0,0,1226.6
2023-08-31,S02,A,284.21,17,0,0,3,1407.8
2024-07-14,S05,B,192.82,11,0,0,6,1177.9
2023-06-25,S01,C,260.27,14,0,0,6,710.3
2024-12-07,S03,A,197.43,10,0,0,5,1379.0
2024-09-02,S01,C,213.78,15,0,0,0,1115.1
2024-02-11,S03,A,139.14,10,0,0,6,1122.8
2023-02-03,S09,C,120.5,7,0,0,4,1520.8
2023-01-22,S06,A,85.53,4,0,0,6,918.2
2024-01-02,S04,C,220.5,9,0,0,1,1241.5
2023-05-15,S02,A,260.27,14,0,0,0,1235.1
2024-10-30,S04,C,188.81,10,0,0,2,514.6
2024-12-08,S02,A,521.99,21,0,0,6,1055.8
2024-01-25,S05,B,198.78,7,0,0,3,1585.6
2023-12-31,S01,C,272.03,9,0,0,6,1487.6
2023-02-02,S10,A,174.47,8,0,0,3,1263.2
2024-07-28,S10,A,214.84,8,1,0,6,978.0
2023-10-28,S05,B,359.57,18,1,0,5,243.7
2024-11-28,S08,A,98.74,3,0,0,3,1229.8
2023-11-08,S06,A,136.44,5,0,0,2,951.5
2024-12-07,S06,A,127.92,6,0,0,5,570.6
2023-08-21,S03,A,126.06,6,0,0,0,826.5
2024-02-24,S08,A,159.97,4,1,0,5,1422.0
2023-12-21,S10,A,211.53,17,0,0,3,1100.5
2023-05-26,S09,C,131.98,16,0,0,4,1298.3
2023-01-18,S02,A,302.04,12,0,0,2,727.7
2024-02-25,S04,C,270.09,9,0,0,6,1093.0
2024-09-03,S10,A,197.35,6,0,0,1,737.4
2023-12-23,S10,A,264.31,15,0,0,5,731.9
2024-02-27,S07,A,104.59,4,0,0,1,1311.6
2024-05-30,S09,C,131.56,6,0,0,3,736.3
2024-08-26,S05,B,179.15,7,0,0,0,1403.5
2024-12-14,S03,A,149.21,4,0,0,5,395.2
2023-04-04,S09,C,128.52,5,0,0,1,1549.8
2023-01-07,S01,C,256.32,17,0,0,5,1187.7
2023-05-05,S01,C,293.5,24,0,0,4,1298.7
2024-05-28,S07,A,121.76,6,0,0,1,955.5
2024-09-02,S07,A,91.29,4,0,0,0,762.6
2023-08-01,S01,C,278.0,15,0,0,1,1269.5
2023-06-02,S05,B,175.25,10,0,0,4,1242.7
2023-01-16,S04,C,289.25,14,0,0,0,640.6
2023-02-18,S02,A,398.36,23,0,0,5,611.0
2024-03-22,S01,C,282.03,12,0,0,4,1248.1
2024-01-28,S01,C,322.78,28,0,0,6,1020.5
2023-06-26,S03,A,137.39,8,0,0,0,634.9
2023-03-17,S01,C,304.9,23,0,0,4,961.7
2023-06-28,S06,A,75.0,4,0,0,2,1268.5
2024-08-30,S06,A,104.09,4,0,0,4,672.8
2024-03-26,S02,A,328.09,12,0,0,1,1161.4
2024-04-30,S04,C,273.7,22,0,0,1,902.3
2023-09-29,S02,A,230.19,11,0,0,4,1549.8
2024-08-13,S06,A,120.94,6,0,0,1,1128.8
2024-02-24,S04,C,294.4,16,0,0,5,657.4
2023-05-14,S04,C,235.31,11,0,0,6,1108.2
2024-10-12,S07,A,132.11,6,0,0,5,641.5
2023-10-13,S05,B,213.32,25,0,0,4,1278.4
2023-01-19,S07,A,125.32,5,1,0,3,1118.3
2023-04-24,S07,A,128.88,7,0,0,0,933.3
2023-07-25,S09,C,110.44,5,0,0,1,1101.2
2024-09-04,S08,A,143.8,9,0,0,2,926.0
2024-09-04,S02,A,267.23,15,0,0,2,1899.2
2023-01-15,S09,C,170.58,7,0,0,6,608.7
2024-02-17,S05,B,216.3,13,0,0,5,1161.4
2024-05-03,S10,A,158.26,10,0,0,4,1653.3
2024-08-14,S07,A,105.9,5,0,0,2,1426.8
2023-12-03,S04,C,281.01,19,0,0,6,1451.8
2024-04-23,S09,C,156.75,9,0,0,1,619.0
2023-10-14,S07,A,135.9,7,0,0,5,679.4
2024-01-13,S07,A,121.72,5,0,0,5,761.0
2023-05-19,S07,A,112.33,5,0,0,4,805.1
2024-11-21,S04,C,250.64,14,1,0,3,900.0
2024-08-27,S05,B,211.71,8,0,0,1,1846.6
2024-07-23,S06,A,93.9,8,0,0,1,1188.8
2023-12-29,S10,A,271.44,11,0,0,4,746.6
2024-10-19,S08,A,150.17,8,0,0,5,1006.2
2024-04-24,S08,A,116.68,5,0,0,2,1360.4
2023-10-30,S09,C,108.5,3,0,0,0,1412.7
2023-10-24,S10,A,269.41,11,1,0,1,538.7
2024-09-27,S07,A,118.95,8,0,0,4,1053.9
2023-06-20,S09,C,102.82,5,0,0,1,1206.7
2023-10-23,S04,C,249.43,12,0,0,0,455.5
2023-02-15,S05,B,191.6,7,0,0,2,1035.9
2023-03-02,S10,A,172.16,8,0,0,3,1423.3
2024-03-02,S04,C,267.99,9,0,0,5,1292.6
2024-04-27,S07,A,139.88,8,0,0,5,788.3
2024-09-11,S06,A,179.73,11,1,0,2,664.8
2023-07-27,S05,B,241.77,10,0,0,3,973.9
2024-02-10,S03,A,161.56,9,0,0,5,1031.8
2024-08-17,S01,C,207.29,15,0,0,5,919.6
2023-06-12,S03,A,109.76,5,0,0,0,1057.3
2024-04-13,S04,C,362.24,22,1,0,5,711.9
2024-07-03,S08,A,100.61,5,0,0,2,1258.1
2024-08-02,S07,A,144.04,9,1,0,4,1516.6
2024-10-02,S06,A,138.32,16,0,0,2,880.5
2023-01-05,S01,C,219.44,8,0,0,3,1237.3
2024-07-01,S06,A,83.42,6,0,0,0,1308.7
2023-07-28,S10,A,179.16,7,0,0,4,1290.6
2024-01-28,S05,B,257.37,9,0,0,6,1173.7
2023-08-06,S06,A,117.98,5,0,0,6,1084.9
2023-01-08,S05,B,195.46,11,0,0,6,1205.9
2024-08-07,S09,C,118.92,5,0,0,2,538.1
2024-12-21,S10,A,236.68,10,0,0,5,702.8
2023-09-23,S08,A,136.2,7,0,0,5,1193.4
2023-11-15,S01,C,281.85,11,0,0,2,1098.6
2023-07-27,S07,A,85.88,4,0,0,3,1248.8
2023-02-14,S02,A,305.21,30,0,0,1,1146.0
2023-07-25,S02,A,316.89,14,0,0,1,738.8
2023-09-12,S02,A,426.88,17,0,0,1,780.4
2023-05-11,S02,A,388.03,21,0,0,3,717.2
2023-12-10,S01,C,309.52,19,0,0,6,700.4
2023-05-11,S05,B,186.21,14,0,0,3,1302.8
2023-01-24,S07,A,143.13,6,0,0,1,375.4
2024-09-25,S07,A,105.66,8,0,0,2,1239.5
2023-09-17,S10,A,222.8,20,0,0,6,904.1
2024-04-06,S07,A,139.74,9,0,0,5,1044.1
2023-09-15,S04,C,241.72,8,0,0,4,629.3
2023-11-25,S01,C,433.32,25,0,0,5,667.9
2023-11-15,S07,A,127.61,6,0,0,2,827.6
2024-01-31,S04,C,243.87,16,0,0,2,1008.5
2023-10-04,S09,C,135.37,10,0,0,2,1249.4
2024-04-28,S02,A,380.12,42,0,0,6,1195.6
2024-02-27,S04,C,247.9,12,0,0,1,513.3
2023-07-30,S07,A,104.79,4,0,0,6,1287.2
2023-09-25,S10,A,235.81,7,1,0,0,578.9
2023-10-04,S02,A,313.19,12,0,0,2,117.1
2024-04-13,S09,C,158.96,6,0,0,5,984.3
2024-06-23,S10,A,232.45,11,1,0,6,839.1
2023-05-19,S08,A,125.45,11,0,0,4,1143.9
2024-11-16,S08,A,137.36,6,0,0,5,870.2
2024-10-23,S04,C,296.52,12,0,0,2,294.2
2024-08-10,S06,A,147.0,4,0,0,5,999.0
2024-12-05,S10,A,290.4,21,0,0,3,456.9
2024-05-15,S01,C,257.29,12,0,0,2,957.0
2023-05-08,S10,A,154.39,8,0,0,0,1113.9
2024-10-14,S04,C,219.11,12,0,0,0,1073.3
2024-12-17,S01,C,306.99,11,0,0,1,676.0
2023-06-05,S06,A,86.28,3,0,0,0,952.7
2024-10-22,S09,C,146.89,10,0,0,1,731.3
2023-11-16,S01,C,292.43,16,0,0,3,887.2
2024-04-01,S07,A,112.84,6,0,0,0,711.5
2024-04-25,S03,A,108.11,6,0,0,3,1112.5
2024-11-16,S03,A,191.55,10,0,0,5,833.9
2024-04-29,S02,A,318.12,11,0,0,0,1356.1
2023-12-26,S05,B,297.92,10,0,0,1,777.7
2023-07-12,S01,C,244.77,16,0,0,2,1008.8
2023-02-21,S04,C,264.96,9,0,0,1,138.3
2024-02-22,S08,A,140.94,5,0,0,3,832.8
2023-05-11,S09,C,125.32,5,0,0,3,921.2
2024-07-20,S08,A,158.44,8,0,0,5,1054.6
2023-04-02,S05,B,267.2,36,0,0,6,1013.1
2023-12-12,S03,A,115.92,6,0,0,1,1149.9
2024-01-05,S06,A,111.54,5,0,0,4,990.1
2024-02-29,S03,A,120.29,5,0,0,3,1244.4
2023-11-12,S07,A,151.99,6,0,0,6,794.6
2023-08-08,S09,C,163.19,9,0,0,1,447.9
2023-03-19,S05,B,294.51,14,0,0,6,1137.3
2024-03-18,S06,A,106.41,5,0,0,0,565.8
2023-04-05,S04,C,188.32,12,0,0,2,890.0
2023-03-24,S03,A,135.76,5,0,0,4,771.0
2024-05-15,S06,A,94.81,4,0,0,2,1283.9
2024-03-03,S08,A,154.81,5,0,0,6,798.6
2023-01-17,S05,B,194.93,7,0,0,1,1023.2
2024-07-15,S10,A,150.42,6,0,0,0,1163.4
2024-03-30,S08,A,127.5,9,0,0,5,880.2
2024-02-03,S04,C,408.38,56,1,0,5,639.8
2023-09-11,S09,C,98.56,4,0,0,0,1451.5
2024-11-27,S08,A,226.18,16,1,0,2,887.3
2023-05-12,S02,A,375.95,17,1,0,4,1228.3
2024-06-04,S08,A,122.32,6,0,0,1,776.4
2024-10-26,S06,A,108.66,3,0,0,5,628.1
2024-06-22,S04,C,252.36,9,0,0,5,666.7
2024-09-01,S03,A,152.32,11,0,0,6,835.1
2024-11-09,S01,C,415.28,16,0,0,5,202.2
2023-11-27,S01,C,291.08,20,0,0,0,1280.4
2023-11-28,S01,C,286.26,12,0,0,1,788.3
2023-02-02,S08,A,114.91,5,0,0,3,1127.6
2024-08-11,S07,A,141.97,7,0,0,6,829.9
2023-09-07,S01,C,235.33,17,0,0,3,1284.4
2024-11-15,S06,A,164.42,9,1,0,4,785.5
2024-03-16,S09,C,198.29,9,0,0,5,1313.3
2023-03-25,S03,A,146.69,6,0,0,5,916.3
2023-11-04,S10,A,252.08,18,0,1,5,498.7
2023-12-13,S03,A,157.62,5,0,0,2,631.2
2024-06-13,S08,A,128.85,9,0,0,3,995.0
2024-10-02,S07,A,112.34,4,0,0,2,1235.3
2023-01-06,S05,B,185.35,7,0,0,4,1347.6
2024-02-11,S05,B,271.48,11,0,0,6,1078.3
2023-12-12,S02,A,420.9,12,0,0,1,741.9
2023-07-10,S02,A,262.16,27,0,0,0,818.8
2023-05-29,S02,A,218.66,13,0,0,0,1204.1
2024-05-02,S04,C,274.77,8,0,0,3,1184.2
2024-05-04,S06,A,114.26,6,0,0,5,1178.8
2024-02-20,S01,C,302.76,13,0,0,1,941.3
2023-11-30,S06,A,151.43,9,0,0,3,768.7
2024-05-07,S07,A,127.5,5,1,0,1,963.0
2023-04-05,S07,A,93.93,4,0,0,2,1665.6
2024-08-02,S08,A,131.19,7,0,0,4,1339.0
2023-11-26,S04,C,294.94,15,0,0,6,1513.8
2023-08-05,S02,A,491.92,15,1,0,5,900.2
2024-12-17,S07,A,107.26,4,0,0,1,1288.6
2024-05-23,S04,C,251.23,11,0,0,3,782.3
2024-09-10,S08,A,109.65,5,0,0,1,656.5
2023-11-02,S08,A,171.07,12,0,0,3,1013.4
2024-07-03,S01,C,220.38,9,0,0,2,1535.4
2023-03-18,S09,C,183.23,7,0,0,5,1598.7
2024-11-17,S09,C,176.39,9,0,0,6,847.7
2023-12-16,S06,A,144.83,5,0,0,5,1021.5
2023-01-29,S06,A,115.5,5,0,0,6,828.8
2024-12-23,S03,A,140.15,7,0,0,0,1176.6
2024-03-28,S05,B,192.57,9,0,0,3,1023.8
2024-10-12,S01,C,293.57,25,0,0,5,1099.8
2023-08-22,S03,A,117.25,5,0,0,1,1230.7
2023-09-29,S08,A,128.17,10,0,0,4,836.7
2023-07-27,S10,A,152.99,7,0,0,3,1015.8
2023-12-05,S10,A,195.95,11,0,0,1,1035.0
2023-03-14,S03,A,115.01,6,0,0,1,756.7
2023-04-06,S02,A,351.86,20,0,0,3,1066.2
2024-09-29,S03,A,151.1,10,0,0,6,974.0
2023-08-15,S03,A,107.0,7,0,0,1,1292.9
2023-04-09,S10,A,216.58,10,1,0,6,828.9
2023-11-18,S03,A,212.72,12,0,0,5,977.1
2023-06-25,S10,A,187.05,9,0,0,6,621.2
2024-08-22,S09,C,191.95,11,1,0,3,607.4
2024-03-18,S03,A,136.69,7,0,0,0,927.9
2024-07-01,S10,A,167.66,7,0,0,0,565.6
2023-06-22,S05,B,220.68,9,1,0,3,875.6
2024-06-02,S03,A,135.48,8,0,0,6,959.9
2023-02-04,S02,A,384.82,17,0,0,5,1642.7
2024-01-06,S02,A,476.85,44,1,0,5,1071.0
2024-02-29,S04,C,179.68,7,0,0,3,1122.4
2023-03-10,S09,C,118.29,15,0,0,4,1079.6
2023-12-10,S03,A,238.74,9,0,0,6,293.3
2024-06-04,S04,C,201.0,10,0,0,1,692.5
2024-05-09,S05,B,224.91,17,0,0,3,1151.2
2023-04-07,S07,A,113.03,5,0,0,4,913.8
2024-11-20,S09,C,136.28,13,0,0,2,808.0
2024-10-22,S07,A,88.66,5,0,0,1,1518.9
2023-08-09,S04,C,311.15,12,1,0,2,1061.0
2023-09-29,S04,C,211.16,12,0,0,4,1103.9
2024-04-20,S08,A,121.35,12,0,0,5,1284.3
2024-05-24,S09,C,144.46,8,0,0,4,356.8
2024-10-05,S09,C,143.41,8,0,0,5,1180.0
2024-10-30,S06,A,113.55,4,0,0,2,1262.8
2024-06-12,S01,C,206.65,12,0,0,2,1015.3
2023-12-24,S03,A,195.34,7,0,0,6,1013.9
2024-04-25,S06,A,89.44,3,0,0,3,746.2
2024-06-13,S10,A,158.12,10,0,0,3,756.2
2023-07-19,S01,C,219.58,9,0,0,2,1292.7
2024-02-17,S01,C,303.86,13,0,0,5,1462.0
2024-04-20,S10,A,247.27,11,0,0,5,677.0
2024-08-22,S03,A,100.36,3,0,0,3,1605.4
2024-06-13,S09,C,111.78,3,0,0,3,766.0
2024-09-30,S09,C,160.22,8,0,0,0,331.7
2024-05-12,S02,A,404.48,29,0,0,6,955.1
2024-11-23,S04,C,384.45,12,0,0,5,829.6
2024-05-18,S05,B,195.87,8,0,0,5,1275.2
2023-12-27,S01,C,335.96,15,0,0,2,829.7
2024-10-29,S01,C,259.4,15,0,0,1,1240.9
2024-12-28,S06,A,132.53,8,0,0,5,1423.3
2024-08-25,S02,A,382.26,15,0,0,6,1254.0
2023-02-08,S06,A,94.5,3,0,0,2,1302.9
2024-09-29,S10,A,213.79,6,0,0,6,1128.4
2024-10-29,S03,A,113.61,7,0,0,1,598.2
2023-02-23,S07,A,102.76,5,0,0,3,1096.9
2024-11-12,S06,A,107.87,10,0,0,1,1045.5
2024-05-18,S03,A,164.04,7,0,0,5,971.2
2024-02-26,S03,A,129.28,5,0,0,0,1310.8
2023-12-17,S08,A,175.8,8,1,0,6,1043.7
2023-01-21,S02,A,349.29,11,0,0,5,1406.7
2023-05-14,S03,A,158.9,5,0,0,6,376.7
2023-12-17,S03,A,141.78,6,0,0,6,882.5
2023-09-28,S09,C,144.96,5,0,0,3,900.0
2024-05-18,S02,A,368.08,14,0,0,5,1059.0
2024-04-11,S03,A,146.67,9,0,0,3,1033.1
2024-02-07,S02,A,331.82,15,0,0,2,1065.8
2023-07-05,S05,B,220.71,10,0,0,2,812.6
2024-10-15,S05,B,205.45,10,0,0,1,952.0
2023-10-15,S03,A,174.94,7,0,0,6,550.8
2023-10-31,S01,C,237.2,16,0,0,1,1209.2
2023-05-01,S06,A,87.53,4,0,0,0,1220.4
2023-06-14,S06,A,95.02,3,0,0,2,1163.0
2023-12-08,S08,A,201.31,12,1,0,4,1298.3
2023-12-14,S07,A,103.78,5,0,0,3,1331.9
2024-09-07,S01,C,331.52,20,0,0,5,814.1
2023-10-14,S02,A,334.71,14,0,0,5,1188.9
2023-06-29,S03,A,74.53,3,0,0,3,1771.6
2024-07-06,S07,A,130.21,6,0,0,5,1436.6
2024-01-15,S08,A,131.36,16,0,0,0,1123.6
2023-12-03,S09,C,173.35,7,0,0,6,742.5
2023-12-03,S08,A,135.67,8,0,0,6,1060.2
2023-12-20,S04,C,391.28,23,1,0,2,1107.7
2024-12-22,S04,C,353.52,28,0,0,6,1178.5
2024-05-25,S10,A,232.85,9,0,0,5,549.4
2023-12-11,S10,A,217.37,11,0,0,0,1419.5
2023-03-02,S04,C,209.18,10,0,0,3,1268.5
2023-11-02,S07,A,132.73,9,0,0,3,1081.8
2024-09-28,S03,A,156.42,13,0,0,5,1042.1
2023-01-13,S07,A,86.61,5,0,0,4,1656.9
2024-12-17,S09,C,208.0,9,1,0,1,986.2
2024-01-23,S07,A,114.63,4,0,0,1,1752.5
2023-10-21,S06,A,123.03,6,0,0,5,395.8
2024-06-28,S04,C,215.2,10,0,0,4,1449.7
2024-03-21,S02,A,322.72,16,0,0,3,1281.6
2023-12-20,S02,A,371.34,16,0,0,2,1250.6
2023-10-01,S01,C,271.95,13,0,0,6,1181.2
2023-03-24,S08,A,150.42,9,0,0,4,1515.8
2023-06-13,S10,A,199.73,7,0,0,1,887.3
2023-04-09,S05,B,362.32,23,1,0,6,1140.0
2023-11-25,S02,A,539.54,28,1,0,5,624.6
2024-12-27,S06,A,134.31,7,0,0,4,448.6
2023-08-07,S09,C,132.99,4,0,0,0,993.4
2024-11-04,S03,A,169.09,20,0,1,0,1051.8
2023-09-02,S04,C,370.3,15,0,0,5,857.9
2023-02-06,S03,A,120.66,6,0,0,0,1309.1
2023-08-23,S10,A,159.58,11,0,0,2,972.1
2023-02-04,S06,A,98.03,7,0,0,5,1472.2
2023-03-23,S05,B,251.57,14,0,0,3,612.3
2024-04-25,S08,A,134.45,7,0,0,3,729.3
2023-11-17,S06,A,143.07,10,0,0,4,1122.1
2024-08-29,S09,C,110.21,5,0,0,3,856.8
2024-12-01,S03,A,152.09,8,0,0,6,1285.2
2024-08-19,S02,A,300.07,14,0,0,0,1133.1
2023-11-29,S06,A,160.56,10,0,0,2,837.5
2024-02-15,S07,A,98.43,4,0,0,3,1350.6
2024-10-16,S01,C,290.68,12,0,0,2,1509.1
2023-07-31,S07,A,89.05,2,0,0,0,649.2
2023-07-03,S05,B,154.36,8,0,0,0,1049.6
2023-03-21,S04,C,202.9,13,0,0,1,1078.1
2024-12-24,S02,A,450.87,44,0,0,1,337.8
2023-09-25,S05,B,200.32,46,0,0,0,456.4
2023-01-10,S05,B,171.09,5,0,0,1,1475.8
2024-02-27,S06,A,114.83,5,0,0,1,1106.9
2024-01-11,S07,A,116.92,3,0,0,3,1328.4
2023-10-17,S02,A,279.9,11,0,0,1,1358.1
2023-08-26,S02,A,421.53,23,0,0,5,715.4
2024-08-28,S01,C,274.21,17,0,0,2,957.7
2024-10-09,S08,A,147.96,8,0,0,2,1000.0
2023-11-19,S09,C,206.81,19,0,0,6,766.1
2024-08-22,S07,A,114.13,4,0,0,3,785.1
2024-10-13,S06,A,143.91,6,0,0,6,1004.1
2024-08-25,S09,C,141.49,6,0,0,6,1128.6
2023-10-13,S04,C,208.4,8,0,0,4,1348.9
2024-11-07,S04,C,260.43,11,0,0,3,673.9
2023-10-19,S03,A,125.13,4,0,0,3,1062.1
2023-07-06,S06,A,111.35,5,0,0,3,477.2
2024-07-29,S05,B,202.35,7,0,0,0,1026.0
2024-04-06,S03,A,141.74,7,0,0,5,1270.5
2023-07-05,S08,A,117.65,6,0,0,2,840.1
2023-09-22,S06,A,76.22,2,0,0,4,1254.9
2023-08-13,S04,C,292.61,18,0,0,6,1535.2
2024-06-21,S04,C,242.51,17,0,0,4,756.3
2023-08-22,S07,A,117.86,5,0,0,1,1404.0
2023-04-06,S01,C,289.84,20,0,0,3,835.5
2023-11-03,S09,C,162.41,6,1,0,4,663.7
2023-04-23,S01,C,248.78,22,0,0,6,654.0
2023-09-17,S08,A,141.17,7,0,0,6,762.0
2023-08-09,S05,B,292.67,12,0,0,2,632.1
2023-02-11,S10,A,193.19,9,0,0,5,1125.7
2023-04-03,S03,A,130.63,7,0,0,0,989.9
2023-05-06,S05,B,286.98,13,0,0,5,756.1
2023-02-17,S08,A,140.55,8,0,0,4,1244.7
2023-07-23,S06,A,136.13,8,0,0,6,1318.9
2024-11-03,S07,A,129.69,10,0,0,6,1083.9
2024-08-01,S09,C,117.54,6,0,0,3,1234.4
2024-07-28,S03,A,186.02,9,1,0,6,561.1
2024-07-10,S08,A,144.15,6,0,0,2,473.1
2023-05-01,S03,A,145.17,10,0,0,0,766.0
2023-09-20,S07,A,145.19,10,1,0,2,825.4
2024-07-30,S06,A,113.75,6,0,0,1,1227.4
2024-12-04,S03,A,187.02,15,0,0,2,808.7
2023-07-17,S01,C,264.38,10,1,0,0,1151.7
2023-11-08,S01,C,275.42,16,0,0,2,1423.2
2024-02-06,S09,C,133.71,10,0,0,1,949.5
2023-08-04,S02,A,327.71,21,1,0,4,814.3
2024-01-04,S08,A,107.55,4,0,0,3,813.2
2024-05-06,S07,A,89.0,3,0,0,0,1033.3
2023-07-19,S08,A,103.6,4,0,0,2,1091.9
2024-02-08,S04,C,185.33,12,0,0,3,1048.7
2024-12-17,S05,B,304.17,14,0,0,1,1017.8
2023-11-02,S05,B,356.92,14,1,0,3,1201.3
2023-05-05,S09,C,132.36,14,0,0,4,701.5
2023-08-08,S03,A,117.91,5,0,0,1,817.5
2023-09-29,S03,A,145.95,12,0,0,4,727.4
2023-04-10,S03,A,104.09,4,0,0,0,1379.1
2023-08-08,S01,C,271.56,8,1,0,1,960.1
2024-04-12,S01,C,404.71,29,1,0,4,843.4
2024-05-29,S03,A,127.19,6,0,0,2,1126.3
2024-08-21,S05,B,235.43,12,0,0,2,904.1
2024-01-12,S03,A,111.69,6,0,0,4,842.9
2023-12-26,S08,A,164.41,7,0,0,1,850.9
2024-04-16,S02,A,332.53,14,0,0,1,694.0
2023-05-12,S09,C,122.91,6,0,0,4,825.8
2023-07-06,S04,C,225.35,12,1,0,3,1462.1
2023-08-23,S04,C,191.27,11,0,0,2,1096.8
2023-09-02,S10,A,204.64,7,0,0,5,613.7
2023-08-02,S07,A,112.47,5,0,0,2,868.7
2023-04-17,S06,A,122.39,11,0,0,0,436.0
2024-08-09,S09,C,178.71,8,1,0,4,212.0
2024-12-26,S01,C,296.12,27,0,0,3,941.3
2024-02-27,S08,A,142.65,11,0,0,1,1046.8
2023-09-20,S02,A,302.75,20,0,0,2,807.2
2023-01-08,S08,A,189.89,11,1,0,6,1064.9
2023-10-17,S09,C,178.94,5,1,0,1,989.6
2024-04-27,S01,C,330.16,15,0,0,5,659.5
2023-05-12,S05,B,160.29,8,0,0,4,820.9
2024-08-17,S08,A,144.85,5,0,0,5,880.7
2024-09-30,S03,A,127.25,10,0,0,0,1022.5
2023-03-29,S03,A,136.28,6,0,0,2,779.7
2024-01-21,S01,C,273.46,10,0,0,6,1375.9
2024-06-30,S09,C,159.73,11,1,0,6,1296.6
2024-08-18,S02,A,442.68,15,0,0,6,758.8
2024-11-29,S07,A,141.49,8,0,0,4,790.2
2023-10-24,S06,A,103.58,4,0,0,1,1613.7
2023-12-06,S02,A,336.83,17,0,0,2,1106.9
2024-06-25,S06,A,111.02,7,0,0,1,1255.6
2023-09-14,S01,C,225.5,11,0,0,3,1159.8
2024-12-16,S06,A,96.2,4,0,0,0,1185.6
2023-09-21,S06,A,109.98,5,0,0,3,978.7
2024-06-09,S07,A,109.24,7,0,0,6,973.5
2023-12-20,S01,C,298.16,15,0,0,2,916.2
2023-02-07,S06,A,118.86,7,0,0,1,656.1
2023-07-10,S09,C,96.25,10,0,0,0,865.6
2024-03-18,S10,A,161.82,7,0,0,0,1077.0
2024-09-24,S03,A,125.51,8,0,0,1,1235.3
2024-10-01,S02,A,262.9,15,0,0,1,1228.0
2024-02-07,S08,A,119.38,6,0,0,2,1028.4
2023-06-10,S05,B,197.36,9,0,0,5,1197.8
2023-04-22,S09,C,149.6,7,0,0,5,821.9
2024-01-03,S08,A,103.19,4,0,0,2,1172.1
2023-12-16,S01,C,435.6,24,1,0,5,1157.2
2024-12-11,S03,A,157.32,7,1,0,2,1477.9
2024-08-26,S10,A,210.11,42,0,0,0,1133.0
2023-10-23,S09,C,114.83,6,0,0,0,1139.0
2023-07-19,S05,B,185.2,6,0,0,2,1597.4
2024-12-25,S06,A,166.97,7,0,0,2,692.4
2024-09-27,S05,B,197.0,7,0,0,4,1024.6
2023-08-26,S07,A,141.95,7,0,0,5,1058.0
2024-10-31,S02,A,389.9,16,1,0,3,646.8
2023-05-15,S03,A,124.49,4,0,0,0,765.7
2023-02-02,S01,C,287.81,13,0,0,3,1192.8
2023-06-11,S10,A,187.7,9,0,0,6,1284.6
2024-01-07,S04,C,232.04,8,0,0,6,945.1
2024-10-30,S09,C,110.62,4,0,0,2,480.9
2023-07-26,S01,C,211.64,18,0,0,2,1289.2
2023-08-10,S10,A,213.41,9,1,0,3,1460.8
2023-06-17,S04,C,234.17,14,0,0,5,1119.4
2024-08-26,S09,C,124.34,12,0,0,0,1245.2
2023-01-27,S01,C,213.45,9,0,0,4,1053.3
2024-10-07,S04,C,243.39,12,0,0,0,1002.0
2023-07-23,S10,A,269.38,14,1,0,6,748.9
2024-04-23,S06,A,98.91,4,0,0,1,1557.4
2023-04-01,S02,A,348.84,13,0,0,5,1307.1
2024-01-10,S05,B,212.4,10,0,0,2,1057.8
2023-07-22,S07,A,138.01,4,0,0,5,599.0
2024-02-28,S05,B,208.08,9,0,0,2,697.6
2023-07-11,S08,A,148.09,11,0,0,1,630.1
2023-07-02,S09,C,162.66,7,0,0,6,284.7
2023-06-07,S04,C,233.19,10,0,0,2,1033.5
2024-03-17,S06,A,170.6,8,0,0,6,760.7
2024-04-19,S10,A,201.01,8,0,0,4,921.1
2024-10-03,S05,B,312.74,14,1,0,3,573.4
2024-04-10,S05,B,269.71,12,1,0,2,1125.2
2024-02-25,S09,C,174.06,8,0,0,6,299.2
2024-04-07,S08,A,174.09,5,0,0,6,735.8
2023-01-23,S05,B,201.48,15,0,0,0,897.2
2023-03-14,S04,C,253.94,12,0,0,1,1139.9
2024-10-17,S07,A,100.39,7,0,0,3,775.0
2023-04-25,S02,A,239.15,9,0,0,1,1125.5
2024-07-06,S10,A,245.03,8,0,0,5,563.4
2024-07-30,S05,B,186.83,9,0,0,1,1135.5
2024-07-09,S05,B,218.2,10,0,0,1,1073.3
2024-11-24,S02,A,452.92,28,0,0,6,1145.0
2023-10-04,S03,A,141.65,8,1,0,2,1045.5
2023-03-26,S07,A,132.45,8,0,0,6,626.3
2024-03-04,S10,A,187.18,13,0,0,0,1046.4
2024-07-10,S01,C,221.37,14,0,0,2,1118.0
2024-05-19,S03,A,151.0,8,0,0,6,1135.5
2024-09-03,S08,A,143.23,5,0,0,1,913.3
2023-09-13,S02,A,342.31,18,0,0,2,1144.8
2024-07-26,S06,A,86.84,11,0,0,4,1496.4
2023-10-20,S09,C,140.35,6,0,0,4,638.8
2023-01-12,S08,A,135.68,7,0,0,3,1442.6
2023-03-06,S06,A,142.72,6,1,0,0,549.1
2024-08-19,S07,A,102.07,6,0,0,0,790.8
2023-01-01,S04,C,245.61,13,0,0,6,1162.8
2024-02-22,S01,C,270.23,14,0,0,3,765.9
2024-08-08,S02,A,245.51,10,0,0,3,1505.2
2023-02-16,S08,A,147.64,6,0,0,3,1161.0
2023-01-01,S06,A,112.67,5,0,0,6,831.3
2024-06-18,S03,A,108.44,3,0,0,1,1100.6
2023-04-02,S10,A,193.37,8,0,0,6,772.5
2023-09-17,S06,A,125.96,7,0,0,6,1017.9
2024-03-08,S05,B,226.86,8,0,0,4,931.5
2023-04-17,S04,C,190.77,8,0,0,0,1548.9
2023-09-17,S01,C,274.88,14,0,0,6,1267.4
2023-01-25,S03,A,135.48,7,0,0,2,1005.5
2024-12-06,S08,A,157.0,7,0,0,4,1430.1
2023-04-27,S01,C,179.01,9,0,0,3,909.3
2023-10-15,S01,C,322.76,15,0,0,6,862.3
2024-01-09,S06,A,114.6,6,0,0,1,986.1
2024-10-30,S03,A,121.55,5,0,0,2,787.9
2023-08-28,S08,A,124.73,4,0,0,0,1010.0
2023-12-18,S08,A,136.85,10,0,0,0,576.9
2023-12-09,S02,A,471.29,21,0,0,5,953.1
2023-09-14,S04,C,307.85,18,1,0,3,941.2
2024-07-16,S03,A,98.61,4,0,0,1,1734.6
2023-06-10,S06,A,131.68,8,0,0,5,925.7
2024-12-05,S06,A,128.53,9,0,0,3,1017.1
2023-08-21,S05,B,213.7,7,0,0,0,1573.6
2023-09-28,S10,A,192.02,8,0,0,3,716.1
2024-10-04,S02,A,298.94,11,0,0,4,822.3
2023-05-12,S03,A,102.52,5,0,0,4,1374.9
2023-12-11,S09,C,130.9,5,0,0,0,1185.2
2024-01-17,S03,A,151.52,6,0,0,2,943.9
2024-08-31,S06,A,108.69,5,0,0,5,1668.4
2024-11-10,S04,C,272.63,28,0,0,6,1073.7
2023-08-25,S03,A,100.02,4,0,0,4,1041.4
2023-07-17,S06,A,104.55,5,0,0,0,741.8
2023-12-18,S05,B,164.31,8,0,0,0,1020.7
2023-06-26,S02,A,307.46,13,0,0,0,1179.9
2024-06-24,S02,A,231.03,13,0,0,0,1826.0
2023-10-01,S10,A,231.33,17,0,0,6,385.8
2024-07-17,S08,A,103.95,5,0,0,2,746.5
2024-11-11,S03,A,131.95,4,0,0,0,934.7
2023-09-05,S03,A,111.4,5,0,0,1,1234.6
2024-02-05,S08,A,130.9,5,0,0,0,1158.6
2024-04-16,S09,C,119.94,4,0,0,1,1173.1
2024-09-09,S08,A,147.13,10,0,0,0,938.6
2023-05-30,S04,C,188.64,8,0,0,1,1316.2
2024-02-25,S07,A,124.92,7,0,0,6,1120.1
2023-08-04,S09,C,151.08,5,0,0,4,451.1
2023-04-27,S10,A,199.3,11,0,0,3,981.7
2024-10-22,S01,C,251.3,10,0,0,1,1572.6
2023-01-24,S03,A,108.83,4,0,0,1,1097.8
2023-01-07,S07,A,106.57,4,0,0,5,1017.5
2023-06-10,S04,C,267.94,25,0,0,5,874.2
2024-09-08,S09,C,145.59,7,1,0,6,1339.4
2023-11-25,S04,C,286.03,14,0,0,5,1205.7
2023-12-26,S07,A,132.84,7,0,0,1,477.4
2024-04-08,S03,A,98.45,4,0,0,0,1352.9
2023-01-13,S06,A,155.54,7,1,0,4,769.8
2024-09-14,S10,A,206.68,10,0,0,5,976.3
2024-06-19,S01,C,211.94,17,0,0,2,1385.5
2023-05-10,S07,A,117.84,5,0,0,2,1042.9
2023-07-17,S07,A,90.85,5,0,0,0,1354.3
2024-10-22,S02,A,343.85,18,0,0,1,985.1
2024-10-17,S02,A,324.16,16,0,0,3,1010.1
2023-07-27,S06,A,82.25,3,0,0,3,901.7
2024-04-03,S01,C,226.77,13,0,0,2,978.3
2024-07-29,S01,C,235.1,10,0,0,0,457.5
2024-11-20,S10,A,223.23,10,0,0,2,1380.2
2023-11-05,S07,A,124.2,11,0,1,6,1830.5
2024-09-26,S01,C,273.2,14,0,0,3,736.7
2023-12-01,S06,A,128.53,6,0,0,4,851.4
2024-10-14,S08,A,170.4,6,1,0,0,757.1
2024-08-10,S01,C,280.04,11,0,0,5,687.6
2023-10-07,S08,A,182.65,9,0,0,5,964.8
2023-04-02,S09,C,175.89,8,1,0,6,977.8
2023-06-14,S07,A,95.86,4,1,0,2,1294.8
2024-05-27,S03,A,124.72,6,1,0,0,1543.9
2024-05-27,S07,A,85.5,3,0,0,0,1200.5
2024-05-12,S09,C,131.42,6,0,0,6,1331.3
2024-06-27,S02,A,218.96,8,0,0,3,1309.5
2024-04-07,S02,A,479.64,17,1,0,6,1033.4
2023-02-06,S05,B,251.29,10,1,0,0,1218.3
2023-11-25,S08,A,237.94,16,1,0,5,1141.8
2023-08-01,S06,A,106.92,5,0,0,1,1329.5
2024-02-17,S04,C,267.51,14,0,0,5,1201.0
2024-04-01,S10,A,150.23,6,0,0,0,1105.6
2023-02-22,S06,A,87.61,3,0,0,2,989.3
2024-04-27,S02,A,437.78,28,0,0,5,962.3
2023-01-06,S06,A,116.72,3,0,0,4,1123.8
2023-03-05,S09,C,151.05,9,0,0,6,459.7
2023-01-31,S03,A,151.48,6,0,0,1,592.0
2023-10-04,S07,A,152.74,5,1,0,2,943.8
2024-08-04,S02,A,317.49,17,0,0,6,961.3
2023-05-08,S07,A,101.84,5,0,0,0,1354.6
2024-11-15,S04,C,299.92,16,0,0,4,505.7
2024-04-17,S01,C,233.78,11,0,0,2,1317.4
2023-07-25,S06,A,114.33,5,0,0,1,816.5
2024-06-21,S07,A,105.76,5,0,0,4,1430.5
2024-05-29,S06,A,110.97,3,0,0,2,801.2
2024-03-19,S03,A,142.71,9,0,0,1,1170.0
2023-12-31,S05,B,403.32,18,1,0,6,650.2
2024-02-19,S04,C,260.1,9,0,0,0,918.1
2023-10-15,S09,C,134.55,5,0,0,6,666.3
2024-02-25,S03,A,161.6,16,0,0,6,1087.4
2024-06-01,S06,A,104.8,6,0,0,5,1329.2
2023-08-17,S07,A,123.01,7,0,0,3,814.6
2023-08-15,S02,A,340.37,19,0,0,1,920.3
2024-06-08,S01,C,272.18,18,0,0,5,1259.1
2024-10-12,S03,A,160.13,9,0,0,5,1287.9
2023-08-18,S07,A,109.83,4,0,0,4,810.0
2024-08-16,S03,A,165.84,8,0,0,4,773.5
2023-06-25,S04,C,248.77,15,0,0,6,1606.8
2024-06-03,S08,A,105.66,3,0,0,0,933.2
2023-07-16,S09,C,132.88,6,0,0,6,731.9
2024-12-24,S04,C,250.28,11,0,0,1,1234.1
2023-11-08,S08,A,136.75,6,0,0,2,1144.0
2023-08-28,S04,C,296.83,16,1,0,0,782.7
2023-02-22,S04,C,261.35,19,0,0,2,841.3
2024-07-06,S05,B,194.24,15,0,0,5,1420.0
2024-01-26,S01,C,267.47,22,0,0,4,1181.1
2024-11-11,S08,A,156.9,11,0,0,0,1120.4
2024-04-14,S10,A,254.64,12,1,0,6,1275.8
2024-07-12,S06,A,144.94,6,1,0,4,696.7
2024-10-06,S10,A,218.11,9,0,0,6,682.1
2023-11-09,S03,A,184.17,7,0,0,3,903.1
2024-02-20,S07,A,108.66,3,0,0,1,1457.9
2023-07-16,S10,A,266.68,17,0,0,6,130.1
2023-03-09,S02,A,357.35,18,0,0,3,718.0
2024-02-23,S09,C,128.9,5,0,0,4,669.2
2023-03-08,S07,A,98.88,5,0,0,2,951.1
2024-09-24,S09,C,105.33,5,0,0,1,1086.8
2023-07-08,S08,A,143.93,11,0,0,5,723.3
2023-11-23,S07,A,111.54,4,0,0,3,965.4
2023-01-29,S01,C,319.6,22,0,0,6,985.2
2023-06-21,S10,A,140.9,9,0,0,2,1875.5
2023-10-22,S08,A,146.0,7,0,0,6,1215.9
2024-03-21,S06,A,98.4,11,0,0,3,1320.2
2023-03-31,S10,A,214.65,8,0,0,4,606.3
2024-08-26,S02,A,292.61,10,0,0,0,799.3
2024-12-08,S10,A,285.37,14,0,0,6,1177.1
2024-09-01,S01,C,472.55,43,1,0,6,938.5
2024-10-02,S04,C,224.57,10,0,0,2,1323.0
2023-03-18,S01,C,294.33,11,0,0,5,482.3
2024-09-17,S05,B,202.17,8,0,0,1,645.8
2023-07-10,S07,A,69.07,3,0,0,0,1166.8
2024-02-09,S03,A,143.42,5,0,0,4,959.3
2024-01-18,S04,C,266.71,13,0,0,3,1036.8
2024-02-18,S09,C,134.49,7,0,0,6,1453.6
2024-01-17,S09,C,121.44,4,0,0,2,1732.4
2024-09-18,S10,A,181.56,9,0,0,2,1332.2
2024-03-06,S01,C,261.64,9,0,0,2,804.4
2024-07-10,S10,A,185.02,7,0,0,2,751.3
2024-09-11,S07,A,115.88,3,0,0,2,646.1
2023-09-17,S04,C,266.92,10,0,0,6,718.0
2024-02-21,S05,B,190.51,9,0,0,2,673.1
2023-10-31,S02,A,332.94,16,0,0,1,1384.4
2024-08-20,S02,A,285.78,11,0,0,1,993.2
2023-12-24,S10,A,258.16,20,0,0,6,699.9
2023-10-11,S03,A,145.07,13,0,0,2,1160.6
2024-06-28,S10,A,165.87,7,0,0,4,1105.6
2023-12-14,S03,A,150.09,6,0,0,3,1381.7
2024-09-24,S08,A,117.21,7,0,0,1,988.1
2023-01-14,S08,A,131.63,4,0,0,5,662.6
2024-05-04,S03,A,138.1,5,0,0,5,878.3
2023-08-07,S01,C,163.13,14,0,0,0,1084.0
2023-08-01,S09,C,145.24,7,0,0,1,1131.8
2023-11-14,S08,A,122.18,7,0,0,1,1369.7
2024-04-30,S05,B,195.81,13,0,0,1,1447.7
2024-04-08,S08,A,140.08,13,0,0,0,1425.1
2024-05-26,S06,A,116.67,4,0,0,6,1221.1
2024-11-22,S07,A,147.65,5,0,0,4,929.9
2024-03-02,S02,A,352.79,14,0,0,5,795.8
2024-03-10,S05,B,357.26,11,1,0,6,1049.9
2023-05-14,S02,A,258.43,12,0,0,6,1225.3
2023-07-21,S08,A,108.49,4,0,0,4,1306.0
2024-03-30,S03,A,180.5,8,0,0,5,810.2
2023-09-06,S03,A,117.86,4,0,0,2,1232.9
2023-05-16,S09,C,133.56,7,0,0,1,866.2
2024-09-16,S02,A,346.25,13,0,0,0,426.9
2023-05-13,S10,A,272.58,16,0,0,5,835.5
2024-12-20,S09,C,170.41,9,0,0,4,1358.2
2023-08-04,S01,C,290.23,20,0,0,4,918.1
2024-03-29,S01,C,317.08,26,0,0,4,723.8
2023-08-01,S03,A,95.38,6,0,0,1,926.1
2024-04-12,S04,C,225.05,14,0,0,4,960.0
2024-02-03,S02,A,433.23,21,0,0,5,1137.9
2023-05-06,S03,A,185.42,8,0,0,5,1031.0
2023-11-24,S09,C,155.38,6,0,0,4,1649.7
2023-12-04,S05,B,193.78,10,0,0,0,1209.8
2023-10-09,S05,B,220.95,10,1,0,0,929.0
2024-04-16,S10,A,259.32,15,1,0,1,1222.7
2023-07-04,S09,C,94.43,3,0,0,1,890.4
2024-04-30,S09,C,134.93,7,0,0,1,853.6
2023-10-31,S08,A,145.7,7,0,0,1,1162.0
2023-02-08,S09,C,158.11,5,0,0,2,1306.8
2023-01-24,S06,A,89.03,3,0,0,1,1181.8
2023-04-18,S08,A,127.47,4,0,0,1,392.3
2023-07-18,S05,B,223.22,9,0,0,1,785.0
2024-03-12,S04,C,198.51,9,0,0,1,1582.8
2024-02-01,S03,A,125.46,6,0,0,3,963.8
2023-03-19,S01,C,364.21,17,0,0,6,903.8
2023-08-05,S06,A,137.02,5,0,0,5,1114.4
2024-03-29,S04,C,204.36,10,0,0,4,1093.9
2023-03-09,S04,C,310.8,14,1,0,3,628.2
2023-01-25,S10,A,180.25,13,0,0,2,773.4
2024-09-21,S08,A,133.08,4,0,0,5,1102.8
2023-06-07,S05,B,189.01,9,0,0,2,1007.9
2024-09-15,S09,C,125.83,6,0,0,6,1035.4
2023-12-08,S10,A,269.95,13,1,0,4,921.3
2023-07-28,S02,A,247.06,10,0,0,4,1278.7
2023-07-02,S04,C,282.57,12,0,0,6,1037.4
2024-11-07,S01,C,299.39,14,0,0,3,769.9
2024-11-29,S06,A,122.35,4,0,0,4,1179.8
2024-03-30,S05,B,235.68,26,0,0,5,1349.0
2024-07-10,S06,A,92.23,4,0,0,2,1316.6
2023-03-13,S07,A,82.57,4,0,0,0,969.0
2024-10-13,S09,C,161.2,13,1,0,6,586.7
2024-11-12,S09,C,178.34,10,0,0,1,1154.8
2023-07-24,S09,C,104.12,5,0,0,0,1177.2
2024-08-22,S08,A,119.52,5,0,0,3,1307.3
2024-06-10,S05,B,279.71,15,1,0,0,305.1
2024-02-22,S09,C,108.87,4,0,0,3,789.1
2024-04-25,S10,A,177.17,7,0,0,3,757.5
2023-09-30,S05,B,280.47,15,1,0,5,1078.8
2024-10-22,S06,A,132.73,5,1,0,1,1271.4
2023-05-27,S01,C,298.8,17,0,0,5,1047.1
2024-08-21,S10,A,161.86,11,0,0,2,943.8
2023-06-16,S09,C,118.33,4,1,0,4,1219.8
2023-10-03,S07,A,122.39,9,0,0,1,774.8
2023-07-20,S01,C,225.22,14,0,0,3,665.8
2024-04-02,S02,A,307.41,34,0,0,1,823.9
2024-04-06,S04,C,308.52,15,0,0,5,1144.2
2023-02-10,S05,B,312.95,16,1,0,4,784.5
2023-02-08,S05,B,189.46,6,0,0,2,808.3
2024-10-18,S04,C,242.89,11,0,0,4,1056.9
2023-08-04,S03,A,154.35,9,0,0,4,645.4
2023-06-13,S04,C,193.35,12,0,0,1,1181.1
2024-10-31,S06,A,121.86,6,1,0,3,816.3
2024-07-12,S01,C,214.57,10,0,0,4,1075.5
2024-04-23,S05,B,227.77,13,0,0,1,1167.0
2024-01-28,S06,A,106.76,5,0,0,6,800.5
2024-06-17,S07,A,94.85,3,0,0,0,901.6
2024-02-20,S09,C,147.54,7,0,0,1,1105.3
2024-05-09,S09,C,141.16,6,1,0,3,1060.2
2024-08-12,S09,C,134.94,8,1,0,0,1212.1
2024-10-24,S05,B,198.42,9,0,0,3,1461.5
2024-06-19,S09,C,126.01,5,0,0,2,1041.8
2023-01-23,S04,C,240.0,24,0,0,0,1327.5
2023-08-08,S04,C,244.55,11,0,0,1,462.1
2023-11-10,S07,A,191.51,9,1,0,4,883.2
2024-03-22,S10,A,245.42,11,0,0,4,697.6
2023-07-02,S05,B,216.28,11,0,0,6,888.0
2024-11-12,S01,C,329.14,23,0,0,1,771.8
2024-05-27,S05,B,208.85,18,0,0,0,1051.3
2024-05-12,S03,A,173.95,8,0,0,6,1298.9
2023-03-21,S08,A,114.03,6,0,0,1,721.1
2023-10-15,S02,A,359.44,23,0,0,6,950.0
2023-01-01,S10,A,196.26,10,0,0,6,1112.7
2023-07-14,S05,B,227.66,10,0,0,4,669.0
2023-07-03,S09,C,84.73,3,0,0,0,1358.7
2024-04-25,S05,B,213.53,12,0,0,3,742.5
2023-01-26,S06,A,111.82,3,0,0,3,789.0
2024-07-25,S04,C,214.82,6,0,0,3,1503.0
2024-03-24,S06,A,111.05,5,0,0,6,1045.4
2024-10-20,S07,A,96.46,3,0,0,6,1387.7
2023-06-08,S02,A,326.25,17,0,0,3,1124.4
2023-10-23,S07,A,106.7,4,1,0,0,1013.4
2023-04-03,S05,B,170.29,9,0,0,0,947.0
2024-10-09,S05,B,222.96,10,0,0,2,991.9
2023-09-08,S09,C,117.09,4,0,0,4,978.1
2024-09-05,S03,A,132.9,8,0,0,3,1226.2
2024-05-17,S05,B,246.46,11,0,0,4,1324.7
2024-06-16,S01,C,304.07,25,0,0,6,574.9
2024-08-27,S03,A,117.58,5,0,0,1,888.6
2024-01-13,S06,A,120.96,5,0,0,5,1274.1
2024-04-28,S06,A,129.38,7,0,0,6,903.4
2024-02-18,S07,A,100.15,3,0,0,6,749.1
2024-05-11,S05,B,245.46,15,1,0,5,1171.4
2023-10-05,S10,A,203.69,10,0,0,3,594.1
2023-02-23,S10,A,184.54,7,0,0,3,774.5
2023-10-02,S06,A,109.85,7,0,0,0,1236.5
2024-10-19,S01,C,377.47,22,0,0,5,788.4
2024-10-29,S05,B,207.87,13,0,0,1,1044.7
2024-06-30,S08,A,147.66,5,0,0,6,1179.1
2023-04-25,S06,A,110.79,8,0,0,1,1266.7
2024-05-27,S08,A,95.7,6,0,0,0,1200.3
2024-03-22,S09,C,136.29,10,0,0,4,734.5
2023-03-08,S08,A,121.05,6,0,0,2,956.6
2023-10-29,S10,A,178.23,6,0,0,6,965.5
2023-02-05,S08,A,188.09,13,1,0,6,1143.1
2024-05-21,S04,C,202.95,22,0,0,1,999.1
2023-10-11,S02,A,281.23,11,0,0,2,833.4
2023-10-06,S04,C,178.19,10,0,0,4,1385.2
2023-05-16,S04,C,256.38,11,0,0,1,928.9
2024-05-28,S02,A,316.54,18,0,0,1,894.6
2023-02-17,S01,C,319.26,14,1,0,4,1398.5
2023-09-28,S04,C,201.32,19,0,0,3,1124.4
2023-11-30,S01,C,292.26,12,0,0,3,1430.1
2023-12-30,S08,A,149.09,6,0,0,5,1103.1
2023-05-20,S07,A,125.49,5,0,0,5,875.0
2023-12-25,S05,B,239.4,14,0,0,0,325.5
2024-10-17,S08,A,140.76,8,0,0,3,718.9
2024-06-10,S03,A,127.18,9,0,0,0,569.0
2024-07-18,S06,A,97.57,3,0,0,3,670.0
2023-12-04,S07,A,104.97,4,0,0,0,1049.8
2023-05-06,S07,A,111.81,4,0,0,5,1199.4
2024-09-11,S01,C,316.74,20,0,0,2,839.5
2023-12-18,S03,A,120.53,11,0,0,0,1329.2
2024-07-19,S02,A,281.31,12,0,0,4,1533.3
2024-07-31,S09,C,124.4,4,0,0,2,627.0
2023-05-06,S01,C,394.45,15,1,0,5,824.2
2024-08-02,S06,A,115.05,4,0,0,4,841.9
2024-06-18,S09,C,124.95,8,0,0,1,1013.4
2024-12-02,S10,A,221.13,15,0,0,0,769.7
2024-03-05,S09,C,146.78,7,0,0,1,895.5
2023-11-25,S05,B,268.43,15,0,0,5,1206.0
2023-10-21,S04,C,226.83,15,0,0,5,1356.3
2024-02-22,S06,A,91.45,3,0,0,3,1196.0
2024-06-10,S09,C,129.99,8,0,0,0,692.9
2024-05-06,S01,C,264.83,13,0,0,0,285.1
2023-07-05,S03,A,131.41,6,0,0,2,1022.7
2024-09-23,S07,A,108.45,6,0,0,0,796.8
2024-11-14,S06,A,149.49,5,0,0,3,1013.1
2024-12-11,S09,C,156.84,8,0,0,2,788.1
2023-07-30,S06,A,138.45,7,0,0,6,1214.9
2023-01-14,S04,C,202.8,11,0,0,5,1371.3
2024-06-07,S07,A,86.11,3,0,0,4,632.7
2024-05-17,S10,A,168.55,18,0,0,4,1219.7
2023-04-03,S09,C,120.14,7,0,0,0,853.8
2023-03-24,S04,C,265.13,8,0,0,4,937.2
2024-10-26,S02,A,404.87,17,0,0,5,931.5
2023-06-03,S02,A,355.82,17,0,0,5,348.5
2023-05-02,S05,B,228.08,14,0,0,1,703.0
2023-02-20,S05,B,166.66,8,0,0,0,785.0
2024-03-04,S06,A,122.08,5,0,0,0,456.5
2024-10-11,S02,A,297.8,15,0,0,4,1124.5
2023-07-19,S07,A,90.35,3,0,0,2,1130.5
2024-10-15,S01,C,226.37,8,0,0,1,1014.3
2023-11-04,S03,A,174.26,11,0,1,5,1362.0
2023-07-15,S09,C,110.23,9,0,0,5,1381.3
2023-05-19,S05,B,197.82,7,0,0,4,1025.8
2023-03-31,S05,B,241.32,11,0,0,4,901.2
2024-05-07,S05,B,187.0,7,0,0,1,1262.7
2023-02-15,S06,A,108.98,7,0,0,2,952.4
2024-07-31,S10,A,252.64,9,1,0,2,460.2
2024-11-07,S09,C,217.09,13,1,0,3,1118.6
2024-01-06,S10,A,208.14,8,0,0,5,674.2
2024-11-05,S04,C,329.17,24,1,1,1,1270.4
2024-04-29,S10,A,190.27,10,0,0,0,996.5
2024-04-19,S09,C,129.53,4,0,0,4,1206.5
2024-03-02,S09,C,122.63,6,0,0,5,711.9
2023-12-19,S03,A,157.65,8,0,0,1,1386.7
2024-02-18,S05,B,274.28,31,0,0,6,939.9
2023-12-27,S03,A,160.47,9,0,0,2,827.4
2024-12-15,S01,C,214.75,8,0,0,6,1074.9
2023-03-13,S04,C,241.73,11,0,0,0,559.7
2024-02-23,S07,A,93.94,4,0,0,4,663.5
2023-08-10,S05,B,209.27,13,0,0,3,744.0
2024-06-14,S02,A,225.27,14,0,0,4,1201.4
2023-10-20,S04,C,213.34,7,0,0,4,1233.9
2023-07-01,S01,C,254.21,12,0,0,5,794.2
2023-12-15,S07,A,198.27,14,1,0,4,871.0
2023-11-11,S02,A,470.32,23,0,0,5,1034.5
2023-07-02,S08,A,135.7,6,0,0,6,1135.2
2023-04-26,S06,A,110.01,5,0,0,2,599.0
2023-05-13,S05,B,249.18,11,0,0,5,1104.3
2024-03-07,S03,A,134.61,13,0,0,3,1289.6
2023-02-21,S01,C,200.61,9,0,0,1,1042.3
2023-06-18,S01,C,206.26,10,0,0,6,1149.7
2023-02-19,S10,A,227.42,9,0,0,6,1362.5
2024-10-24,S08,A,149.05,5,0,0,3,1207.5
2023-07-05,S07,A,84.16,4,0,0,2,1081.9
2023-05-19,S09,C,144.23,7,0,0,4,870.2
2024-07-15,S06,A,88.14,4,0,0,0,1098.0
2024-01-07,S10,A,234.48,8,0,0,6,949.2
2023-08-27,S07,A,122.91,5,0,0,6,743.7
2024-07-08,S02,A,296.68,23,0,0,0,898.2
2023-11-20,S07,A,114.14,7,0,0,0,596.5
2024-09-09,S03,A,121.86,6,0,0,0,1139.0
2023-06-04,S01,C,327.69,21,0,0,6,863.9
2023-05-02,S08,A,136.05,8,0,0,1,1165.2
2023-09-26,S02,A,329.56,13,0,0,1,1283.8
2023-10-27,S04,C,282.98,10,1,0,4,933.0
2024-07-05,S03,A,133.84,15,0,0,4,838.2
2024-09-23,S04,C,217.64,12,0,0,0,1251.4
2023-04-30,S02,A,299.64,13,0,0,6,1058.2
2024-07-31,S03,A,121.28,4,0,0,2,848.3
2024-06-13,S04,C,182.53,10,0,0,3,1269.9
2023-06-04,S03,A,126.98,4,0,0,6,799.8
2023-11-27,S02,A,395.91,28,0,0,0,987.6
2023-11-29,S05,B,268.99,9,0,0,2,1253.6
2023-09-11,S10,A,138.8,6,0,0,0,1448.5
2023-04-06,S04,C,215.53,9,0,0,3,1058.2
2024-04-29,S07,A,93.27,4,0,0,0,553.0
2024-03-09,S01,C,277.38,10,0,0,5,927.3
2023-03-15,S03,A,127.7,7,0,0,2,1127.8
2024-12-30,S10,A,325.22,16,1,0,0,847.8
2023-04-26,S07,A,107.27,5,0,0,2,863.6
2024-11-07,S08,A,164.91,9,1,0,3,1226.7
2023-11-26,S05,B,336.38,14,0,0,6,640.2
2024-10-16,S02,A,306.04,14,0,0,2,1257.5
2023-10-26,S03,A,134.39,6,0,0,3,940.3
2024-06-14,S06,A,96.23,4,1,0,4,1153.5
2024-05-31,S02,A,334.27,17,0,0,4,854.5
2023-08-04,S07,A,120.63,5,1,0,4,1159.2
2023-04-17,S03,A,181.4,7,1,0,0,641.0
2023-09-19,S07,A,106.86,3,0,0,1,804.8
2023-04-27,S08,A,137.73,6,0,0,3,811.8
2023-11-19,S03,A,172.37,11,0,0,6,965.9
2023-12-30,S07,A,139.91,7,0,0,5,837.1
2024-07-12,S09,C,119.17,8,0,0,4,976.0
2023-10-21,S09,C,147.06,7,0,0,5,1093.9
2024-03-25,S02,A,229.49,10,0,0,0,1301.4
2023-11-11,S01,C,360.48,16,0,0,5,1087.6
2024-05-13,S01,C,250.39,15,0,0,0,916.0
2023-01-15,S04,C,249.54,25,0,0,6,472.4
2024-12-25,S01,C,314.58,14,0,0,2,885.8
2023-12-24,S08,A,169.0,9,0,0,6,1101.0
2024-05-09,S07,A,116.27,5,0,0,3,1094.4
2023-10-06,S03,A,137.66,6,0,0,4,887.1
2023-03-13,S08,A,144.98,6,1,0,0,1498.4
2023-07-01,S10,A,172.23,9,0,0,5,916.7
2023-09-08,S03,A,116.85,7,0,0,4,1061.6
2024-03-12,S01,C,232.43,13,0,0,1,1308.9
2024-02-22,S02,A,291.8,14,0,0,3,1251.5
2024-10-20,S09,C,168.97,7,0,0,6,986.7
2023-02-09,S06,A,113.99,6,1,0,3,1282.2
2024-07-27,S02,A,292.19,14,0,0,5,794.4
2024-09-24,S01,C,215.22,11,0,0,1,943.9
2024-12-07,S02,A,503.03,17,0,0,5,833.8
2024-03-25,S03,A,110.8,5,0,0,0,894.4
2023-05-17,S06,A,122.23,7,0,0,2,690.4
2024-10-28,S01,C,246.18,15,0,0,0,1288.8
2024-08-22,S10,A,155.24,6,0,0,3,1235.6
2023-03-01,S06,A,112.07,6,0,0,2,562.7
2024-09-12,S06,A,122.12,5,0,0,3,975.7
2024-01-31,S03,A,147.97,8,0,0,2,928.8
2024-06-23,S03,A,174.49,7,0,0,6,562.8
2024-08-14,S08,A,164.38,6,0,0,2,947.4
2024-05-11,S09,C,180.71,8,0,0,5,560.6
2023-10-19,S05,B,239.83,7,0,0,3,1039.3
2024-12-20,S10,A,249.54,18,0,0,4,1046.7
2023-08-21,S07,A,72.25,5,0,0,0,1468.1
2024-07-18,S05,B,243.52,13,0,0,3,651.9
2024-01-12,S07,A,103.47,4,0,0,4,909.8
2023-12-11,S01,C,386.8,15,1,0,0,1075.6
2024-01-21,S02,A,354.1,15,0,0,6,1340.4
2024-02-18,S03,A,133.64,10,0,0,6,1535.4
2024-12-12,S06,A,167.01,8,1,0,3,604.7
2023-08-03,S04,C,219.94,31,0,0,3,860.0
2024-11-05,S01,C,277.05,11,0,1,1,1438.8
2024-05-22,S04,C,283.76,10,1,0,2,1264.2
2023-06-07,S02,A,346.33,17,1,0,2,1107.1
2024-02-12,S10,A,207.16,11,0,0,0,771.1
2023-04-23,S03,A,196.14,8,1,0,6,842.2
2023-10-06,S07,A,102.87,4,0,0,4,830.7
2024-09-25,S06,A,107.24,4,0,0,2,1439.2
2023-10-24,S08,A,116.0,5,0,0,1,1064.3
2023-09-08,S05,B,203.83,14,0,0,4,1065.2
2024-08-21,S09,C,111.37,8,0,0,2,1109.3
2023-12-13,S06,A,128.11,4,0,0,2,742.2
2023-03-09,S06,A,130.71,4,0,0,3,1055.2
2023-10-08,S09,C,143.12,5,0,0,6,1184.0
2023-12-01,S09,C,163.4,7,0,0,4,751.5
2023-03-14,S09,C,169.49,13,0,0,1,336.4
2023-02-11,S03,A,128.03,5,0,0,5,1503.3
2023-11-11,S07,A,140.72,12,0,0,5,1248.1
2023-06-01,S07,A,92.32,3,0,0,3,1123.2
2024-07-28,S06,A,94.49,4,0,0,6,822.5
2023-03-24,S06,A,101.67,3,0,0,4,1216.5
2023-11-23,S08,A,198.36,13,0,0,3,1151.0
2024-02-02,S05,B,200.87,11,0,0,4,1040.2
2023-03-03,S07,A,107.74,6,0,0,4,1290.8
2023-01-12,S05,B,202.45,11,0,0,3,1073.5
2023-02-11,S08,A,111.35,5,0,0,5,1250.1
2023-11-03,S10,A,252.94,10,0,0,4,447.1
2023-06-12,S06,A,81.78,3,0,0,0,695.7
2024-12-24,S07,A,158.53,5,1,0,1,576.2
2024-02-23,S06,A,145.88,7,1,0,4,551.4
2023-10-17,S07,A,98.45,4,0,0,1,1611.2
2024-11-13,S02,A,282.72,18,0,0,2,1193.2
2023-07-28,S03,A,122.8,10,0,0,4,1161.2
2023-03-17,S04,C,242.21,10,0,0,4,1059.7
2023-09-12,S07,A,78.04,8,0,0,1,1430.7
2024-02-01,S10,A,187.47,9,0,0,3,457.7
2023-12-04,S04,C,363.95,20,0,0,0,663.1
2024-07-26,S07,A,87.73,8,0,0,4,1363.0
2024-02-15,S08,A,97.1,5,0,0,3,1247.0
2023-09-02,S05,B,258.29,12,0,0,5,1710.8
2024-03-14,S01,C,361.88,18,1,0,3,1010.1
2023-04-17,S07,A,109.7,5,0,0,0,888.3
2024-01-27,S04,C,264.94,13,0,0,5,1040.4
2024-06-12,S08,A,104.66,10,0,0,2,1446.4
2024-07-07,S07,A,93.21,2,0,0,6,956.9
2024-06-22,S08,A,112.04,4,0,0,5,978.8
2024-07-27,S03,A,151.4,6,0,0,5,1348.4
2023-12-16,S09,C,178.39,14,0,0,5,788.3
2023-10-01,S09,C,156.36,5,0,0,6,848.0
2024-05-20,S03,A,139.26,9,0,0,0,897.5
2024-02-05,S01,C,177.62,9,0,0,0,1352.4
2023-06-06,S09,C,110.92,4,0,0,1,1173.2
2023-08-31,S08,A,152.93,7,0,0,3,1410.4
2024-01-10,S07,A,135.6,7,1,0,2,1049.0
2024-11-08,S02,A,401.39,28,0,0,4,965.2
2023-06-18,S08,A,125.03,9,0,0,6,1314.1
2023-03-27,S02,A,259.02,11,0,0,0,1116.9
2023-12-21,S07,A,131.79,6,0,0,3,861.9
2024-09-22,S04,C,281.41,34,0,0,6,1281.6
2023-03-31,S06,A,112.78,9,0,0,4,1094.8
2024-04-04,S03,A,124.24,7,0,0,3,876.4
2024-10-02,S02,A,315.08,17,0,0,2,1034.8
2024-08-10,S09,C,155.31,6,0,0,5,939.1
2023-02-03,S06,A,117.77,5,0,0,4,1118.0
2023-10-11,S10,A,202.52,7,1,0,2,1386.5
2023-11-05,S08,A,182.03,11,0,1,6,1448.1
2024-04-06,S02,A,289.56,10,0,0,5,1308.2
2023-05-15,S09,C,110.93,4,0,0,0,1279.7
2023-04-12,S06,A,170.29,9,1,0,2,385.0
2023-10-09,S07,A,110.59,9,0,0,0,764.0
2023-06-13,S02,A,306.51,15,1,0,1,962.8
2023-09-06,S10,A,181.23,7,0,0,2,889.8
2024-01-09,S01,C,249.83,13,0,0,1,951.9
2023-11-22,S02,A,346.12,13,0,0,2,1101.0
2024-11-07,S06,A,152.23,5,0,0,3,810.7
2024-08-10,S08,A,147.67,9,0,0,5,1665.6
2024-10-28,S06,A,117.76,5,0,0,0,1116.3
2024-08-11,S02,A,340.34,17,0,0,6,1426.7
2023-07-27,S01,C,222.78,12,0,0,3,1295.2
2024-03-21,S03,A,121.6,9,0,0,3,843.4
2024-12-14,S02,A,387.25,18,0,0,5,820.2
2024-06-24,S09,C,120.51,4,0,0,0,1200.5
2023-06-13,S06,A,87.55,6,0,0,1,1278.5
2024-04-09,S07,A,104.18,4,0,0,1,1362.5
2024-10-10,S05,B,171.82,10,0,0,3,1191.4
2023-09-05,S10,A,153.83,6,0,0,1,982.6
2024-10-23,S08,A,96.75,5,1,0,2,1170.8
2023-08-15,S06,A,119.52,4,0,0,1,1419.8
2023-10-23,S10,A,201.82,12,0,0,0,632.7
2024-06-16,S04,C,285.07,19,0,0,6,1300.0
2024-11-21,S05,B,289.23,15,0,0,3,788.7
2023-11-02,S10,A,202.48,11,0,0,3,840.0
2024-05-20,S04,C,194.7,11,0,0,0,1117.3
2024-08-09,S10,A,150.42,7,0,0,4,1072.6
2023-08-03,S02,A,359.89,15,1,0,3,1041.3
2024-05-25,S05,B,201.31,11,0,0,5,1437.1
2023-11-08,S09,C,226.64,9,1,0,2,351.6
2024-06-02,S09,C,124.7,7,0,0,6,1577.5
2024-11-20,S07,A,139.49,6,0,0,2,1170.4
2024-02-09,S06,A,105.58,5,0,0,4,1130.2
2023-12-02,S07,A,140.82,7,0,0,5,1064.7
2023-10-02,S05,B,265.81,10,1,0,0,386.6
2024-05-24,S03,A,102.31,4,0,0,4,606.1
2023-12-17,S07,A,251.19,13,1,0,6,531.9
2023-06-17,S10,A,239.76,10,0,0,5,794.0
2024-02-29,S10,A,247.9,13,1,0,3,761.1
2023-11-11,S08,A,163.94,8,0,0,5,924.7
2023-08-18,S05,B,276.33,13,1,0,4,781.3
2023-02-28,S01,C,252.58,12,0,0,1,968.7
2023-05-28,S01,C,302.55,20,0,0,6,799.5
2024-04-24,S10,A,204.12,9,0,0,2,664.9
2024-02-12,S01,C,260.32,28,0,0,0,584.2
2024-06-14,S09,C,102.67,6,0,0,4,1354.5
2023-12-01,S04,C,307.79,12,0,0,4,975.1
2024-05-14,S03,A,142.41,9,0,0,1,712.0
2024-04-03,S04,C,219.92,11,0,0,2,1181.9
2024-01-03,S03,A,119.53,8,0,0,2,947.7
2023-02-25,S10,A,223.02,12,0,0,5,1456.4
2024-06-07,S08,A,118.25,7,0,0,4,1162.8
2024-06-05,S06,A,86.87,4,0,0,2,1013.0
2023-10-12,S10,A,167.18,9,0,0,3,1353.7
2023-02-21,S03,A,118.73,8,0,0,1,1154.1
2024-04-17,S10,A,144.74,9,0,0,2,946.6
2023-04-19,S02,A,287.89,12,0,0,2,1317.6
2023-06-16,S05,B,210.98,12,0,0,4,965.6
2023-04-12,S03,A,135.11,8,0,0,2,897.2
2023-07-13,S02,A,267.94,13,0,0,3,1041.8
2023-04-26,S01,C,223.04,11,0,0,2,856.7
2023-10-11,S09,C,135.34,8,0,0,2,870.3
2024-08-17,S10,A,288.32,22,1,0,5,775.0
2023-01-12,S07,A,108.72,5,0,0,3,784.5
2023-03-16,S01,C,240.77,10,0,0,3,892.5
2024-12-02,S07,A,111.56,3,0,0,0,666.9
2024-08-30,S01,C,327.1,13,0,0,4,254.2
2024-06-01,S08,A,139.62,11,0,0,5,1319.0
2024-01-03,S06,A,128.01,9,1,0,2,1479.4
2024-08-13,S07,A,117.07,8,0,0,1,975.3
2023-03-25,S01,C,270.71,15,0,0,5,995.8
2023-01-12,S10,A,197.51,12,0,0,3,913.4
2024-04-20,S03,A,164.55,6,0,0,5,1252.3
2024-11-28,S05,B,273.89,11,0,0,3,723.2
2024-11-22,S09,C,186.09,9,0,0,4,240.5
2024-12-23,S05,B,225.46,9,0,0,0,944.0
2023-03-05,S06,A,98.97,6,0,0,6,1134.3
2024-03-22,S06,A,113.44,6,0,0,4,931.6
2024-03-12,S05,B,184.22,7,0,0,1,1135.4
2024-02-19,S03,A,129.4,6,0,0,0,785.2
2023-04-10,S02,A,294.64,14,0,0,0,1596.2
2023-03-29,S07,A,103.76,4,0,0,2,867.1
2024-05-01,S10,A,190.18,6,0,0,2,720.0
2024-06-15,S06,A,130.43,5,0,0,5,881.8
2024-06-06,S03,A,84.51,3,0,0,3,1208.2
2023-01-01,S05,B,191.01,16,0,0,6,1072.6
2023-11-02,S02,A,436.21,24,1,0,3,1172.7
2024-07-23,S02,A,276.67,11,0,0,1,884.2
2023-11-09,S05,B,280.32,17,0,0,3,823.0
2024-10-02,S08,A,140.35,5,0,0,2,1052.9
2023-09-24,S01,C,289.96,14,0,0,6,721.3
2023-09-07,S02,A,287.31,10,0,0,3,1382.3
2024-06-01,S04,C,238.49,15,0,0,5,1057.4
2024-01-21,S05,B,396.31,15,1,0,6,644.5
2024-05-08,S04,C,230.95,9,0,0,2,892.5
2024-04-22,S08,A,107.87,7,0,0,0,932.2
2023-06-21,S06,A,95.58,5,0,0,2,1037.0
2024-10-06,S09,C,144.71,5,0,0,6,1300.9
2024-11-02,S04,C,332.49,17,0,0,5,908.6
2024-10-07,S08,A,134.35,8,0,0,0,1053.8
2024-09-21,S04,C,302.22,20,1,0,5,565.4
2023-04-25,S09,C,107.38,5,0,0,1,1208.6
2023-11-23,S02,A,298.42,14,0,0,3,1097.0
2023-02-27,S05,B,214.41,13,0,0,0,1221.6
2024-01-12,S10,A,186.36,12,0,0,4,661.1
2024-01-09,S07,A,126.24,5,0,0,1,1146.1
2024-02-19,S07,A,109.32,5,0,0,0,1069.1
2023-03-27,S04,C,231.25,11,1,0,0,1277.3
2023-07-18,S03,A,137.56,11,0,0,1,819.7
2023-10-05,S05,B,237.62,11,0,0,3,1542.3
2024-08-14,S10,A,153.26,7,0,0,2,999.7
2024-05-07,S10,A,183.33,9,0,0,1,874.5
2024-06-05,S02,A,280.49,11,0,0,2,988.4
2023-04-27,S07,A,104.05,4,0,0,3,945.1
2024-10-23,S05,B,160.19,9,0,0,2,1285.4
2024-08-23,S03,A,124.71,6,0,0,4,483.7
2023-04-08,S02,A,371.7,12,0,0,5,1227.4
2023-09-28,S02,A,292.36,28,0,0,3,437.5
2024-03-25,S06,A,105.65,5,0,0,0,1239.8
2024-10-27,S06,A,128.04,6,0,0,6,1282.7
2024-01-20,S08,A,149.02,6,0,0,5,1333.2
2023-08-25,S09,C,119.01,11,0,0,4,1190.0
2024-02-16,S06,A,106.46,5,0,0,4,1255.0
2024-04-23,S01,C,271.48,12,0,0,1,1439.3
2024-02-18,S02,A,424.82,22,1,0,6,767.4
2023-10-23,S01,C,200.88,17,0,0,0,1560.7
2024-07-16,S06,A,84.94,5,0,0,1,920.9
2023-02-22,S05,B,180.03,8,0,0,2,1088.1
2023-09-03,S06,A,144.86,8,0,0,6,1229.3
2024-05-16,S07,A,133.68,6,1,0,3,1312.0
2023-07-04,S02,A,258.37,15,0,0,1,815.6
2024-08-21,S07,A,84.32,3,0,0,2,1239.2
2023-02-23,S08,A,158.37,8,0,0,3,531.0
2023-10-08,S07,A,149.36,6,1,0,6,835.0
2024-08-03,S02,A,348.49,14,0,0,5,921.9
2024-07-13,S07,A,102.84,4,0,0,5,878.5
2024-03-10,S02,A,320.2,12,0,0,6,1703.2
2023-11-14,S06,A,116.18,5,0,0,1,754.2
2023-03-20,S05,B,167.42,6,0,0,0,1205.1
2024-02-10,S08,A,113.28,6,0,0,5,1111.3
2023-05-21,S10,A,218.04,10,0,0,6,1125.9
2023-09-11,S08,A,131.04,7,0,0,0,100.0
2023-01-16,S05,B,275.11,14,1,0,0,790.1
2023-10-28,S10,A,211.23,12,0,0,5,1321.5
2023-06-18,S07,A,106.54,5,0,0,6,958.4
2023-10-18,S02,A,363.41,15,0,0,2,1191.5
2024-12-24,S06,A,151.09,6,0,0,1,820.8
2024-04-17,S02,A,249.37,11,0,0,2,1490.5
2024-01-22,S04,C,247.2,17,0,0,0,709.7
2023-10-01,S04,C,143.68,5,0,0,6,1023.9
2023-07-09,S06,A,173.55,9,1,0,6,551.8
2024-06-28,S03,A,109.72,5,0,0,4,1249.5
2023-02-26,S10,A,191.97,12,0,0,6,1570.0
2024-11-01,S10,A,262.72,10,0,0,4,1012.5
2024-08-08,S05,B,281.03,15,0,0,3,1014.1
2023-07-01,S07,A,91.18,5,0,0,5,1096.0
2023-07-26,S06,A,81.47,4,0,0,2,955.2
2023-01-13,S08,A,101.93,5,0,0,4,820.2
2023-12-06,S05,B,270.97,16,0,0,2,1221.0
2023-11-29,S08,A,173.71,8,0,0,2,848.9
2024-12-29,S03,A,180.35,8,0,0,6,1013.0
2024-09-02,S03,A,118.65,4,0,0,0,784.6
2023-10-25,S06,A,87.97,4,0,0,2,1192.9
2023-04-09,S01,C,330.68,14,1,0,6,1299.0
2023-08-19,S01,C,282.82,12,0,0,5,1284.0
2023-01-20,S01,C,307.77,14,0,0,4,1005.5
2023-04-24,S10,A,148.88,8,0,0,0,1062.3
2024-05-23,S09,C,154.85,7,0,0,3,1092.2
2023-03-11,S10,A,184.76,7,0,0,5,678.4
2024-12-27,S02,A,409.61,29,0,0,4,903.0
2023-03-02,S07,A,95.95,4,0,0,3,936.7
2024-03-03,S07,A,105.05,4,0,0,6,1137.7
2023-01-31,S02,A,297.24,14,0,0,1,1383.5
2024-10-26,S01,C,346.67,31,0,0,5,418.4
2023-12-09,S01,C,391.14,17,0,0,5,1012.1
2024-12-04,S05,B,233.06,7,0,0,2,871.2
2023-04-17,S01,C,246.24,17,0,0,0,1293.5
2024-12-10,S02,A,370.33,18,0,0,1,873.8
2024-12-16,S10,A,231.71,8,0,0,0,929.0
2023-09-14,S06,A,113.04,8,0,0,3,1436.7
2024-12-30,S06,A,157.52,6,1,0,0,1163.7
2023-04-17,S10,A,189.12,8,0,0,0,1249.1
2023-09-10,S05,B,305.13,18,0,0,6,808.0
2023-08-09,S06,A,122.67,3,0,0,2,999.5
2023-05-05,S04,C,286.08,18,0,0,4,305.2
2023-01-02,S07,A,99.11,4,1,0,0,1103.1
2023-11-09,S01,C,334.34,16,0,0,3,1427.2
2024-12-29,S06,A,121.37,4,0,0,6,1389.3
2024-04-09,S03,A,107.14,4,0,0,1,400.0
2024-04-20,S05,B,271.95,12,0,0,5,1137.6
2023-03-23,S06,A,138.54,7,1,0,3,1079.0
2023-11-03,S08,A,153.57,8,0,0,4,857.2
2024-11-29,S01,C,324.2,17,0,0,4,1118.9
2024-07-14,S01,C,237.43,11,0,0,6,1642.3
2023-04-06,S10,A,200.49,10,0,0,3,799.7
2024-10-04,S08,A,139.5,7,0,0,4,1316.0
2024-05-04,S04,C,257.98,11,0,0,5,684.7
2023-01-23,S06,A,92.8,3,0,0,0,766.7
2024-09-09,S01,C,262.46,11,0,0,0,1114.4
2023-12-02,S05,B,436.72,33,1,0,5,1265.7
2024-08-12,S06,A,92.85,6,0,0,0,1198.4
2023-09-06,S06,A,101.71,4,0,0,2,685.0
2023-02-26,S03,A,156.88,7,0,0,6,860.6
2023-12-10,S07,A,162.62,7,0,0,6,953.6
2024-09-29,S04,C,318.69,17,0,0,6,980.2
2024-09-10,S02,A,344.52,11,0,0,1,556.0
2023-06-19,S04,C,162.12,7,0,0,0,1443.4
2024-11-20,S04,C,252.83,12,0,0,2,1208.3
2023-04-15,S06,A,135.92,9,0,0,5,1132.9
2023-12-11,S07,A,108.98,6,0,0,0,841.7
2024-04-01,S06,A,110.25,4,0,0,0,1088.9
2023-04-06,S05,B,249.1,11,0,0,3,669.3
2024-12-29,S02,A,439.39,18,0,0,6,952.6
2023-10-01,S06,A,136.91,11,0,0,6,866.0
2024-12-17,S06,A,155.87,7,0,0,1,770.6
2024-04-18,S06,A,94.54,4,0,0,3,915.7
2024-12-04,S08,A,190.39,9,0,0,2,651.9
2023-05-02,S09,C,133.52,6,0,0,1,1044.8
2024-06-09,S05,B,201.23,7,0,0,6,1416.6
2024-07-05,S02,A,215.01,11,0,0,4,1623.7
2024-12-29,S08,A,144.57,9,0,0,6,1309.1
2023-06-02,S08,A,156.66,6,1,0,4,704.6
2024-02-03,S08,A,130.45,8,0,0,5,1011.3
2024-12-22,S03,A,182.97,7,0,0,6,611.9
2023-05-11,S01,C,259.48,9,0,0,3,833.2
2024-12-15,S07,A,126.25,7,0,0,6,1535.0
2024-07-23,S10,A,165.68,8,0,0,1,1074.9
2023-01-17,S01,C,228.51,19,0,0,1,961.6
2024-02-11,S08,A,147.41,6,1,0,6,1503.6
2024-08-03,S01,C,279.23,10,0,0,5,1188.6
2023-04-06,S07,A,120.29,7,0,0,3,1160.4
2024-01-15,S02,A,258.88,22,0,0,0,923.6
2023-11-20,S05,B,241.68,10,0,0,0,1176.1
2023-10-14,S10,A,137.46,8,0,0,5,1525.7
2024-01-13,S08,A,159.27,6,0,0,5,1102.6
2024-03-19,S04,C,254.63,12,0,0,1,549.3
2024-05-12,S04,C,276.16,31,0,0,6,696.7
2024-08-24,S06,A,124.93,8,0,0,5,441.3
2023-10-24,S02,A,382.41,17,0,0,1,883.9
2024-08-21,S01,C,220.12,12,0,0,2,1247.5
2023-08-09,S01,C,274.91,11,0,0,2,613.2
2023-01-10,S09,C,116.07,4,0,0,1,1107.1
2024-12-27,S08,A,140.32,5,0,0,4,965.2
2023-09-13,S08,A,190.08,10,1,0,2,395.5
2023-11-15,S04,C,320.91,15,0,0,2,384.0
2023-01-26,S04,C,208.82,10,0,0,3,1210.1
2024-01-28,S04,C,216.7,9,0,0,6,675.1
2024-02-24,S10,A,226.94,10,0,0,5,1226.1
2023-05-25,S06,A,89.66,3,0,0,3,806.3
2024-07-07,S10,A,176.44,12,0,0,6,1626.2
2023-06-14,S09,C,119.08,7,0,0,2,1524.4
2024-04-13,S03,A,151.21,9,0,0,5,905.8
2024-04-17,S04,C,175.86,6,0,0,2,1625.9
2024-02-04,S02,A,341.91,26,0,0,6,756.3
2023-06-19,S07,A,83.85,7,0,0,0,1025.4
2023-11-16,S02,A,444.22,28,0,0,3,176.4
2024-09-11,S08,A,143.04,6,0,0,2,426.7
2024-09-21,S06,A,142.0,10,0,0,5,659.4
2024-03-25,S10,A,169.04,8,0,0,0,1385.9
2023-04-26,S05,B,303.91,14,1,0,2,1047.0
2023-08-14,S06,A,126.79,5,0,0,0,1124.1
2024-11-26,S10,A,186.45,7,0,0,1,880.1
2023-06-18,S03,A,148.31,5,0,0,6,377.7
2023-11-14,S01,C,302.38,12,0,0,1,282.7
2023-07-25,S07,A,102.87,6,0,0,1,951.4
2024-02-14,S01,C,360.17,18,1,0,2,393.7
2024-12-13,S03,A,185.3,7,1,0,4,1115.7
2023-11-07,S09,C,173.05,10,0,0,1,566.3
2024-03-30,S09,C,130.82,6,0,0,5,1385.5
2024-01-08,S04,C,245.92,11,0,0,0,966.1
2024-10-01,S08,A,114.15,5,0,0,1,1539.3
2024-06-26,S04,C,217.93,10,0,0,2,700.9
2023-07-24,S10,A,134.3,6,0,0,0,888.5
2024-05-12,S07,A,135.58,4,0,0,6,502.0
2023-12-31,S04,C,308.31,10,0,0,6,937.3
2024-12-21,S08,A,191.6,10,0,0,5,1359.6
2023-03-04,S04,C,236.62,12,0,0,5,876.8
2024-10-10,S10,A,204.29,9,0,0,3,1285.8
2024-12-03,S09,C,151.44,8,0,0,1,1101.3
2024-08-11,S04,C,245.98,9,0,0,6,1093.3
2023-01-27,S03,A,131.62,6,0,0,4,1250.2
2024-07-27,S01,C,268.12,12,0,0,5,1139.0
2023-12-03,S10,A,257.66,9,0,0,6,967.8
2024-02-11,S02,A,506.75,17,1,0,6,581.7
2024-07-07,S05,B,225.99,7,0,0,6,839.4
2024-09-21,S05,B,215.11,20,0,0,5,875.4
2024-08-29,S06,A,121.68,6,0,0,3,891.0
2024-10-23,S07,A,107.3,4,0,0,2,996.5
2023-06-30,S03,A,143.54,7,0,0,4,540.5
2024-04-18,S07,A,120.2,6,0,0,3,750.4
2024-12-30,S04,C,341.33,12,1,0,0,802.0
2023-08-27,S06,A,156.96,9,0,0,6,378.6
2024-10-31,S05,B,285.58,9,0,0,3,131.7
2024-07-29,S10,A,200.68,10,0,0,0,606.0
2023-07-15,S10,A,171.64,7,0,0,5,1114.2
2023-10-25,S07,A,143.55,7,1,0,2,698.7
2023-02-18,S09,C,163.3,5,0,0,5,825.8
2023-07-04,S04,C,242.98,14,0,0,1,967.0
2023-06-23,S05,B,212.98,6,0,0,4,1044.8
2023-10-19,S02,A,275.65,16,0,0,3,435.9
2023-11-18,S10,A,326.72,15,0,0,5,447.4
2023-01-15,S07,A,133.52,6,0,0,6,489.0
2024-07-17,S01,C,242.78,11,0,0,2,1106.4
2023-07-18,S07,A,123.53,7,0,0,1,866.3
2023-05-17,S10,A,170.53,8,0,0,2,1407.0
2024-10-16,S07,A,102.27,5,0,0,2,1012.7
2024-08-28,S02,A,267.05,24,0,0,2,1045.6
2023-10-09,S02,A,274.15,13,0,0,0,1222.3
2023-03-07,S10,A,162.0,7,0,0,1,1284.3
2023-06-29,S05,B,246.85,10,0,0,3,727.4
2023-09-09,S02,A,341.68,23,0,0,5,867.9
2023-12-06,S08,A,182.38,9,0,0,2,920.3
2024-03-04,S03,A,96.66,7,0,0,0,1544.3
2023-04-25,S08,A,139.21,4,0,0,1,815.8
2023-11-24,S03,A,155.35,10,0,0,4,1034.3
2023-03-02,S09,C,134.59,9,0,0,3,1050.6
2024-09-20,S08,A,109.46,4,0,0,4,1320.9
2024-11-20,S06,A,136.39,8,0,0,2,548.0
2023-12-25,S03,A,132.83,12,0,0,0,945.5
2023-07-13,S01,C,174.51,8,0,0,3,512.3
2023-01-20,S08,A,143.8,6,0,0,4,856.7
2023-10-21,S02,A,311.59,28,0,0,5,917.2
2023-08-21,S08,A,114.0,6,0,0,0,1392.8
2024-03-14,S10,A,189.18,5,0,0,3,487.8
2023-03-18,S07,A,98.22,3,0,0,5,1195.1
2024-03-25,S07,A,93.73,5,0,0,0,1079.9
2024-02-26,S09,C,181.25,6,1,0,0,1048.2
2023-11-22,S06,A,146.94,7,0,0,2,909.5
2023-01-21,S03,A,132.27,11,0,0,5,767.9
2023-12-18,S01,C,252.8,14,0,0,0,1462.2
2024-05-08,S02,A,360.71,17,0,0,2,544.8
2024-10-01,S01,C,265.24,18,0,0,1,903.2
2024-07-07,S06,A,100.3,4,0,0,6,874.9
2023-06-23,S04,C,191.61,10,0,0,4,1277.7
2024-08-02,S02,A,225.22,10,0,0,4,1257.2
2023-10-05,S08,A,127.48,5,0,0,3,1343.0
2023-06-20,S08,A,118.37,6,0,0,1,869.2
2024-06-01,S03,A,149.32,6,0,0,5,856.9
2024-06-08,S10,A,206.86,12,0,0,5,1281.4
2024-07-29,S08,A,115.28,5,0,0,0,1090.8
2023-12-14,S05,B,261.3,17,0,0,3,1004.0
2024-10-14,S09,C,147.26,10,1,0,0,1835.8
2024-08-08,S06,A,155.72,8,1,0,3,1120.1
2023-03-27,S05,B,223.57,14,0,0,0,722.4
2024-07-22,S06,A,91.7,4,0,0,0,1581.8
2024-09-28,S04,C,248.03,14,0,0,5,272.7
2024-04-18,S08,A,138.41,7,0,0,3,1512.9
2024-02-14,S08,A,160.6,5,0,0,2,608.8
2023-08-05,S01,C,215.43,13,0,0,5,1208.0
2023-03-11,S09,C,139.25,5,0,0,5,1311.7
2024-12-24,S03,A,188.54,12,1,0,1,1526.9
2023-10-27,S10,A,158.37,6,0,0,4,1476.5
2024-01-05,S07,A,147.38,6,0,0,4,115.9
2023-06-13,S07,A,86.19,4,0,0,1,1080.4
2023-12-12,S08,A,167.56,9,0,0,1,932.9
2023-12-25,S02,A,433.48,22,0,0,0,882.3
2023-05-10,S02,A,303.76,11,0,0,2,556.9
2024-04-10,S10,A,177.35,8,0,0,2,1099.9
2024-10-20,S06,A,120.86,4,0,0,6,819.5
2024-07-15,S07,A,97.86,3,0,0,0,1141.3
2023-07-05,S04,C,175.87,8,0,0,2,1232.5
2024-06-07,S03,A,106.14,4,0,0,4,958.7
2024-01-12,S04,C,285.41,11,1,0,4,1584.7
2023-11-27,S05,B,282.34,12,0,0,0,784.6
2024-12-19,S06,A,130.3,5,0,0,3,1318.3
2024-07-26,S08,A,129.02,5,0,0,4,905.0
2024-01-10,S04,C,240.8,14,0,0,2,1002.8
2023-12-11,S06,A,111.85,3,0,0,0,979.9
2023-07-19,S09,C,113.28,4,0,0,2,1259.1
2023-03-08,S04,C,249.28,10,0,0,2,1129.6
2024-04-22,S10,A,162.22,6,0,0,0,843.4
2024-06-19,S04,C,211.16,7,0,0,2,718.9
2024-01-10,S09,C,119.39,5,0,0,2,1389.2
2024-03-17,S04,C,209.11,12,0,0,6,1076.8
2024-04-19,S05,B,240.39,10,0,0,4,625.0
2024-07-07,S01,C,410.11,16,1,0,6,579.1
2024-07-11,S06,A,92.76,5,0,0,3,999.5
2023-03-12,S10,A,276.27,11,1,0,6,1334.3
2023-05-09,S03,A,116.24,6,0,0,1,1327.3
2024-08-09,S05,B,223.55,25,0,0,4,1087.2
2024-05-21,S09,C,135.67,6,0,0,1,1112.9
2023-09-25,S06,A,89.54,4,0,0,0,958.9
2024-11-08,S07,A,102.94,7,0,0,4,1430.7
2024-02-07,S10,A,209.64,21,0,0,2,1156.2
2023-05-11,S07,A,101.87,3,0,0,3,1284.9
2024-07-03,S07,A,111.09,4,0,0,2,1355.5
2024-07-04,S05,B,199.08,9,0,0,3,976.4
2023-08-12,S08,A,207.8,9,1,0,5,1428.6
2023-11-27,S03,A,229.65,9,1,0,0,1191.0
2024-07-13,S03,A,139.81,6,0,0,5,1150.4
2023-07-23,S09,C,118.11,4,0,0,6,937.9
2023-06-02,S10,A,152.07,10,0,0,4,1275.7
2023-06-16,S04,C,137.79,5,0,0,4,1717.6
2024-06-29,S01,C,248.48,11,0,0,5,229.7
2024-12-22,S06,A,235.55,10,1,0,6,1107.7
2024-12-25,S03,A,165.51,6,0,0,2,1171.1
2023-12-29,S08,A,155.64,7,0,0,4,781.4
2024-07-27,S10,A,228.6,15,1,0,5,1203.1
2024-05-29,S08,A,160.4,7,0,0,2,883.9
2024-05-04,S02,A,353.99,12,0,0,5,750.1
2023-09-27,S04,C,198.8,7,0,0,2,1400.3
2023-11-03,S01,C,294.8,15,0,0,4,971.5
2023-06-09,S08,A,150.31,7,1,0,4,880.0
2024-11-01,S01,C,381.46,13,1,0,4,427.1
2023-09-30,S10,A,225.83,9,0,0,5,1189.7
2023-09-20,S06,A,102.55,4,0,0,2,893.7
2024-08-14,S06,A,139.49,22,0,0,2,688.8
2023-11-12,S08,A,131.19,7,0,0,6,1472.9
2023-11-28,S05,B,287.14,15,0,0,1,1606.7
2023-06-22,S03,A,117.94,7,0,0,3,848.9
2024-06-11,S10,A,165.91,9,0,0,1,1579.2
2024-10-28,S09,C,121.24,12,0,0,0,553.0
2023-04-16,S10,A,246.82,10,0,0,6,849.6
2024-04-08,S07,A,122.57,7,0,0,0,797.2
2023-11-21,S03,A,130.42,7,0,0,1,1000.7
2023-06-17,S09,C,165.59,5,0,0,5,1214.7
2024-11-20,S03,A,155.13,7,0,0,2,829.0
2024-09-29,S05,B,261.66,15,0,0,6,628.8
2024-10-24,S09,C,115.3,6,0,0,3,911.6
2023-06-25,S08,A,102.45,4,0,0,6,1776.4
2024-08-24,S10,A,262.35,12,0,0,5,621.4
2024-02-24,S02,A,421.8,29,0,0,5,502.4
2024-05-26,S07,A,107.22,5,0,0,6,528.6
2023-02-26,S04,C,289.85,16,0,0,6,922.3
2023-10-07,S01,C,267.59,12,0,0,5,884.2
2023-03-28,S04,C,267.82,15,0,0,1,980.9
2023-05-29,S05,B,202.36,7,0,0,0,1344.9
2024-12-04,S06,A,143.28,10,0,0,2,1236.7
2024-08-20,S08,A,147.97,7,0,0,1,971.9
2024-05-28,S05,B,284.44,13,0,0,1,599.3
2023-01-21,S07,A,124.14,7,0,0,5,1144.3
2024-03-24,S09,C,169.43,7,0,0,6,1078.2
2024-11-24,S09,C,171.21,6,0,0,6,1297.1
2023-03-29,S01,C,214.24,11,0,0,2,1195.5
2024-03-25,S04,C,273.98,16,0,0,0,1060.3
2024-11-22,S01,C,406.79,22,1,0,4,761.4
2023-02-20,S03,A,133.04,6,0,0,0,1208.9
2023-04-13,S09,C,168.66,8,1,0,3,944.2
2024-01-20,S01,C,179.35,12,0,0,5,1394.9
2023-09-27,S01,C,264.09,15,0,0,2,1284.3
2024-07-12,S02,A,228.1,11,0,0,4,1137.3
2024-11-06,S07,A,162.08,8,1,1,2,790.1
2024-05-20,S07,A,76.26,3,0,0,0,1215.1
2023-06-07,S01,C,254.75,11,0,0,2,817.5
2023-10-05,S04,C,180.73,13,0,0,3,852.1
2024-08-22,S02,A,282.17,13,0,0,3,1447.0
2023-10-01,S02,A,359.94,14,0,0,6,1027.3
2024-09-16,S03,A,105.35,4,0,0,0,725.2
2023-03-22,S05,B,205.11,8,0,0,2,663.2
2024-08-07,S08,A,166.11,8,0,0,2,799.2
2023-12-31,S06,A,170.71,9,0,0,6,678.9
2023-09-03,S05,B,221.84,8,0,0,6,1317.9
2024-04-04,S09,C,176.75,9,1,0,3,759.6
2023-11-07,S05,B,245.21,12,0,0,1,1323.4
2024-12-08,S04,C,341.4,14,0,0,6,1038.4
2024-05-02,S06,A,91.22,3,0,0,3,1673.4
2024-08-18,S10,A,168.89,11,0,0,6,1138.1
2023-01-21,S01,C,252.37,10,0,0,5,1227.1
2024-09-19,S09,C,127.84,12,0,0,3,989.7
2023-11-06,S10,A,224.72,15,0,1,0,787.0
2024-09-10,S05,B,240.79,8,0,0,1,910.7
2024-12-17,S02,A,393.17,26,0,0,1,1139.1
2023-08-16,S09,C,108.56,4,0,0,2,1115.8
2023-12-23,S02,A,333.77,21,0,0,5,1233.7
2024-08-12,S03,A,161.66,10,1,0,0,962.2
2024-03-23,S05,B,250.2,9,0,0,5,812.8
2024-10-05,S03,A,139.98,6,0,0,5,1138.9
2024-03-27,S05,B,255.3,11,0,0,2,806.8
2024-08-02,S05,B,193.68,16,0,0,4,1410.7
2023-02-09,S02,A,283.21,15,0,0,3,981.2
2024-11-04,S07,A,110.68,5,0,1,0,376.1
2024-07-15,S09,C,116.44,6,0,0,0,1130.8
2024-06-09,S09,C,106.33,3,0,0,6,1391.9
2023-05-30,S06,A,153.8,8,1,0,1,521.6
2023-09-27,S06,A,81.67,4,0,0,2,1070.5
2023-07-22,S08,A,155.09,7,0,0,5,1096.1
2024-06-08,S09,C,155.03,5,0,0,5,732.3
2024-06-30,S04,C,225.43,10,0,0,6,798.1
2023-09-14,S09,C,128.99,4,0,0,3,771.5
2023-01-07,S05,B,211.17,10,0,0,5,1064.2
2024-01-24,S05,B,258.7,27,0,0,2,1080.1
2023-07-26,S03,A,130.78,6,0,0,2,1125.0
2024-06-11,S07,A,84.37,4,0,0,1,1577.5
2023-02-19,S03,A,158.19,10,0,0,6,963.7
2023-02-07,S10,A,213.21,9,0,0,1,631.7
2024-09-25,S02,A,313.67,15,0,0,2,688.6
2024-04-30,S10,A,200.2,14,0,0,1,1075.1
2024-09-28,S01,C,284.35,12,0,0,5,870.6
2024-02-04,S04,C,199.55,10,0,0,6,1671.1
2024-05-03,S08,A,120.44,7,0,0,4,1362.9
2023-04-18,S07,A,103.03,5,0,0,1,1233.8
2023-03-29,S09,C,133.1,6,0,0,2,1510.0
2023-02-03,S08,A,164.25,9,0,0,4,1059.3
2024-11-17,S04,C,338.68,28,1,0,6,1149.9
2024-10-05,S10,A,206.85,9,0,0,5,1337.9
2023-04-12,S07,A,120.57,9,0,0,2,1127.6
2023-05-08,S06,A,83.33,3,0,0,0,1351.5
2024-01-15,S09,C,116.98,5,0,0,0,749.7
2024-03-31,S02,A,381.59,20,0,0,6,930.8
2023-12-01,S03,A,149.57,13,0,0,4,1073.6
2024-05-06,S02,A,277.58,23,0,0,0,1384.4
2024-10-03,S04,C,251.93,10,0,0,3,1106.8
2023-04-10,S06,A,106.41,5,0,0,0,712.0
2023-07-18,S02,A,318.75,13,0,0,1,536.7
2024-03-05,S08,A,114.01,7,0,0,1,870.8
2023-01-17,S02,A,279.37,21,0,0,1,1061.0
2024-07-21,S06,A,107.27,5,0,0,6,1089.8
2024-11-18,S04,C,309.29,10,1,0,0,1195.9
2024-10-16,S06,A,99.03,4,0,0,2,1502.8
2024-04-24,S09,C,118.02,4,0,0,2,1088.8
2023-05-31,S01,C,225.14,18,0,0,2,712.4
2024-01-20,S04,C,239.09,10,0,0,5,715.0
2024-06-06,S06,A,96.0,6,0,0,3,838.0
2023-09-19,S04,C,234.88,13,0,0,1,891.5
2023-12-13,S02,A,355.73,18,0,0,2,1030.0
2023-04-13,S02,A,260.72,12,0,0,3,841.2
2023-11-04,S04,C,338.68,17,0,1,5,876.0
2024-01-30,S04,C,269.71,15,1,0,1,1036.9
2023-06-08,S06,A,78.91,2,0,0,3,1088.5
2023-07-15,S06,A,106.52,6,0,0,5,820.1
2023-11-12,S03,A,173.71,6,0,0,6,1234.4
2024-09-26,S10,A,214.92,9,0,0,3,1298.8
2023-01-04,S05,B,200.61,10,0,0,2,897.2
2024-02-06,S05,B,240.62,8,0,0,1,970.6
2023-03-19,S06,A,104.78,5,0,0,6,1200.6
2023-09-13,S07,A,107.2,4,0,0,2,998.8
2023-05-28,S09,C,206.31,7,1,0,6,834.1
2024-12-10,S10,A,304.96,16,0,0,1,717.5
2024-07-02,S07,A,115.62,6,0,0,1,1002.6
2024-09-15,S06,A,147.39,12,0,0,6,1395.2
2023-05-17,S04,C,257.15,9,1,0,2,883.8
2024-12-05,S02,A,434.43,16,0,0,3,742.0
2023-09-19,S03,A,124.42,6,0,0,1,1211.0
2023-10-10,S05,B,209.34,9,0,0,1,802.5
2023-07-24,S02,A,310.84,19,0,0,0,1063.1
2023-01-25,S02,A,381.26,19,1,0,2,1223.0
2023-07-26,S02,A,250.25,15,0,0,2,1585.9
2023-08-25,S04,C,209.67,7,0,0,4,1259.6
2023-03-02,S01,C,230.39,13,0,0,3,1570.4
2023-09-01,S06,A,140.05,5,0,0,4,100.0
2024-06-23,S04,C,243.67,10,0,0,6,920.7
2024-09-23,S01,C,252.63,15,0,0,0,788.9
2023-10-16,S09,C,137.27,9,0,0,0,902.5
2024-09-08,S05,B,211.38,16,0,0,6,1010.1
2023-03-06,S07,A,97.91,4,0,0,0,1325.7
2024-01-25,S01,C,277.41,20,0,0,3,516.0
2023-12-22,S07,A,119.54,5,0,0,4,1019.7
2023-11-17,S03,A,187.38,14,0,0,4,159.4
2023-06-02,S09,C,133.86,5,0,0,4,943.5
2024-11-28,S06,A,119.84,8,0,0,3,947.4
2023-05-07,S08,A,140.86,6,0,0,6,519.9
2023-07-09,S10,A,198.69,8,0,0,6,776.4
2024-04-10,S09,C,122.16,5,0,0,2,1078.5
2023-10-28,S06,A,104.14,6,0,0,5,706.9
2023-10-01,S05,B,232.97,12,0,0,6,837.9
2024-12-11,S02,A,336.78,24,0,0,2,836.6
2023-01-19,S10,A,152.69,8,0,0,3,697.6
2023-06-30,S07,A,85.6,4,0,0,4,828.9
2023-04-08,S06,A,121.46,5,0,0,5,1075.7
2023-10-02,S08,A,123.61,4,0,0,0,996.9
2023-07-24,S08,A,113.59,4,0,0,0,986.2
2023-09-13,S09,C,122.33,6,0,0,2,748.4
2023-04-19,S03,A,145.13,6,1,0,2,1132.4
2023-02-17,S05,B,199.84,13,0,0,4,890.5
2023-10-18,S05,B,221.88,8,0,0,2,649.6
2024-04-29,S04,C,219.02,10,0,0,0,812.9
2024-10-01,S07,A,136.72,5,0,0,1,845.5
2024-02-16,S08,A,96.63,5,0,0,4,901.0
2023-12-05,S06,A,107.07,6,0,0,1,1316.7
2024-03-31,S06,A,154.94,5,0,0,6,845.4
2023-04-29,S05,B,320.95,29,0,0,5,1104.0
2024-10-04,S01,C,264.72,14,0,0,4,658.3
2024-05-20,S02,A,246.75,12,0,0,0,1220.4
2024-06-15,S02,A,334.98,13,0,0,5,1206.5
2023-09-01,S04,C,202.02,11,0,0,4,1336.4
2024-11-25,S10,A,193.34,8,0,0,0,702.8
2024-07-15,S02,A,296.85,14,0,0,0,759.0
2023-08-28,S02,A,333.17,15,0,0,0,1181.1
2023-03-18,S10,A,231.48,9,0,0,5,945.0
2023-06-18,S06,A,128.67,6,0,0,6,663.5
2023-01-14,S01,C,326.37,24,0,0,5,730.5
2023-10-19,S10,A,188.3,6,0,0,3,1088.2
2023-11-14,S02,A,386.54,29,0,0,1,925.1
2023-12-11,S05,B,221.15,10,0,0,0,1568.7
2024-09-15,S02,A,361.9,14,0,0,6,675.0
2024-07-11,S09,C,113.75,6,0,0,3,1123.2
2024-03-18,S07,A,106.85,5,0,0,0,751.3
2024-06-17,S05,B,184.28,8,0,0,0,726.3
2023-02-16,S07,A,93.27,6,0,0,3,1360.1
2024-09-18,S06,A,99.06,5,0,0,2,909.2
2024-07-27,S05,B,238.17,17,0,0,5,692.2
2023-11-06,S03,A,198.48,11,1,1,0,872.6
2024-01-13,S03,A,149.88,7,0,0,5,1272.0
2024-06-03,S02,A,265.93,11,0,0,0,1197.8
2024-06-06,S07,A,100.36,6,0,0,3,780.0
2024-06-23,S01,C,371.34,22,1,0,6,670.7
2023-03-28,S01,C,263.44,13,0,0,1,1111.6
2024-12-28,S01,C,350.56,16,0,0,5,777.5
